{
    "root_group": {
        "name": "",
        "path": "",
        "id": "d41d8cd98f00b204e9800998ecf8427e",
        "groups": {},
        "checks": {
                "статус 200": {
                    "name": "статус 200",
                    "path": "::статус 200",
                    "id": "63fd587a2004924fac2f18b343720cda",
                    "passes": 5801,
                    "fails": 0
                },
                "ответ не пустой": {
                    "id": "1c568cf298ad7d73e64d124a4ad0618f",
                    "passes": 5801,
                    "fails": 0,
                    "name": "ответ не пустой",
                    "path": "::ответ не пустой"
                }
            }
    },
    "metrics": {
        "http_req_waiting": {
            "med": 28.940707,
            "max": 317.708088,
            "p(90)": 75.790297,
            "p(95)": 105.211716,
            "avg": 41.14241898138246,
            "min": 8.966361
        },
        "http_req_duration{expected_response:true}": {
            "med": 29.06717,
            "max": 317.814708,
            "p(90)": 75.95523,
            "p(95)": 105.315246,
            "avg": 41.298463607309216,
            "min": 9.058347
        },
        "data_sent": {
            "count": 608509,
            "rate": 9969.068691478835
        },
        "iteration_duration": {
            "avg": 1042.2251236964357,
            "min": 1009.738573,
            "med": 1030.005888,
            "max": 1321.683462,
            "p(90)": 1077.201956,
            "p(95)": 1105.884325
        },
        "vus_max": {
            "max": 100,
            "value": 100,
            "min": 100
        },
        "vus": {
            "min": 1,
            "max": 100,
            "value": 1
        },
        "checks": {
            "passes": 11602,
            "fails": 0,
            "value": 1
        },
        "http_req_failed": {
            "passes": 0,
            "fails": 5801,
            "thresholds": {
                "rate<0.01": false
            },
            "value": 0
        },
        "http_req_connecting": {
            "med": 0,
            "max": 12.866948,
            "p(90)": 0,
            "p(95)": 0,
            "avg": 0.029800733838993256,
            "min": 0
        },
        "data_received": {
            "count": 37157955,
            "rate": 608750.5785943666
        },
        "iterations": {
            "count": 5801,
            "rate": 95.03650312364931
        },
        "http_reqs": {
            "count": 5801,
            "rate": 95.03650312364931,
            "thresholds": {
                "count>1000": false
            }
        },
        "http_req_sending": {
            "p(90)": 0.037691,
            "p(95)": 0.057592,
            "avg": 0.0417043570074125,
            "min": 0.0064,
            "med": 0.016441,
            "max": 5.448561
        },
        "http_req_receiving": {
            "min": 0.0215,
            "med": 0.076679,
            "max": 9.499888,
            "p(90)": 0.185962,
            "p(95)": 0.289118,
            "avg": 0.11434026891915178
        },
        "http_req_tls_handshaking": {
            "avg": 0,
            "min": 0,
            "med": 0,
            "max": 0,
            "p(90)": 0,
            "p(95)": 0
        },
        "http_req_duration": {
            "min": 9.058347,
            "med": 29.06717,
            "max": 317.814708,
            "p(90)": 75.95523,
            "p(95)": 105.315246,
            "avg": 41.298463607309216,
            "thresholds": {
                "p(95)<300": false
            }
        },
        "http_req_blocked": {
            "avg": 0.045146325116359264,
            "min": 0.002221,
            "med": 0.005664,
            "max": 13.005422,
            "p(90)": 0.010559,
            "p(95)": 0.016677
        }
    }
}