{
    "root_group": {
        "path": "",
        "id": "d41d8cd98f00b204e9800998ecf8427e",
        "groups": {},
        "checks": {
                "статус 200": {
                    "name": "статус 200",
                    "path": "::статус 200",
                    "id": "63fd587a2004924fac2f18b343720cda",
                    "passes": 5715,
                    "fails": 1
                },
                "ответ не пустой": {
                    "name": "ответ не пустой",
                    "path": "::ответ не пустой",
                    "id": "1c568cf298ad7d73e64d124a4ad0618f",
                    "passes": 5715,
                    "fails": 1
                }
            },
        "name": ""
    },
    "metrics": {
        "http_req_sending": {
            "min": 0.005344,
            "med": 0.0156665,
            "max": 2.513454,
            "p(90)": 0.050071000000000004,
            "p(95)": 0.06962325,
            "avg": 0.03243758012596211
        },
        "checks": {
            "passes": 11430,
            "fails": 2,
            "value": 0.9998250524842547
        },
        "data_sent": {
            "count": 599513,
            "rate": 9831.236209595687
        },
        "http_req_tls_handshaking": {
            "avg": 0,
            "min": 0,
            "med": 0,
            "max": 0,
            "p(90)": 0,
            "p(95)": 0
        },
        "iterations": {
            "rate": 93.73499185847338,
            "count": 5716
        },
        "vus_max": {
            "value": 100,
            "min": 100,
            "max": 100
        },
        "http_req_duration": {
            "avg": 59.11014671571042,
            "min": 8.875432,
            "med": 43.453379,
            "max": 472.7601,
            "p(90)": 113.484656,
            "p(95)": 146.32542775,
            "thresholds": {
                "p(95)<300": false
            }
        },
        "http_reqs": {
            "count": 5716,
            "rate": 93.73499185847338,
            "thresholds": {
                "count>1000": false
            }
        },
        "http_req_receiving": {
            "max": 3.261587,
            "p(90)": 0.2101115,
            "p(95)": 0.300591,
            "avg": 0.11312315832750205,
            "min": 0.021452,
            "med": 0.072654
        },
        "http_req_duration{expected_response:true}": {
            "p(90)": 113.40149780000004,
            "p(95)": 146.2259112,
            "avg": 59.09079420787414,
            "min": 8.875432,
            "med": 43.424985,
            "max": 472.7601
        },
        "http_req_connecting": {
            "max": 1.713865,
            "p(90)": 0,
            "p(95)": 0,
            "avg": 0.010901559307207837,
            "min": 0,
            "med": 0
        },
        "http_req_waiting": {
            "med": 43.320918500000005,
            "max": 472.567236,
            "p(90)": 113.260661,
            "p(95)": 146.11899675,
            "avg": 58.964585977257045,
            "min": 8.797324
        },
        "iteration_duration": {
            "p(95)": 1147.6752725000001,
            "avg": 1060.3125746214162,
            "min": 1010.204686,
            "med": 1044.5721855000002,
            "max": 1476.569536,
            "p(90)": 1115.265688
        },
        "vus": {
            "value": 8,
            "min": 8,
            "max": 100
        },
        "http_req_failed": {
            "passes": 1,
            "fails": 5715,
            "thresholds": {
                "rate<0.01": false
            },
            "value": 0.0001749475157452764
        },
        "data_received": {
            "count": 36607644,
            "rate": 600317.916777098
        },
        "http_req_blocked": {
            "med": 0.005477,
            "max": 4.858469,
            "p(90)": 0.015401000000000001,
            "p(95)": 0.019637500000000002,
            "avg": 0.025293033414975456,
            "min": 0.001952
        }
    }
}