{
    "metrics": {
        "http_req_waiting": {
            "p(95)": 165.75953479999967,
            "avg": 94.43332492902532,
            "min": 8.786481,
            "med": 93.073095,
            "max": 406.345041,
            "p(90)": 146.60797
        },
        "http_req_duration{expected_response:true}": {
            "avg": 94.65534437157356,
            "min": 8.859874,
            "med": 93.264876,
            "max": 406.502975,
            "p(90)": 146.7842038,
            "p(95)": 166.01429719999993
        },
        "iterations": {
            "count": 5509,
            "rate": 90.18771056771665
        },
        "http_req_connecting": {
            "med": 0,
            "max": 4.509885,
            "p(90)": 0,
            "p(95)": 0,
            "avg": 0.008374311308767469,
            "min": 0
        },
        "http_req_tls_handshaking": {
            "min": 0,
            "med": 0,
            "max": 0,
            "p(90)": 0,
            "p(95)": 0,
            "avg": 0
        },
        "http_req_sending": {
            "max": 50.537864,
            "p(90)": 0.07613239999999996,
            "p(95)": 0.15698339999999933,
            "avg": 0.08155683790161553,
            "min": 0.006118,
            "med": 0.033051
        },
        "http_reqs": {
            "count": 5509,
            "rate": 90.18771056771665,
            "thresholds": {
                "count>1000": false
            }
        },
        "vus_max": {
            "max": 100,
            "value": 100,
            "min": 100
        },
        "vus": {
            "value": 16,
            "min": 16,
            "max": 100
        },
        "http_req_duration": {
            "max": 406.502975,
            "p(90)": 146.7842038,
            "p(95)": 166.01429719999993,
            "avg": 94.65534437157356,
            "min": 8.859874,
            "med": 93.264876,
            "thresholds": {
                "p(95)<300": false
            }
        },
        "iteration_duration": {
            "p(95)": 1173.405119,
            "avg": 1097.8714237544004,
            "min": 1009.497945,
            "med": 1096.389151,
            "max": 1407.786824,
            "p(90)": 1153.5394022
        },
        "checks": {
            "passes": 11018,
            "fails": 0,
            "value": 1
        },
        "data_sent": {
            "count": 577848,
            "rate": 9459.936136528213
        },
        "http_req_failed": {
            "passes": 0,
            "fails": 5509,
            "thresholds": {
                "rate<0.01": false
            },
            "value": 0
        },
        "http_req_receiving": {
            "avg": 0.14046260464694113,
            "min": 0.01846,
            "med": 0.069366,
            "max": 47.570418,
            "p(90)": 0.2237196,
            "p(95)": 0.30786159999999957
        },
        "http_req_blocked": {
            "p(95)": 0.023600399999999983,
            "avg": 0.031888533672172835,
            "min": 0.002215,
            "med": 0.011517,
            "max": 4.55506,
            "p(90)": 0.018837
        },
        "data_received": {
            "count": 35296420,
            "rate": 577836.868948369
        }
    },
    "root_group": {
        "name": "",
        "path": "",
        "id": "d41d8cd98f00b204e9800998ecf8427e",
        "groups": {},
        "checks": {
                "статус 200": {
                    "name": "статус 200",
                    "path": "::статус 200",
                    "id": "63fd587a2004924fac2f18b343720cda",
                    "passes": 5509,
                    "fails": 0
                },
                "ответ не пустой": {
                    "path": "::ответ не пустой",
                    "id": "1c568cf298ad7d73e64d124a4ad0618f",
                    "passes": 5509,
                    "fails": 0,
                    "name": "ответ не пустой"
                }
            }
    }
}