{
    "metrics": {
        "data_received": {
            "count": 36188820,
            "rate": 592815.4814937473
        },
        "http_req_connecting": {
            "max": 4.631108,
            "p(90)": 0,
            "p(95)": 0,
            "avg": 0.00665840877720757,
            "min": 0,
            "med": 0
        },
        "http_req_sending": {
            "min": 0.006023,
            "med": 0.020582,
            "max": 26.492021,
            "p(90)": 0.062,
            "p(95)": 0.095874,
            "avg": 0.05517929446115745
        },
        "checks": {
            "passes": 11302,
            "fails": 0,
            "value": 1
        },
        "http_reqs": {
            "count": 5651,
            "rate": 92.5700336712047,
            "thresholds": {
                "count>1000": false
            }
        },
        "http_req_duration": {
            "med": 54.902909,
            "max": 363.136319,
            "p(90)": 116.294374,
            "p(95)": 143.681244,
            "avg": 65.95628699433745,
            "min": 9.530621,
            "thresholds": {
                "p(95)<300": false
            }
        },
        "http_req_duration{expected_response:true}": {
            "max": 363.136319,
            "p(90)": 116.294374,
            "p(95)": 143.681244,
            "avg": 65.95628699433745,
            "min": 9.530621,
            "med": 54.902909
        },
        "http_req_blocked": {
            "p(90)": 0.018186,
            "p(95)": 0.023107000000000003,
            "avg": 0.03457358998407375,
            "min": 0.002006,
            "med": 0.006801,
            "max": 5.434941
        },
        "http_req_tls_handshaking": {
            "med": 0,
            "max": 0,
            "p(90)": 0,
            "p(95)": 0,
            "avg": 0,
            "min": 0
        },
        "http_req_waiting": {
            "med": 54.730216,
            "max": 362.897424,
            "p(90)": 116.078215,
            "p(95)": 143.545551,
            "avg": 65.76408887984424,
            "min": 9.451825
        },
        "http_req_receiving": {
            "p(95)": 0.334607,
            "avg": 0.13701882003185253,
            "min": 0.022015,
            "med": 0.079398,
            "max": 41.396897,
            "p(90)": 0.226534
        },
        "http_req_failed": {
            "passes": 0,
            "fails": 5651,
            "thresholds": {
                "rate<0.01": false
            },
            "value": 0
        },
        "data_sent": {
            "count": 592707,
            "rate": 9709.238532500218
        },
        "iteration_duration": {
            "min": 1010.465405,
            "med": 1056.402726,
            "max": 1368.958398,
            "p(90)": 1118.735148,
            "p(95)": 1146.3769750000001,
            "avg": 1067.5326553843583
        },
        "vus": {
            "value": 5,
            "min": 5,
            "max": 100
        },
        "vus_max": {
            "value": 100,
            "min": 100,
            "max": 100
        },
        "iterations": {
            "count": 5651,
            "rate": 92.5700336712047
        }
    },
    "root_group": {
        "groups": {},
        "checks": {
                "статус 200": {
                    "fails": 0,
                    "name": "статус 200",
                    "path": "::статус 200",
                    "id": "63fd587a2004924fac2f18b343720cda",
                    "passes": 5651
                },
                "ответ не пустой": {
                    "path": "::ответ не пустой",
                    "id": "1c568cf298ad7d73e64d124a4ad0618f",
                    "passes": 5651,
                    "fails": 0,
                    "name": "ответ не пустой"
                }
            },
        "name": "",
        "path": "",
        "id": "d41d8cd98f00b204e9800998ecf8427e"
    }
}