{
    "root_group": {
        "id": "d41d8cd98f00b204e9800998ecf8427e",
        "groups": {},
        "checks": {
                "статус 200": {
                    "path": "::статус 200",
                    "id": "63fd587a2004924fac2f18b343720cda",
                    "passes": 5798,
                    "fails": 1,
                    "name": "статус 200"
                },
                "ответ не пустой": {
                    "passes": 5798,
                    "fails": 1,
                    "name": "ответ не пустой",
                    "path": "::ответ не пустой",
                    "id": "1c568cf298ad7d73e64d124a4ad0618f"
                }
            },
        "name": "",
        "path": ""
    },
    "metrics": {
        "iterations": {
            "count": 5799,
            "rate": 95.00401708725974
        },
        "http_req_tls_handshaking": {
            "p(95)": 0,
            "avg": 0,
            "min": 0,
            "med": 0,
            "max": 0,
            "p(90)": 0
        },
        "data_received": {
            "count": 37150258,
            "rate": 608626.2710515792
        },
        "http_req_duration{expected_response:true}": {
            "avg": 48.187729325802,
            "min": 9.819454,
            "med": 35.3888235,
            "max": 453.267981,
            "p(90)": 83.079168,
            "p(95)": 112.34138169999999
        },
        "http_req_sending": {
            "p(95)": 0.0691401,
            "avg": 0.031749582169339666,
            "min": 0.006278,
            "med": 0.016814,
            "max": 3.811211,
            "p(90)": 0.04714739999999999
        },
        "data_sent": {
            "count": 608211,
            "rate": 9964.215940103351
        },
        "http_req_receiving": {
            "avg": 0.12138892240041373,
            "min": 0.019439,
            "med": 0.076931,
            "max": 14.328328,
            "p(90)": 0.20836839999999993,
            "p(95)": 0.30920309999999995
        },
        "http_req_duration": {
            "avg": 48.213999757544414,
            "min": 9.819454,
            "med": 35.395922,
            "max": 453.267981,
            "p(90)": 83.0910662,
            "p(95)": 112.3734491,
            "thresholds": {
                "p(95)<300": false
            }
        },
        "http_req_waiting": {
            "med": 35.242631,
            "max": 452.979881,
            "p(90)": 82.93537479999999,
            "p(95)": 112.23814899999998,
            "avg": 48.060861252974696,
            "min": 9.736114
        },
        "http_req_blocked": {
            "p(90)": 0.013643599999999997,
            "p(95)": 0.01905259999999999,
            "avg": 0.08161058389377478,
            "min": 0.002213,
            "med": 0.005893,
            "max": 45.015911
        },
        "http_req_connecting": {
            "max": 44.951629,
            "p(90)": 0,
            "p(95)": 0,
            "avg": 0.06772230125883773,
            "min": 0,
            "med": 0
        },
        "checks": {
            "passes": 11596,
            "fails": 2,
            "value": 0.9998275564752543
        },
        "vus_max": {
            "value": 100,
            "min": 100,
            "max": 100
        },
        "http_req_failed": {
            "passes": 1,
            "fails": 5798,
            "thresholds": {
                "rate<0.01": false
            },
            "value": 0.0001724435247456458
        },
        "http_reqs": {
            "count": 5799,
            "rate": 95.00401708725974,
            "thresholds": {
                "count>1000": false
            }
        },
        "vus": {
            "value": 18,
            "min": 18,
            "max": 100
        },
        "iteration_duration": {
            "med": 1036.394709,
            "max": 1458.451922,
            "p(90)": 1083.8817616,
            "p(95)": 1113.7527535999998,
            "avg": 1049.2806191508892,
            "min": 1010.301213
        }
    }
}