{
    "root_group": {
        "name": "",
        "path": "",
        "id": "d41d8cd98f00b204e9800998ecf8427e",
        "groups": {},
        "checks": {
                "статус 200": {
                    "name": "статус 200",
                    "path": "::статус 200",
                    "id": "63fd587a2004924fac2f18b343720cda",
                    "passes": 5670,
                    "fails": 1
                },
                "ответ не пустой": {
                    "fails": 1,
                    "name": "ответ не пустой",
                    "path": "::ответ не пустой",
                    "id": "1c568cf298ad7d73e64d124a4ad0618f",
                    "passes": 5670
                }
            }
    },
    "metrics": {
        "http_req_duration{expected_response:true}": {
            "avg": 64.48351603104054,
            "min": 8.975929,
            "med": 49.641628499999996,
            "max": 630.59316,
            "p(90)": 113.04579260000001,
            "p(95)": 140.8810493
        },
        "http_req_waiting": {
            "med": 49.49796,
            "max": 630.517152,
            "p(90)": 112.735673,
            "p(95)": 140.85994349999999,
            "avg": 64.36205124316695,
            "min": 8.911831
        },
        "http_req_duration": {
            "min": 8.975929,
            "med": 49.649105,
            "max": 630.59316,
            "p(90)": 113.068262,
            "p(95)": 140.964841,
            "avg": 64.53717499541523,
            "thresholds": {
                "p(95)<300": false
            }
        },
        "http_req_tls_handshaking": {
            "avg": 0,
            "min": 0,
            "med": 0,
            "max": 0,
            "p(90)": 0,
            "p(95)": 0
        },
        "http_req_sending": {
            "avg": 0.04288025974254976,
            "min": 0.006176,
            "med": 0.018289,
            "max": 20.883285,
            "p(90)": 0.057776,
            "p(95)": 0.0823625
        },
        "data_sent": {
            "count": 594804,
            "rate": 9758.876882970424
        },
        "http_reqs": {
            "count": 5671,
            "rate": 93.04340724562256,
            "thresholds": {
                "count>1000": false
            }
        },
        "checks": {
            "passes": 11340,
            "fails": 2,
            "value": 0.9998236642567448
        },
        "http_req_failed": {
            "passes": 1,
            "fails": 5670,
            "thresholds": {
                "rate<0.01": false
            },
            "value": 0.00017633574325515782
        },
        "data_received": {
            "count": 36299124,
            "rate": 595555.3124654121
        },
        "vus_max": {
            "min": 100,
            "max": 100,
            "value": 100
        },
        "http_req_blocked": {
            "min": 0.002191,
            "med": 0.006092,
            "max": 4.596896,
            "p(90)": 0.017656,
            "p(95)": 0.022378000000000002,
            "avg": 0.02923643590195751
        },
        "iterations": {
            "count": 5671,
            "rate": 93.04340724562256
        },
        "http_req_connecting": {
            "min": 0,
            "med": 0,
            "max": 2.823839,
            "p(90)": 0,
            "p(95)": 0,
            "avg": 0.011790466408040913
        },
        "http_req_receiving": {
            "min": 0.021239,
            "med": 0.078247,
            "max": 20.602213,
            "p(90)": 0.233533,
            "p(95)": 0.34891300000000003,
            "avg": 0.13224349250573064
        },
        "iteration_duration": {
            "avg": 1065.809550149179,
            "min": 1009.43513,
            "med": 1050.808904,
            "max": 1656.270111,
            "p(90)": 1115.242046,
            "p(95)": 1142.6579685
        },
        "vus": {
            "max": 100,
            "value": 100,
            "min": 100
        }
    }
}