{
    "metrics": {
        "data_sent": {
            "count": 1048954,
            "rate": 9474.441488862116
        },
        "http_req_duration": {
            "avg": 101.07885748000004,
            "min": 26.757,
            "med": 52.942499999999995,
            "max": 3005.9943,
            "p(90)": 151.08783,
            "p(95)": 216.4427699999994,
            "thresholds": {
                "p(95)<300": false
            }
        },
        "http_req_receiving": {
            "p(90)": 0.5330100000000001,
            "p(95)": 0.5535049999999999,
            "avg": 0.10418176999999991,
            "min": 0,
            "med": 0,
            "max": 2.0785
        },
        "vus": {
            "min": 63,
            "max": 100,
            "value": 63
        },
        "vus_max": {
            "value": 100,
            "min": 100,
            "max": 100
        },
        "iteration_duration": {
            "avg": 1101.5597558999984,
            "min": 1026.9297,
            "med": 1053.3215,
            "max": 4010.3462,
            "p(90)": 1151.4825500000002,
            "p(95)": 1216.7286799999993
        },
        "http_reqs": {
            "count": 10000,
            "rate": 90.32275475246881
        },
        "checks": {
            "passes": 20000,
            "fails": 0,
            "value": 1
        },
        "iterations": {
            "count": 10000,
            "rate": 90.32275475246881
        },
        "http_req_failed": {
            "passes": 0,
            "fails": 10000,
            "thresholds": {
                "rate<0.01": false
            },
            "value": 0
        },
        "http_req_waiting": {
            "avg": 100.97203152999981,
            "min": 26.6088,
            "med": 52.84085,
            "max": 3005.9943,
            "p(90)": 150.64885,
            "p(95)": 216.4427699999994
        },
        "http_req_tls_handshaking": {
            "max": 0,
            "p(90)": 0,
            "p(95)": 0,
            "avg": 0,
            "min": 0,
            "med": 0
        },
        "http_req_sending": {
            "med": 0,
            "max": 1.832,
            "p(90)": 0,
            "p(95)": 0,
            "avg": 0.0026441800000000003,
            "min": 0
        },
        "http_req_blocked": {
            "p(90)": 0,
            "p(95)": 0,
            "avg": 0.01695713,
            "min": 0,
            "med": 0,
            "max": 4.5971
        },
        "data_received": {
            "rate": 601224.6195734957,
            "count": 66564026
        },
        "http_req_duration{expected_response:true}": {
            "med": 52.942499999999995,
            "max": 3005.9943,
            "p(90)": 151.08783,
            "p(95)": 216.4427699999994,
            "avg": 101.07885748000004,
            "min": 26.757
        },
        "http_req_connecting": {
            "p(95)": 0,
            "avg": 0.006746439999999997,
            "min": 0,
            "med": 0,
            "max": 2.4274,
            "p(90)": 0
        }
    },
    "root_group": {
        "checks": {
            "статус 200": {
                "name": "статус 200",
                "path": "::статус 200",
                "id": "63fd587a2004924fac2f18b343720cda",
                "passes": 10000,
                "fails": 0
            },
            "ответ не пустой": {
                "name": "ответ не пустой",
                "path": "::ответ не пустой",
                "id": "1c568cf298ad7d73e64d124a4ad0618f",
                "passes": 10000,
                "fails": 0
            }
        },
        "name": "",
        "path": "",
        "id": "d41d8cd98f00b204e9800998ecf8427e",
        "groups": {}
    }
}