{
    "root_group": {
        "name": "",
        "path": "",
        "id": "d41d8cd98f00b204e9800998ecf8427e",
        "groups": {},
        "checks": {
                "статус 200": {
                    "name": "статус 200",
                    "path": "::статус 200",
                    "id": "63fd587a2004924fac2f18b343720cda",
                    "passes": 10000,
                    "fails": 0
                },
                "ответ не пустой": {
                    "name": "ответ не пустой",
                    "path": "::ответ не пустой",
                    "id": "1c568cf298ad7d73e64d124a4ad0618f",
                    "passes": 10000,
                    "fails": 0
                }
            }
    },
    "metrics": {
        "http_req_failed": {
            "passes": 0,
            "fails": 10000,
            "thresholds": {
                "rate<0.01": false
            },
            "value": 0
        },
        "http_reqs": {
            "count": 10000,
            "rate": 89.18426519333666
        },
        "http_req_waiting": {
            "p(95)": 240.3367099999999,
            "avg": 115.10638201000035,
            "min": 26.643,
            "med": 64.33824999999999,
            "max": 2691.5087,
            "p(90)": 182.25647000000004
        },
        "data_sent": {
            "count": 1048885,
            "rate": 9354.403799731292
        },
        "http_req_duration": {
            "avg": 115.21905105000064,
            "min": 26.643,
            "med": 64.48175,
            "max": 2691.5087,
            "p(90)": 182.41162,
            "p(95)": 240.6135549999999,
            "thresholds": {
                "p(95)<300": false
            }
        },
        "http_req_connecting": {
            "min": 0,
            "med": 0,
            "max": 6.1441,
            "p(90)": 0,
            "p(95)": 0,
            "avg": 0.021991919999999974
        },
        "http_req_tls_handshaking": {
            "p(90)": 0,
            "p(95)": 0,
            "avg": 0,
            "min": 0,
            "med": 0,
            "max": 0
        },
        "checks": {
            "passes": 20000,
            "fails": 0,
            "value": 1
        },
        "vus_max": {
            "min": 100,
            "max": 100,
            "value": 100
        },
        "data_received": {
            "count": 66504449,
            "rate": 593115.0416152733
        },
        "vus": {
            "value": 17,
            "min": 17,
            "max": 100
        },
        "http_req_duration{expected_response:true}": {
            "min": 26.643,
            "med": 64.48175,
            "max": 2691.5087,
            "p(90)": 182.41162,
            "p(95)": 240.6135549999999,
            "avg": 115.21905105000064
        },
        "http_req_blocked": {
            "p(95)": 0,
            "avg": 0.09235856999999999,
            "min": 0,
            "med": 0,
            "max": 11.654,
            "p(90)": 0
        },
        "http_req_receiving": {
            "med": 0,
            "max": 5.2128,
            "p(90)": 0.5359100000000001,
            "p(95)": 0.5563049999999999,
            "avg": 0.11029398000000015,
            "min": 0
        },
        "http_req_sending": {
            "avg": 0.00237506,
            "min": 0,
            "med": 0,
            "max": 1.6826,
            "p(90)": 0,
            "p(95)": 0
        },
        "iteration_duration": {
            "min": 1026.8939,
            "med": 1064.9777,
            "max": 3702.8857,
            "p(90)": 1182.7086,
            "p(95)": 1241.034285,
            "avg": 1115.7797823900012
        },
        "iterations": {
            "count": 10000,
            "rate": 89.18426519333666
        }
    }
}