{
    "root_group": {
        "path": "",
        "id": "d41d8cd98f00b204e9800998ecf8427e",
        "groups": {},
        "checks": {
                "статус 200": {
                    "name": "статус 200",
                    "path": "::статус 200",
                    "id": "63fd587a2004924fac2f18b343720cda",
                    "passes": 10000,
                    "fails": 0
                },
                "ответ не пустой": {
                    "name": "ответ не пустой",
                    "path": "::ответ не пустой",
                    "id": "1c568cf298ad7d73e64d124a4ad0618f",
                    "passes": 10000,
                    "fails": 0
                }
            },
        "name": ""
    },
    "metrics": {
        "data_sent": {
            "rate": 9397.58290129661,
            "count": 1048924
        },
        "http_req_tls_handshaking": {
            "p(95)": 0,
            "avg": 0,
            "min": 0,
            "med": 0,
            "max": 0,
            "p(90)": 0
        },
        "data_received": {
            "count": 66560360,
            "rate": 596331.5750618222
        },
        "http_req_duration": {
            "p(95)": 232.45283499999994,
            "avg": 110.13428180000018,
            "min": 26.889,
            "med": 63.0731,
            "max": 3300.7683,
            "p(90)": 163.28754000000006,
            "thresholds": {
                "p(95)<300": false
            }
        },
        "http_reqs": {
            "count": 10000,
            "rate": 89.59260062022233
        },
        "http_req_blocked": {
            "avg": 0.0763816,
            "min": 0,
            "med": 0,
            "max": 8.8486,
            "p(90)": 0,
            "p(95)": 0
        },
        "http_req_connecting": {
            "avg": 0.03170141,
            "min": 0,
            "med": 0,
            "max": 6.0959,
            "p(90)": 0,
            "p(95)": 0
        },
        "http_req_receiving": {
            "avg": 0.10560222000000012,
            "min": 0,
            "med": 0,
            "max": 1.9701,
            "p(90)": 0.5343100000000001,
            "p(95)": 0.5529
        },
        "checks": {
            "passes": 20000,
            "fails": 0,
            "value": 1
        },
        "http_req_duration{expected_response:true}": {
            "avg": 110.13428180000018,
            "min": 26.889,
            "med": 63.0731,
            "max": 3300.7683,
            "p(90)": 163.28754000000006,
            "p(95)": 232.45283499999994
        },
        "http_req_waiting": {
            "max": 3300.7683,
            "p(90)": 163.2564,
            "p(95)": 232.27525499999987,
            "avg": 110.02793669000037,
            "min": 26.889,
            "med": 62.93215
        },
        "http_req_failed": {
            "passes": 0,
            "fails": 10000,
            "thresholds": {
                "rate<0.01": false
            },
            "value": 0
        },
        "iteration_duration": {
            "min": 1027.5559,
            "med": 1063.55055,
            "max": 4308.2523,
            "p(90)": 1163.94512,
            "p(95)": 1232.9684499999998,
            "avg": 1110.6778795500018
        },
        "http_req_sending": {
            "p(90)": 0,
            "p(95)": 0,
            "avg": 0.00074289,
            "min": 0,
            "med": 0,
            "max": 0.5798
        },
        "vus_max": {
            "min": 100,
            "max": 100,
            "value": 100
        },
        "iterations": {
            "count": 10000,
            "rate": 89.59260062022233
        },
        "vus": {
            "min": 52,
            "max": 100,
            "value": 52
        }
    }
}