{
    "metrics": {
        "vus": {
            "min": 82,
            "max": 100,
            "value": 82
        },
        "data_received": {
            "count": 66603158,
            "rate": 600776.6246431286
        },
        "http_reqs": {
            "count": 10000,
            "rate": 90.20242323091176
        },
        "http_req_sending": {
            "med": 0,
            "max": 0.6766,
            "p(90)": 0,
            "p(95)": 0,
            "avg": 0.00092289,
            "min": 0
        },
        "http_req_duration": {
            "min": 26.7084,
            "med": 57.8044,
            "max": 3697.7327,
            "p(90)": 153.50591000000003,
            "p(95)": 222.20040499999976,
            "avg": 102.52192904000012,
            "thresholds": {
                "p(95)<300": false
            }
        },
        "http_req_waiting": {
            "med": 57.6768,
            "max": 3697.7327,
            "p(90)": 153.24639000000005,
            "p(95)": 221.87654999999964,
            "avg": 102.41853358000002,
            "min": 26.7084
        },
        "vus_max": {
            "value": 100,
            "min": 100,
            "max": 100
        },
        "iterations": {
            "count": 10000,
            "rate": 90.20242323091176
        },
        "http_req_receiving": {
            "p(95)": 0.5504,
            "avg": 0.10247257000000008,
            "min": 0,
            "med": 0,
            "max": 3.6192,
            "p(90)": 0.5337
        },
        "http_req_blocked": {
            "avg": 0.09890160000000019,
            "min": 0,
            "med": 0,
            "max": 11.054,
            "p(90)": 0,
            "p(95)": 0
        },
        "checks": {
            "passes": 20000,
            "fails": 0,
            "value": 1
        },
        "iteration_duration": {
            "med": 1058.2271999999998,
            "max": 4708.8421,
            "p(90)": 1154.01545,
            "p(95)": 1222.6979199999998,
            "avg": 1103.0846607900005,
            "min": 1026.9389
        },
        "http_req_connecting": {
            "p(90)": 0,
            "p(95)": 0,
            "avg": 0.013309319999999996,
            "min": 0,
            "med": 0,
            "max": 4.6777
        },
        "http_req_tls_handshaking": {
            "med": 0,
            "max": 0,
            "p(90)": 0,
            "p(95)": 0,
            "avg": 0,
            "min": 0
        },
        "data_sent": {
            "count": 1048885,
            "rate": 9461.196869055488
        },
        "http_req_duration{expected_response:true}": {
            "max": 3697.7327,
            "p(90)": 153.50591000000003,
            "p(95)": 222.20040499999976,
            "avg": 102.52192904000012,
            "min": 26.7084,
            "med": 57.8044
        },
        "http_req_failed": {
            "passes": 0,
            "fails": 10000,
            "thresholds": {
                "rate<0.01": false
            },
            "value": 0
        }
    },
    "root_group": {
        "id": "d41d8cd98f00b204e9800998ecf8427e",
        "groups": {},
        "checks": {
                "статус 200": {
                    "name": "статус 200",
                    "path": "::статус 200",
                    "id": "63fd587a2004924fac2f18b343720cda",
                    "passes": 10000,
                    "fails": 0
                },
                "ответ не пустой": {
                    "name": "ответ не пустой",
                    "path": "::ответ не пустой",
                    "id": "1c568cf298ad7d73e64d124a4ad0618f",
                    "passes": 10000,
                    "fails": 0
                }
            },
        "name": "",
        "path": ""
    }
}