{
    "root_group": {
        "name": "",
        "path": "",
        "id": "d41d8cd98f00b204e9800998ecf8427e",
        "groups": {},
        "checks": {
                "статус 200": {
                    "name": "статус 200",
                    "path": "::статус 200",
                    "id": "63fd587a2004924fac2f18b343720cda",
                    "passes": 10000,
                    "fails": 0
                },
                "ответ не пустой": {
                    "id": "1c568cf298ad7d73e64d124a4ad0618f",
                    "passes": 10000,
                    "fails": 0,
                    "name": "ответ не пустой",
                    "path": "::ответ не пустой"
                }
            }
    },
    "metrics": {
        "checks": {
            "passes": 20000,
            "fails": 0,
            "value": 1
        },
        "data_received": {
            "count": 66566773,
            "rate": 597470.9654504117
        },
        "http_req_duration": {
            "max": 1660.8858,
            "p(90)": 181.94941000000003,
            "p(95)": 241.48807499999995,
            "avg": 107.90144273999964,
            "min": 27.3334,
            "med": 67.88905,
            "thresholds": {
                "p(95)<300": false
            }
        },
        "http_req_waiting": {
            "max": 1660.8858,
            "p(90)": 181.84732000000002,
            "p(95)": 241.48807499999995,
            "avg": 107.79334000999972,
            "min": 27.3235,
            "med": 67.79675
        },
        "http_req_duration{expected_response:true}": {
            "min": 27.3334,
            "med": 67.88905,
            "max": 1660.8858,
            "p(90)": 181.94941000000003,
            "p(95)": 241.48807499999995,
            "avg": 107.90144273999964
        },
        "http_req_connecting": {
            "avg": 0.02364487000000001,
            "min": 0,
            "med": 0,
            "max": 9.7374,
            "p(90)": 0,
            "p(95)": 0
        },
        "http_req_tls_handshaking": {
            "max": 0,
            "p(90)": 0,
            "p(95)": 0,
            "avg": 0,
            "min": 0,
            "med": 0
        },
        "iterations": {
            "rate": 89.75513435966194,
            "count": 10000
        },
        "iteration_duration": {
            "min": 1027.4812,
            "med": 1068.3575,
            "max": 2670.8515,
            "p(90)": 1182.41526,
            "p(95)": 1241.8156499999996,
            "avg": 1108.457190840002
        },
        "vus": {
            "max": 100,
            "value": 36,
            "min": 36
        },
        "http_req_blocked": {
            "p(90)": 0,
            "p(95)": 0,
            "avg": 0.07870912000000001,
            "min": 0,
            "med": 0,
            "max": 10.7455
        },
        "http_reqs": {
            "count": 10000,
            "rate": 89.75513435966194
        },
        "http_req_failed": {
            "passes": 0,
            "fails": 10000,
            "thresholds": {
                "rate<0.01": false
            },
            "value": 0
        },
        "vus_max": {
            "value": 100,
            "min": 100,
            "max": 100
        },
        "http_req_sending": {
            "p(90)": 0,
            "p(95)": 0,
            "avg": 0.0016686700000000001,
            "min": 0,
            "med": 0,
            "max": 1.0067
        },
        "http_req_receiving": {
            "med": 0,
            "max": 2.626,
            "p(90)": 0.536,
            "p(95)": 0.5558049999999999,
            "avg": 0.10643406000000011,
            "min": 0
        },
        "data_sent": {
            "count": 1048970,
            "rate": 9415.044328925458
        }
    }
}