{
    "root_group": {
        "checks": {
            "статус 200": {
                "name": "статус 200",
                "path": "::статус 200",
                "id": "63fd587a2004924fac2f18b343720cda",
                "passes": 10000,
                "fails": 0
            },
            "ответ не пустой": {
                "name": "ответ не пустой",
                "path": "::ответ не пустой",
                "id": "1c568cf298ad7d73e64d124a4ad0618f",
                "passes": 10000,
                "fails": 0
            }
        },
        "name": "",
        "path": "",
        "id": "d41d8cd98f00b204e9800998ecf8427e",
        "groups": {}
    },
    "metrics": {
        "data_received": {
            "count": 66536081,
            "rate": 598424.7503944678
        },
        "http_req_duration": {
            "max": 1968.0724,
            "p(90)": 182.49406,
            "p(95)": 257.32300999999984,
            "avg": 106.45392632000039,
            "min": 27.5524,
            "med": 62.959,
            "thresholds": {
                "p(95)<300": false
            }
        },
        "http_req_tls_handshaking": {
            "med": 0,
            "max": 0,
            "p(90)": 0,
            "p(95)": 0,
            "avg": 0,
            "min": 0
        },
        "http_req_sending": {
            "avg": 0.0007087500000000001,
            "min": 0,
            "med": 0,
            "max": 0.9374,
            "p(90)": 0,
            "p(95)": 0
        },
        "http_reqs": {
            "count": 10000,
            "rate": 89.93988545770645
        },
        "http_req_connecting": {
            "avg": 0.021243290000000012,
            "min": 0,
            "med": 0,
            "max": 5.0696,
            "p(90)": 0,
            "p(95)": 0
        },
        "iterations": {
            "count": 10000,
            "rate": 89.93988545770645
        },
        "http_req_receiving": {
            "p(90)": 0.5368,
            "p(95)": 0.555105,
            "avg": 0.10994730000000014,
            "min": 0,
            "med": 0,
            "max": 4.0131
        },
        "http_req_waiting": {
            "avg": 106.34327027000047,
            "min": 27.5524,
            "med": 62.84055,
            "max": 1966.6102,
            "p(90)": 182.49406,
            "p(95)": 257.32300999999984
        },
        "http_req_failed": {
            "passes": 0,
            "fails": 10000,
            "thresholds": {
                "rate<0.01": false
            },
            "value": 0
        },
        "http_req_duration{expected_response:true}": {
            "avg": 106.45392632000039,
            "min": 27.5524,
            "med": 62.959,
            "max": 1968.0724,
            "p(90)": 182.49406,
            "p(95)": 257.32300999999984
        },
        "http_req_blocked": {
            "p(95)": 0,
            "avg": 0.08530407999999996,
            "min": 0,
            "med": 0,
            "max": 10.0477,
            "p(90)": 0
        },
        "checks": {
            "passes": 20000,
            "fails": 0,
            "value": 1
        },
        "vus_max": {
            "value": 100,
            "min": 100,
            "max": 100
        },
        "data_sent": {
            "count": 1048875,
            "rate": 9433.569735945184
        },
        "iteration_duration": {
            "med": 1063.3953000000001,
            "max": 2976.8548,
            "p(90)": 1183.0395,
            "p(95)": 1257.8539999999998,
            "avg": 1107.0066578799963,
            "min": 1027.7567
        },
        "vus": {
            "value": 23,
            "min": 23,
            "max": 100
        }
    }
}