{
    "root_group": {
        "name": "",
        "path": "",
        "id": "d41d8cd98f00b204e9800998ecf8427e",
        "groups": {},
        "checks": {
                "статус 200": {
                    "name": "статус 200",
                    "path": "::статус 200",
                    "id": "63fd587a2004924fac2f18b343720cda",
                    "passes": 10000,
                    "fails": 0
                },
                "ответ не пустой": {
                    "name": "ответ не пустой",
                    "path": "::ответ не пустой",
                    "id": "1c568cf298ad7d73e64d124a4ad0618f",
                    "passes": 10000,
                    "fails": 0
                }
            }
    },
    "metrics": {
        "iterations": {
            "count": 10000,
            "rate": 89.74189831590319
        },
        "http_req_receiving": {
            "avg": 0.11036911000000009,
            "min": 0,
            "med": 0,
            "max": 1.6756,
            "p(90)": 0.5365,
            "p(95)": 0.5535049999999999
        },
        "vus_max": {
            "value": 100,
            "min": 100,
            "max": 100
        },
        "http_req_tls_handshaking": {
            "avg": 0,
            "min": 0,
            "med": 0,
            "max": 0,
            "p(90)": 0,
            "p(95)": 0
        },
        "http_req_duration": {
            "avg": 108.64018665999969,
            "min": 27.6444,
            "med": 59.8407,
            "max": 3366.9371,
            "p(90)": 144.71982000000003,
            "p(95)": 229.64101499999987,
            "thresholds": {
                "p(95)<300": false
            }
        },
        "http_reqs": {
            "count": 10000,
            "rate": 89.74189831590319
        },
        "http_req_waiting": {
            "med": 59.7384,
            "max": 3366.9371,
            "p(90)": 144.64842000000002,
            "p(95)": 229.64101499999987,
            "avg": 108.52802372999962,
            "min": 26.8825
        },
        "vus": {
            "value": 43,
            "min": 43,
            "max": 100
        },
        "http_req_blocked": {
            "avg": 0.08734617999999994,
            "min": 0,
            "med": 0,
            "max": 11.1614,
            "p(90)": 0,
            "p(95)": 0
        },
        "http_req_connecting": {
            "p(90)": 0,
            "p(95)": 0,
            "avg": 0.02115742,
            "min": 0,
            "med": 0,
            "max": 6.7074
        },
        "checks": {
            "passes": 20000,
            "fails": 0,
            "value": 1
        },
        "data_sent": {
            "count": 1048923,
            "rate": 9413.23412072121
        },
        "data_received": {
            "count": 66613800,
            "rate": 597804.8866035911
        },
        "http_req_failed": {
            "passes": 0,
            "fails": 10000,
            "thresholds": {
                "rate<0.01": false
            },
            "value": 0
        },
        "http_req_duration{expected_response:true}": {
            "avg": 108.64018665999969,
            "min": 27.6444,
            "med": 59.8407,
            "max": 3366.9371,
            "p(90)": 144.71982000000003,
            "p(95)": 229.64101499999987
        },
        "http_req_sending": {
            "min": 0,
            "med": 0,
            "max": 1.216,
            "p(90)": 0,
            "p(95)": 0,
            "avg": 0.0017938199999999998
        },
        "iteration_duration": {
            "avg": 1109.1933389899966,
            "min": 1028.0329,
            "med": 1060.2998499999999,
            "max": 4376.9554,
            "p(90)": 1145.11914,
            "p(95)": 1230.1184549999998
        }
    }
}