{
    "metrics": {
        "http_req_duration": {
            "min": 7.00188,
            "med": 41.5272555,
            "max": 220.020155,
            "p(90)": 92.1785086,
            "p(95)": 137.5470619000001,
            "avg": 51.11804308939146,
            "thresholds": {
                "p(95)<500": false
            }
        },
        "http_req_receiving": {
            "avg": 0.21949938973913113,
            "min": 0.019896,
            "med": 0.12010699999999999,
            "max": 19.023269,
            "p(90)": 0.3721996,
            "p(95)": 0.6525148000000002
        },
        "http_req_waiting": {
            "avg": 50.746388906782556,
            "min": 6.903967,
            "med": 41.09681,
            "max": 219.95592,
            "p(90)": 91.77575330000002,
            "p(95)": 137.3047944500001
        },
        "http_req_connecting": {
            "p(90)": 0,
            "p(95)": 0,
            "avg": 0.047059506956521724,
            "min": 0,
            "med": 0,
            "max": 11.115504
        },
        "http_req_blocked": {
            "avg": 0.09250059234782639,
            "min": 0.00378,
            "med": 0.0161675,
            "max": 24.539282,
            "p(90)": 0.021682700000000013,
            "p(95)": 0.035811050000000136
        },
        "data_sent": {
            "count": 1006240,
            "rate": 16495.666019350665
        },
        "http_req_sending": {
            "max": 23.429856,
            "p(90)": 0.16246550000000012,
            "p(95)": 0.4086498500000001,
            "avg": 0.15215479286956538,
            "min": 0.013662,
            "med": 0.063395
        },
        "http_reqs": {
            "count": 5750,
            "rate": 94.26188544608277,
            "thresholds": {
                "count>1000": false
            }
        },
        "iteration_duration": {
            "min": 1007.835648,
            "med": 1043.4474369999998,
            "max": 1223.063673,
            "p(90)": 1096.0124424,
            "p(95)": 1139.2709753,
            "avg": 1053.4510922537434
        },
        "vus": {
            "value": 29,
            "min": 29,
            "max": 100
        },
        "iterations": {
            "count": 5750,
            "rate": 94.26188544608277
        },
        "data_received": {
            "count": 529000,
            "rate": 8672.093461039614
        },
        "checks": {
            "passes": 5750,
            "fails": 0,
            "value": 1
        },
        "vus_max": {
            "max": 100,
            "value": 100,
            "min": 100
        },
        "http_req_failed": {
            "passes": 0,
            "fails": 5750,
            "thresholds": {
                "rate<0.01": false
            },
            "value": 0
        },
        "http_req_duration{expected_response:true}": {
            "p(90)": 92.1785086,
            "p(95)": 137.5470619000001,
            "avg": 51.11804308939146,
            "min": 7.00188,
            "med": 41.5272555,
            "max": 220.020155
        },
        "http_req_tls_handshaking": {
            "avg": 0,
            "min": 0,
            "med": 0,
            "max": 0,
            "p(90)": 0,
            "p(95)": 0
        }
    },
    "root_group": {
        "path": "",
        "id": "d41d8cd98f00b204e9800998ecf8427e",
        "groups": {},
        "checks": {
                "статус 201": {
                    "path": "::статус 201",
                    "id": "c314df9557299c13c0b7848462734a62",
                    "passes": 5750,
                    "fails": 0,
                    "name": "статус 201"
                }
            },
        "name": ""
    }
}