{
    "metrics": {
        "http_req_connecting": {
            "avg": 0.05109222184170475,
            "min": 0,
            "med": 0,
            "max": 14.470321,
            "p(90)": 0,
            "p(95)": 0
        },
        "data_received": {
            "count": 483552,
            "rate": 7946.215387118446
        },
        "http_req_receiving": {
            "med": 0.088584,
            "max": 16.155353,
            "p(90)": 0.244449,
            "p(95)": 0.42399050000000005,
            "avg": 0.15012690753424626,
            "min": 0.018173
        },
        "http_req_waiting": {
            "avg": 149.6131804149551,
            "min": 12.033472,
            "med": 147.48969649999998,
            "max": 497.393808,
            "p(90)": 263.9072695,
            "p(95)": 287.40988975
        },
        "http_req_failed": {
            "passes": 0,
            "fails": 5256,
            "thresholds": {
                "rate<0.01": false
            },
            "value": 0
        },
        "vus_max": {
            "value": 100,
            "min": 100,
            "max": 100
        },
        "iteration_duration": {
            "avg": 1153.3662364518652,
            "min": 1012.803543,
            "med": 1152.03918,
            "max": 1523.40957,
            "p(90)": 1270.282433,
            "p(95)": 1293.56017425
        },
        "iterations": {
            "count": 5256,
            "rate": 86.37190638172224
        },
        "vus": {
            "value": 100,
            "min": 100,
            "max": 100
        },
        "http_req_duration{expected_response:true}": {
            "avg": 150.00647533732874,
            "min": 12.135947,
            "med": 147.8528325,
            "max": 497.566957,
            "p(90)": 264.3489,
            "p(95)": 288.09420450000005
        },
        "http_reqs": {
            "count": 5256,
            "rate": 86.37190638172224,
            "thresholds": {
                "count>1000": false
            }
        },
        "checks": {
            "passes": 5256,
            "fails": 0,
            "value": 1
        },
        "data_sent": {
            "count": 916110,
            "rate": 15054.445805814225
        },
        "http_req_tls_handshaking": {
            "max": 0,
            "p(90)": 0,
            "p(95)": 0,
            "avg": 0,
            "min": 0,
            "med": 0
        },
        "http_req_blocked": {
            "avg": 0.12984803006088227,
            "min": 0.003599,
            "med": 0.0149675,
            "max": 38.448996,
            "p(90)": 0.021303000000000002,
            "p(95)": 0.039219500000000004
        },
        "http_req_duration": {
            "avg": 150.00647533732874,
            "min": 12.135947,
            "med": 147.8528325,
            "max": 497.566957,
            "p(90)": 264.3489,
            "p(95)": 288.09420450000005,
            "thresholds": {
                "p(95)<500": false
            }
        },
        "http_req_sending": {
            "avg": 0.24316801484018297,
            "min": 0.016024,
            "med": 0.059679,
            "max": 67.242797,
            "p(90)": 0.18832349999999998,
            "p(95)": 0.5932324999999999
        }
    },
    "root_group": {
        "name": "",
        "path": "",
        "id": "d41d8cd98f00b204e9800998ecf8427e",
        "groups": {},
        "checks": {
                "статус 201": {
                    "passes": 5256,
                    "fails": 0,
                    "name": "статус 201",
                    "path": "::статус 201",
                    "id": "c314df9557299c13c0b7848462734a62"
                }
            }
    }
}