{
    "metrics": {
        "http_req_receiving": {
            "med": 0.114774,
            "max": 16.189449,
            "p(90)": 0.35775460000000003,
            "p(95)": 0.6334469999999999,
            "avg": 0.20880406433154142,
            "min": 0.017305
        },
        "data_received": {
            "count": 530564,
            "rate": 8694.863602482576
        },
        "http_reqs": {
            "count": 5767,
            "rate": 94.50938698350625,
            "thresholds": {
                "count>1000": false
            }
        },
        "checks": {
            "passes": 5767,
            "fails": 0,
            "value": 1
        },
        "http_req_duration{expected_response:true}": {
            "med": 36.858323,
            "max": 255.15229,
            "p(90)": 93.13202660000003,
            "p(95)": 118.69622709999999,
            "avg": 47.460710687705884,
            "min": 5.61755
        },
        "http_req_tls_handshaking": {
            "max": 0,
            "p(90)": 0,
            "p(95)": 0,
            "avg": 0,
            "min": 0,
            "med": 0
        },
        "http_req_connecting": {
            "avg": 0.13244083110802843,
            "min": 0,
            "med": 0,
            "max": 41.339003,
            "p(90)": 0,
            "p(95)": 0
        },
        "vus_max": {
            "value": 100,
            "min": 100,
            "max": 100
        },
        "data_sent": {
            "count": 1008933,
            "rate": 16534.357436696708
        },
        "http_req_duration": {
            "max": 255.15229,
            "p(90)": 93.13202660000003,
            "p(95)": 118.69622709999999,
            "avg": 47.460710687705884,
            "min": 5.61755,
            "med": 36.858323,
            "thresholds": {
                "p(95)<500": false
            }
        },
        "http_req_waiting": {
            "avg": 46.90195844754639,
            "min": 5.513214,
            "med": 36.467664,
            "max": 233.814838,
            "p(90)": 92.7526138,
            "p(95)": 116.00924589999995
        },
        "iterations": {
            "count": 5767,
            "rate": 94.50938698350625
        },
        "iteration_duration": {
            "avg": 1050.1971691388956,
            "min": 1006.133798,
            "med": 1038.912407,
            "max": 1311.780287,
            "p(90)": 1095.854018,
            "p(95)": 1126.0783542
        },
        "vus": {
            "value": 18,
            "min": 18,
            "max": 100
        },
        "http_req_failed": {
            "passes": 0,
            "fails": 5767,
            "thresholds": {
                "rate<0.01": false
            },
            "value": 0
        },
        "http_req_sending": {
            "max": 76.532563,
            "p(90)": 0.1328718000000005,
            "p(95)": 0.3827490999999994,
            "avg": 0.3499481758279873,
            "min": 0.012672,
            "med": 0.059653
        },
        "http_req_blocked": {
            "avg": 0.39213628281602136,
            "min": 0.003539,
            "med": 0.015365,
            "max": 73.884017,
            "p(90)": 0.021775000000000003,
            "p(95)": 0.03020669999999999
        }
    },
    "root_group": {
        "name": "",
        "path": "",
        "id": "d41d8cd98f00b204e9800998ecf8427e",
        "groups": {},
        "checks": {
                "статус 201": {
                    "passes": 5767,
                    "fails": 0,
                    "name": "статус 201",
                    "path": "::статус 201",
                    "id": "c314df9557299c13c0b7848462734a62"
                }
            }
    }
}