{
    "metrics": {
        "http_req_waiting": {
            "avg": 84.80488920129399,
            "min": 10.094085,
            "med": 28.7624025,
            "max": 2158.122217,
            "p(90)": 89.59512009999997,
            "p(95)": 217.07013279999998
        },
        "http_req_failed": {
            "passes": 0,
            "fails": 5564,
            "thresholds": {
                "rate<0.01": false
            },
            "value": 0
        },
        "iteration_duration": {
            "avg": 1086.82399497502,
            "min": 1010.823701,
            "med": 1030.0842054999998,
            "max": 3207.444163,
            "p(90)": 1091.7028707999998,
            "p(95)": 1217.7693821499997
        },
        "iterations": {
            "rate": 91.19345915959198,
            "count": 5564
        },
        "data_received": {
            "count": 511888,
            "rate": 8389.798242682462
        },
        "http_req_duration": {
            "med": 28.9924165,
            "max": 2191.835802,
            "p(90)": 89.90379109999998,
            "p(95)": 217.19762804999996,
            "avg": 85.19637956955434,
            "min": 10.160086,
            "thresholds": {
                "p(95)<500": false
            }
        },
        "http_req_sending": {
            "avg": 0.2784714680086264,
            "min": 0.011344,
            "med": 0.0317565,
            "max": 64.02755,
            "p(90)": 0.0715388,
            "p(95)": 0.1863450499999985
        },
        "http_req_receiving": {
            "med": 0.07108400000000001,
            "max": 11.226976,
            "p(90)": 0.17870679999999994,
            "p(95)": 0.30644929999999915,
            "avg": 0.11301890025161748,
            "min": 0.019144
        },
        "http_req_duration{expected_response:true}": {
            "med": 28.9924165,
            "max": 2191.835802,
            "p(90)": 89.90379109999998,
            "p(95)": 217.19762804999996,
            "avg": 85.19637956955434,
            "min": 10.160086
        },
        "http_reqs": {
            "count": 5564,
            "rate": 91.19345915959198,
            "thresholds": {
                "count>1000": false
            }
        },
        "vus": {
            "value": 17,
            "min": 17,
            "max": 100
        },
        "http_req_blocked": {
            "max": 70.267214,
            "p(90)": 0.014226199999999998,
            "p(95)": 0.01934759999999999,
            "avg": 0.1985579264917336,
            "min": 0.003206,
            "med": 0.008078
        },
        "data_sent": {
            "count": 969421,
            "rate": 15888.722928100435
        },
        "vus_max": {
            "min": 100,
            "max": 100,
            "value": 100
        },
        "http_req_tls_handshaking": {
            "avg": 0,
            "min": 0,
            "med": 0,
            "max": 0,
            "p(90)": 0,
            "p(95)": 0
        },
        "http_req_connecting": {
            "med": 0,
            "max": 59.438185,
            "p(90)": 0,
            "p(95)": 0,
            "avg": 0.14399289252336453,
            "min": 0
        },
        "checks": {
            "fails": 0,
            "passes": 5564,
            "value": 1
        }
    },
    "root_group": {
        "name": "",
        "path": "",
        "id": "d41d8cd98f00b204e9800998ecf8427e",
        "groups": {},
        "checks": {
                "статус 201": {
                    "passes": 5564,
                    "fails": 0,
                    "name": "статус 201",
                    "path": "::статус 201",
                    "id": "c314df9557299c13c0b7848462734a62"
                }
            }
    }
}