{
    "root_group": {
        "name": "",
        "path": "",
        "id": "d41d8cd98f00b204e9800998ecf8427e",
        "groups": {},
        "checks": {
                "статус 201": {
                    "id": "c314df9557299c13c0b7848462734a62",
                    "passes": 5729,
                    "fails": 0,
                    "name": "статус 201",
                    "path": "::статус 201"
                }
            }
    },
    "metrics": {
        "iterations": {
            "count": 5729,
            "rate": 93.90771989034995
        },
        "http_req_sending": {
            "p(90)": 0.1003794,
            "p(95)": 0.2857655999999995,
            "avg": 0.11613718484901385,
            "min": 0.007321,
            "med": 0.034797,
            "max": 18.561995
        },
        "data_received": {
            "count": 527068,
            "rate": 8639.510229912195
        },
        "http_req_blocked": {
            "avg": 0.052343057601675756,
            "min": 0.002217,
            "med": 0.008725,
            "max": 20.642278,
            "p(90)": 0.0184514,
            "p(95)": 0.02245259999999998
        },
        "http_req_receiving": {
            "max": 11.602352,
            "p(90)": 0.21906999999999993,
            "p(95)": 0.4483073999999994,
            "avg": 0.14020245714784407,
            "min": 0.012527,
            "med": 0.060565
        },
        "http_reqs": {
            "rate": 93.90771989034995,
            "count": 5729,
            "thresholds": {
                "count>1000": false
            }
        },
        "iteration_duration": {
            "p(95)": 1131.9618435999998,
            "avg": 1054.1886041773462,
            "min": 1006.665005,
            "med": 1046.920886,
            "max": 1271.106278,
            "p(90)": 1096.2467188
        },
        "http_req_duration": {
            "p(90)": 92.9406048,
            "p(95)": 126.71097199999993,
            "avg": 51.94030082754398,
            "min": 5.794688,
            "med": 44.777076,
            "max": 264.604877,
            "thresholds": {
                "p(95)<500": false
            }
        },
        "checks": {
            "passes": 5729,
            "fails": 0,
            "value": 1
        },
        "vus_max": {
            "max": 100,
            "value": 100,
            "min": 100
        },
        "http_req_duration{expected_response:true}": {
            "min": 5.794688,
            "med": 44.777076,
            "max": 264.604877,
            "p(90)": 92.9406048,
            "p(95)": 126.71097199999993,
            "avg": 51.94030082754398
        },
        "http_req_failed": {
            "passes": 0,
            "fails": 5729,
            "thresholds": {
                "rate<0.01": false
            },
            "value": 0
        },
        "http_req_connecting": {
            "avg": 0.012168598882876596,
            "min": 0,
            "med": 0,
            "max": 14.760429,
            "p(90)": 0,
            "p(95)": 0
        },
        "vus": {
            "value": 27,
            "min": 27,
            "max": 100
        },
        "http_req_tls_handshaking": {
            "med": 0,
            "max": 0,
            "p(90)": 0,
            "p(95)": 0,
            "avg": 0,
            "min": 0
        },
        "http_req_waiting": {
            "p(90)": 92.7169328,
            "p(95)": 126.55355159999999,
            "avg": 51.683961185547304,
            "min": 5.699248,
            "med": 44.4606,
            "max": 264.517428
        },
        "data_sent": {
            "count": 1002357,
            "rate": 16430.277602745944
        }
    }
}