{
    "metrics": {
        "http_req_sending": {
            "med": 0.060268,
            "max": 40.168036,
            "p(90)": 0.193296,
            "p(95)": 0.57694325,
            "avg": 0.19343914553093972,
            "min": 0.014355
        },
        "checks": {
            "fails": 0,
            "passes": 5236,
            "value": 1
        },
        "http_reqs": {
            "count": 5236,
            "rate": 85.90800453821399,
            "thresholds": {
                "count>1000": false
            }
        },
        "http_req_connecting": {
            "p(95)": 0,
            "avg": 0.04082045721925133,
            "min": 0,
            "med": 0,
            "max": 30.776217,
            "p(90)": 0
        },
        "vus_max": {
            "value": 100,
            "min": 100,
            "max": 100
        },
        "data_received": {
            "count": 481712,
            "rate": 7903.5364175156865
        },
        "http_req_failed": {
            "passes": 0,
            "fails": 5236,
            "thresholds": {
                "rate<0.01": false
            },
            "value": 0
        },
        "http_req_waiting": {
            "max": 390.727817,
            "p(90)": 277.93618200000003,
            "p(95)": 303.691285,
            "avg": 154.16597481608082,
            "min": 11.906067,
            "med": 167.4894085
        },
        "http_req_duration{expected_response:true}": {
            "avg": 154.50542340909143,
            "min": 12.007479,
            "med": 167.71474849999998,
            "max": 390.818652,
            "p(90)": 278.09615499999995,
            "p(95)": 304.32271975
        },
        "vus": {
            "value": 42,
            "min": 42,
            "max": 100
        },
        "http_req_tls_handshaking": {
            "med": 0,
            "max": 0,
            "p(90)": 0,
            "p(95)": 0,
            "avg": 0,
            "min": 0
        },
        "http_req_receiving": {
            "avg": 0.14600944747899167,
            "min": 0.017063,
            "med": 0.08967,
            "max": 12.901852,
            "p(90)": 0.24718,
            "p(95)": 0.42097175000000003
        },
        "iteration_duration": {
            "avg": 1158.2293526802903,
            "min": 1012.783866,
            "med": 1170.391579,
            "max": 1398.18345,
            "p(90)": 1286.7412895,
            "p(95)": 1312.761696
        },
        "data_sent": {
            "count": 912609,
            "rate": 14973.341885717136
        },
        "iterations": {
            "count": 5236,
            "rate": 85.90800453821399
        },
        "http_req_duration": {
            "avg": 154.50542340909143,
            "min": 12.007479,
            "med": 167.71474849999998,
            "max": 390.818652,
            "p(90)": 278.09615499999995,
            "p(95)": 304.32271975,
            "thresholds": {
                "p(95)<500": false
            }
        },
        "http_req_blocked": {
            "min": 0.004184,
            "med": 0.015172999999999999,
            "max": 31.21112,
            "p(90)": 0.021887999999999998,
            "p(95)": 0.036444500000000005,
            "avg": 0.09609442341482069
        }
    },
    "root_group": {
        "groups": {},
        "checks": {
                "статус 201": {
                    "id": "c314df9557299c13c0b7848462734a62",
                    "passes": 5236,
                    "fails": 0,
                    "name": "статус 201",
                    "path": "::статус 201"
                }
            },
        "name": "",
        "path": "",
        "id": "d41d8cd98f00b204e9800998ecf8427e"
    }
}