{
    "root_group": {
        "id": "d41d8cd98f00b204e9800998ecf8427e",
        "groups": {},
        "checks": {
                "статус 201": {
                    "name": "статус 201",
                    "path": "::статус 201",
                    "id": "c314df9557299c13c0b7848462734a62",
                    "passes": 5258,
                    "fails": 0
                }
            },
        "name": "",
        "path": ""
    },
    "metrics": {
        "http_req_blocked": {
            "avg": 0.07101579060479216,
            "min": 0.003139,
            "med": 0.0151535,
            "max": 17.452212,
            "p(90)": 0.0220623,
            "p(95)": 0.04186014999999994
        },
        "iteration_duration": {
            "avg": 1158.015137334919,
            "min": 1010.099699,
            "med": 1163.7260585,
            "max": 1420.115122,
            "p(90)": 1279.5088287,
            "p(95)": 1301.2396437
        },
        "http_req_failed": {
            "passes": 0,
            "fails": 5258,
            "thresholds": {
                "rate<0.01": false
            },
            "value": 0
        },
        "vus": {
            "value": 80,
            "min": 80,
            "max": 100
        },
        "http_req_connecting": {
            "avg": 0.030182555534423745,
            "min": 0,
            "med": 0,
            "max": 9.944971,
            "p(90)": 0,
            "p(95)": 0
        },
        "http_req_receiving": {
            "avg": 0.1533713451882845,
            "min": 0.019573,
            "med": 0.08716399999999999,
            "max": 49.68041,
            "p(90)": 0.2470002000000001,
            "p(95)": 0.41157854999999993
        },
        "checks": {
            "passes": 5258,
            "fails": 0,
            "value": 1
        },
        "vus_max": {
            "value": 100,
            "min": 100,
            "max": 100
        },
        "http_reqs": {
            "count": 5258,
            "rate": 86.13904775649515,
            "thresholds": {
                "count>1000": false
            }
        },
        "data_sent": {
            "rate": 15006.083971126938,
            "count": 915984
        },
        "http_req_duration{expected_response:true}": {
            "max": 405.401218,
            "p(90)": 275.2713538,
            "p(95)": 295.83508244999996,
            "avg": 154.93912070368916,
            "min": 9.432287,
            "med": 160.40194200000002
        },
        "data_received": {
            "rate": 7924.792393597552,
            "count": 483736
        },
        "iterations": {
            "rate": 86.13904775649515,
            "count": 5258
        },
        "http_req_tls_handshaking": {
            "avg": 0,
            "min": 0,
            "med": 0,
            "max": 0,
            "p(90)": 0,
            "p(95)": 0
        },
        "http_req_sending": {
            "med": 0.0604305,
            "max": 34.059097,
            "p(90)": 0.19102730000000007,
            "p(95)": 0.5518712499999971,
            "avg": 0.19538292658805628,
            "min": 0.012813
        },
        "http_req_duration": {
            "avg": 154.93912070368916,
            "min": 9.432287,
            "med": 160.40194200000002,
            "max": 405.401218,
            "p(90)": 275.2713538,
            "p(95)": 295.83508244999996,
            "thresholds": {
                "p(95)<500": false
            }
        },
        "http_req_waiting": {
            "med": 160.029967,
            "max": 404.735944,
            "p(90)": 274.9828855,
            "p(95)": 295.53844449999997,
            "avg": 154.59036643191322,
            "min": 9.350674
        }
    }
}