{
    "metrics": {
        "http_req_duration": {
            "avg": 53.387156052943126,
            "min": 6.811039,
            "med": 44.624500499999996,
            "max": 342.859431,
            "p(90)": 97.16752430000003,
            "p(95)": 124.4746051,
            "thresholds": {
                "p(95)<500": false
            }
        },
        "iterations": {
            "count": 5742,
            "rate": 94.08440321214047
        },
        "http_req_blocked": {
            "avg": 0.09703134221525585,
            "min": 0.004607,
            "med": 0.0160005,
            "max": 19.251582,
            "p(90)": 0.022353700000000018,
            "p(95)": 0.041648899999999926
        },
        "data_received": {
            "count": 528264,
            "rate": 8655.765095516923
        },
        "iteration_duration": {
            "avg": 1055.9400404460164,
            "min": 1007.582379,
            "med": 1046.989652,
            "max": 1363.979353,
            "p(90)": 1100.1424485,
            "p(95)": 1128.7265163
        },
        "http_req_tls_handshaking": {
            "avg": 0,
            "min": 0,
            "med": 0,
            "max": 0,
            "p(90)": 0,
            "p(95)": 0
        },
        "http_reqs": {
            "count": 5742,
            "rate": 94.08440321214047,
            "thresholds": {
                "count>1000": false
            }
        },
        "http_req_duration{expected_response:true}": {
            "p(95)": 124.4746051,
            "avg": 53.387156052943126,
            "min": 6.811039,
            "med": 44.624500499999996,
            "max": 342.859431,
            "p(90)": 97.16752430000003
        },
        "http_req_connecting": {
            "avg": 0.032106285266457694,
            "min": 0,
            "med": 0,
            "max": 10.343455,
            "p(90)": 0,
            "p(95)": 0
        },
        "vus_max": {
            "min": 100,
            "max": 100,
            "value": 100
        },
        "http_req_sending": {
            "p(90)": 0.14526670000000072,
            "p(95)": 0.39431064999999876,
            "avg": 0.16133559892023658,
            "min": 0.018226,
            "med": 0.063116,
            "max": 38.547258
        },
        "http_req_receiving": {
            "med": 0.1193535,
            "max": 30.798069,
            "p(90)": 0.37917920000000016,
            "p(95)": 0.7173299999999998,
            "avg": 0.22381283733890678,
            "min": 0.016054
        },
        "data_sent": {
            "count": 1005105,
            "rate": 16468.948814095864
        },
        "checks": {
            "passes": 5742,
            "fails": 0,
            "value": 1
        },
        "vus": {
            "max": 100,
            "value": 29,
            "min": 29
        },
        "http_req_failed": {
            "passes": 0,
            "fails": 5742,
            "thresholds": {
                "rate<0.01": false
            },
            "value": 0
        },
        "http_req_waiting": {
            "p(90)": 96.78243790000002,
            "p(95)": 124.07471534999999,
            "avg": 53.002007616684224,
            "min": 6.717229,
            "med": 44.21631,
            "max": 340.862708
        }
    },
    "root_group": {
        "name": "",
        "path": "",
        "id": "d41d8cd98f00b204e9800998ecf8427e",
        "groups": {},
        "checks": {
                "статус 201": {
                    "name": "статус 201",
                    "path": "::статус 201",
                    "id": "c314df9557299c13c0b7848462734a62",
                    "passes": 5742,
                    "fails": 0
                }
            }
    }
}