{
    "root_group": {
        "name": "",
        "path": "",
        "id": "d41d8cd98f00b204e9800998ecf8427e",
        "groups": {},
        "checks": {
                "статус 201": {
                    "name": "статус 201",
                    "path": "::статус 201",
                    "id": "c314df9557299c13c0b7848462734a62",
                    "passes": 5755,
                    "fails": 0
                }
            }
    },
    "metrics": {
        "http_req_receiving": {
            "p(95)": 0.6127352000000001,
            "avg": 0.1957150340573421,
            "min": 0.016693,
            "med": 0.108731,
            "max": 16.96452,
            "p(90)": 0.3381982
        },
        "vus": {
            "max": 100,
            "value": 7,
            "min": 7
        },
        "vus_max": {
            "min": 100,
            "max": 100,
            "value": 100
        },
        "http_req_waiting": {
            "p(90)": 95.65045440000003,
            "p(95)": 126.30857840000003,
            "avg": 48.7662444841008,
            "min": 6.177351,
            "med": 39.685715,
            "max": 231.537509
        },
        "http_reqs": {
            "count": 5755,
            "rate": 94.31134458229971,
            "thresholds": {
                "count>1000": false
            }
        },
        "http_req_duration": {
            "max": 231.654836,
            "p(90)": 96.02492940000002,
            "p(95)": 126.74978800000005,
            "avg": 49.108677346307815,
            "min": 6.264909,
            "med": 40.111599,
            "thresholds": {
                "p(95)<500": false
            }
        },
        "iterations": {
            "count": 5755,
            "rate": 94.31134458229971
        },
        "http_req_duration{expected_response:true}": {
            "max": 231.654836,
            "p(90)": 96.02492940000002,
            "p(95)": 126.74978800000005,
            "avg": 49.108677346307815,
            "min": 6.264909,
            "med": 40.111599
        },
        "http_req_connecting": {
            "p(90)": 0,
            "p(95)": 0,
            "avg": 0.014891432841007815,
            "min": 0,
            "med": 0,
            "max": 6.646259
        },
        "iteration_duration": {
            "max": 1243.911075,
            "p(90)": 1097.7183726,
            "p(95)": 1129.1241925000002,
            "avg": 1051.063364773764,
            "min": 1006.871015,
            "med": 1042.031999
        },
        "http_req_blocked": {
            "p(95)": 0.02691960000000003,
            "avg": 0.04131261894005208,
            "min": 0.002413,
            "med": 0.01515,
            "max": 8.209155,
            "p(90)": 0.020826200000000003
        },
        "checks": {
            "passes": 5755,
            "fails": 0,
            "value": 1
        },
        "http_req_failed": {
            "passes": 0,
            "fails": 5755,
            "thresholds": {
                "rate<0.01": false
            },
            "value": 0
        },
        "http_req_sending": {
            "med": 0.060015,
            "max": 26.194716,
            "p(90)": 0.1402392,
            "p(95)": 0.3940635000000001,
            "avg": 0.14671782814943485,
            "min": 0.010116
        },
        "data_received": {
            "count": 529460,
            "rate": 8676.643701571573
        },
        "http_req_tls_handshaking": {
            "p(90)": 0,
            "p(95)": 0,
            "avg": 0,
            "min": 0,
            "med": 0,
            "max": 0
        },
        "data_sent": {
            "count": 1007286,
            "rate": 16507.123725269565
        }
    }
}