{
    "root_group": {
        "name": "",
        "path": "",
        "id": "d41d8cd98f00b204e9800998ecf8427e",
        "groups": {},
        "checks": {
                "статус 201": {
                    "name": "статус 201",
                    "path": "::статус 201",
                    "id": "c314df9557299c13c0b7848462734a62",
                    "passes": 5273,
                    "fails": 0
                }
            }
    },
    "metrics": {
        "http_req_connecting": {
            "avg": 0.06622599146595869,
            "min": 0,
            "med": 0,
            "max": 16.362392,
            "p(90)": 0,
            "p(95)": 0
        },
        "http_req_receiving": {
            "med": 0.090722,
            "max": 16.076616,
            "p(90)": 0.23985340000000005,
            "p(95)": 0.3887231999999995,
            "avg": 0.14662399108666802,
            "min": 0.018696
        },
        "http_req_duration{expected_response:true}": {
            "min": 11.433431,
            "med": 140.63276,
            "max": 428.478812,
            "p(90)": 253.2150148,
            "p(95)": 276.2406678,
            "avg": 141.0770453629813
        },
        "http_req_waiting": {
            "p(95)": 275.6647288,
            "avg": 140.68276694633067,
            "min": 11.344922,
            "med": 140.083942,
            "max": 428.364513,
            "p(90)": 253.02296520000002
        },
        "http_req_failed": {
            "passes": 0,
            "fails": 5273,
            "thresholds": {
                "rate<0.01": false
            },
            "value": 0
        },
        "http_reqs": {
            "count": 5273,
            "rate": 86.39733927119164,
            "thresholds": {
                "count>1000": false
            }
        },
        "http_req_blocked": {
            "min": 0.004392,
            "med": 0.01519,
            "max": 33.269812,
            "p(90)": 0.021536600000000003,
            "p(95)": 0.03231459999999992,
            "avg": 0.11632145628674403
        },
        "http_req_sending": {
            "avg": 0.24765442556419445,
            "min": 0.015513,
            "med": 0.062713,
            "max": 59.780958,
            "p(90)": 0.19620960000000015,
            "p(95)": 0.6759453999999984
        },
        "vus_max": {
            "value": 100,
            "min": 100,
            "max": 100
        },
        "iterations": {
            "count": 5273,
            "rate": 86.39733927119164
        },
        "vus": {
            "value": 8,
            "min": 8,
            "max": 100
        },
        "http_req_duration": {
            "avg": 141.0770453629813,
            "min": 11.433431,
            "med": 140.63276,
            "max": 428.478812,
            "p(90)": 253.2150148,
            "p(95)": 276.2406678,
            "thresholds": {
                "p(95)<500": false
            }
        },
        "checks": {
            "passes": 5273,
            "fails": 0,
            "value": 1
        },
        "data_received": {
            "count": 485116,
            "rate": 7948.555212949631
        },
        "iteration_duration": {
            "max": 1429.58937,
            "p(90)": 1256.6163766,
            "p(95)": 1284.7260608,
            "avg": 1144.1898391712516,
            "min": 1012.49308,
            "med": 1145.151643
        },
        "http_req_tls_handshaking": {
            "avg": 0,
            "min": 0,
            "med": 0,
            "max": 0,
            "p(90)": 0,
            "p(95)": 0
        },
        "data_sent": {
            "count": 918754,
            "rate": 15053.650871375765
        }
    }
}