{
    "root_group": {
        "name": "",
        "path": "",
        "id": "d41d8cd98f00b204e9800998ecf8427e",
        "groups": {},
        "checks": {
                "статус 201": {
                    "name": "статус 201",
                    "path": "::статус 201",
                    "id": "c314df9557299c13c0b7848462734a62",
                    "passes": 5752,
                    "fails": 0
                }
            }
    },
    "metrics": {
        "iterations": {
            "count": 5752,
            "rate": 94.25514433506243
        },
        "http_req_receiving": {
            "p(90)": 0.36503400000000014,
            "p(95)": 0.6383758499999997,
            "avg": 0.20904852503477037,
            "min": 0.020812,
            "med": 0.119471,
            "max": 11.194635
        },
        "checks": {
            "passes": 5752,
            "fails": 0,
            "value": 1
        },
        "iteration_duration": {
            "max": 1282.981686,
            "p(90)": 1090.7525438999999,
            "p(95)": 1123.8592134,
            "avg": 1051.1969550768422,
            "min": 1007.327181,
            "med": 1041.6363375
        },
        "http_req_failed": {
            "passes": 0,
            "fails": 5752,
            "thresholds": {
                "rate<0.01": false
            },
            "value": 0
        },
        "http_req_connecting": {
            "min": 0,
            "med": 0,
            "max": 38.716658,
            "p(90)": 0,
            "p(95)": 0,
            "avg": 0.11320065055632829
        },
        "http_req_duration": {
            "med": 39.414468,
            "max": 281.199256,
            "p(90)": 87.19789840000011,
            "p(95)": 119.58614614999999,
            "avg": 48.728724380041854,
            "min": 6.696861,
            "thresholds": {
                "p(95)<500": false
            }
        },
        "http_req_duration{expected_response:true}": {
            "med": 39.414468,
            "max": 281.199256,
            "p(90)": 87.19789840000011,
            "p(95)": 119.58614614999999,
            "avg": 48.728724380041854,
            "min": 6.696861
        },
        "http_req_sending": {
            "avg": 0.15918308901251782,
            "min": 0.016551,
            "med": 0.0619705,
            "max": 17.607753,
            "p(90)": 0.14108830000000042,
            "p(95)": 0.40128659999999944
        },
        "vus": {
            "value": 16,
            "min": 16,
            "max": 100
        },
        "data_received": {
            "rate": 8671.473278825742,
            "count": 529184
        },
        "vus_max": {
            "value": 100,
            "min": 100,
            "max": 100
        },
        "http_req_blocked": {
            "avg": 0.17926856554241974,
            "min": 0.004762,
            "med": 0.015922,
            "max": 38.905316,
            "p(90)": 0.021994700000000002,
            "p(95)": 0.03393454999999992
        },
        "http_reqs": {
            "count": 5752,
            "rate": 94.25514433506243,
            "thresholds": {
                "count>1000": false
            }
        },
        "data_sent": {
            "count": 1006414,
            "rate": 16491.602369754437
        },
        "http_req_tls_handshaking": {
            "avg": 0,
            "min": 0,
            "med": 0,
            "max": 0,
            "p(90)": 0,
            "p(95)": 0
        },
        "http_req_waiting": {
            "p(95)": 119.30210274999996,
            "avg": 48.36049276599455,
            "min": 6.579951,
            "med": 39.047326999999996,
            "max": 281.082885,
            "p(90)": 86.73202800000001
        }
    }
}