{
    "metrics": {
        "http_req_connecting": {
            "avg": 0.026432745302713986,
            "min": 0,
            "med": 0,
            "max": 32.739905,
            "p(90)": 0,
            "p(95)": 0
        },
        "data_received": {
            "count": 528816,
            "rate": 8666.832936967268
        },
        "http_req_receiving": {
            "p(95)": 0.6773700499999984,
            "avg": 0.22203179036186604,
            "min": 0.018395,
            "med": 0.1129285,
            "max": 25.062003,
            "p(90)": 0.3662129
        },
        "vus": {
            "value": 19,
            "min": 19,
            "max": 100
        },
        "http_req_duration{expected_response:true}": {
            "avg": 48.810423411273455,
            "min": 5.453138,
            "med": 35.7876505,
            "max": 253.371854,
            "p(90)": 95.33572570000003,
            "p(95)": 155.47363664999997
        },
        "vus_max": {
            "value": 100,
            "min": 100,
            "max": 100
        },
        "http_req_sending": {
            "min": 0.011661,
            "med": 0.060299000000000005,
            "max": 27.880647,
            "p(90)": 0.12909030000000002,
            "p(95)": 0.3377944999999998,
            "avg": 0.13631743841336122
        },
        "http_req_waiting": {
            "min": 5.363192,
            "med": 35.437425000000005,
            "max": 253.296106,
            "p(90)": 95.0949427,
            "p(95)": 155.0066985,
            "avg": 48.45207418249827
        },
        "checks": {
            "passes": 5748,
            "fails": 0,
            "value": 1
        },
        "http_reqs": {
            "rate": 94.20470583660074,
            "count": 5748,
            "thresholds": {
                "count>1000": false
            }
        },
        "http_req_blocked": {
            "max": 33.022055,
            "p(90)": 0.0216482,
            "p(95)": 0.03214355,
            "avg": 0.06234715831593581,
            "min": 0.003477,
            "med": 0.0152545
        },
        "http_req_tls_handshaking": {
            "p(95)": 0,
            "avg": 0,
            "min": 0,
            "med": 0,
            "max": 0,
            "p(90)": 0
        },
        "iteration_duration": {
            "avg": 1050.998260166144,
            "min": 1005.822232,
            "med": 1037.5796030000001,
            "max": 1257.487873,
            "p(90)": 1097.389008,
            "p(95)": 1159.81003415
        },
        "http_req_failed": {
            "passes": 0,
            "fails": 5748,
            "thresholds": {
                "rate<0.01": false
            },
            "value": 0
        },
        "data_sent": {
            "count": 1006071,
            "rate": 16488.626062236384
        },
        "http_req_duration": {
            "max": 253.371854,
            "p(90)": 95.33572570000003,
            "p(95)": 155.47363664999997,
            "avg": 48.810423411273455,
            "min": 5.453138,
            "med": 35.7876505,
            "thresholds": {
                "p(95)<500": false
            }
        },
        "iterations": {
            "rate": 94.20470583660074,
            "count": 5748
        }
    },
    "root_group": {
        "name": "",
        "path": "",
        "id": "d41d8cd98f00b204e9800998ecf8427e",
        "groups": {},
        "checks": {
                "статус 201": {
                    "path": "::статус 201",
                    "id": "c314df9557299c13c0b7848462734a62",
                    "passes": 5748,
                    "fails": 0,
                    "name": "статус 201"
                }
            }
    }
}