{
    "root_group": {
        "id": "d41d8cd98f00b204e9800998ecf8427e",
        "groups": {},
        "checks": {
                "статус 201": {
                    "path": "::статус 201",
                    "id": "c314df9557299c13c0b7848462734a62",
                    "passes": 5800,
                    "fails": 0,
                    "name": "статус 201"
                }
            },
        "name": "",
        "path": ""
    },
    "metrics": {
        "iteration_duration": {
            "avg": 1042.783866758616,
            "min": 1006.738521,
            "med": 1037.2593385,
            "max": 1281.094943,
            "p(90)": 1069.6693981,
            "p(95)": 1106.5728736500002
        },
        "http_req_blocked": {
            "med": 0.006676,
            "max": 34.961883,
            "p(90)": 0.010790600000000006,
            "p(95)": 0.015101550000000002,
            "avg": 0.1376578506896548,
            "min": 0.002503
        },
        "http_req_waiting": {
            "p(90)": 66.95793360000002,
            "p(95)": 100.15024175,
            "avg": 40.90648822068967,
            "min": 5.986342,
            "med": 35.53223,
            "max": 277.258579
        },
        "http_req_sending": {
            "max": 34.753593,
            "p(90)": 0.07135530000000016,
            "p(95)": 0.2413314500000003,
            "avg": 0.16213021310344844,
            "min": 0.008936,
            "med": 0.025599499999999997
        },
        "vus_max": {
            "max": 100,
            "value": 100,
            "min": 100
        },
        "http_reqs": {
            "count": 5800,
            "rate": 95.68689793873418,
            "thresholds": {
                "count>1000": false
            }
        },
        "checks": {
            "passes": 5800,
            "fails": 0,
            "value": 1
        },
        "http_req_duration": {
            "med": 35.7869215,
            "max": 280.117231,
            "p(90)": 67.162594,
            "p(95)": 102.46873955000001,
            "avg": 41.18074987948275,
            "min": 6.072906,
            "thresholds": {
                "p(95)<500": false
            }
        },
        "http_req_receiving": {
            "avg": 0.11213144568965527,
            "min": 0.012679,
            "med": 0.047651,
            "max": 18.092043,
            "p(90)": 0.16596650000000004,
            "p(95)": 0.3352458000000003
        },
        "iterations": {
            "count": 5800,
            "rate": 95.68689793873418
        },
        "http_req_failed": {
            "passes": 0,
            "fails": 5800,
            "thresholds": {
                "rate<0.01": false
            },
            "value": 0
        },
        "http_req_duration{expected_response:true}": {
            "p(95)": 102.46873955000001,
            "avg": 41.18074987948275,
            "min": 6.072906,
            "med": 35.7869215,
            "max": 280.117231,
            "p(90)": 67.162594
        },
        "http_req_connecting": {
            "avg": 0.10680835362068965,
            "min": 0,
            "med": 0,
            "max": 32.761094,
            "p(90)": 0,
            "p(95)": 0
        },
        "data_sent": {
            "count": 1015250,
            "rate": 16749.33157453446
        },
        "data_received": {
            "count": 533600,
            "rate": 8803.194610363544
        },
        "http_req_tls_handshaking": {
            "min": 0,
            "med": 0,
            "max": 0,
            "p(90)": 0,
            "p(95)": 0,
            "avg": 0
        },
        "vus": {
            "value": 100,
            "min": 100,
            "max": 100
        }
    }
}