{
    "root_group": {
        "groups": {},
        "checks": {
                "статус 201": {
                    "name": "статус 201",
                    "path": "::статус 201",
                    "id": "c314df9557299c13c0b7848462734a62",
                    "passes": 5729,
                    "fails": 0
                }
            },
        "name": "",
        "path": "",
        "id": "d41d8cd98f00b204e9800998ecf8427e"
    },
    "metrics": {
        "http_req_blocked": {
            "med": 0.016114,
            "max": 69.751872,
            "p(90)": 0.0224668,
            "p(95)": 0.043435799999999955,
            "avg": 0.15741116913946543,
            "min": 0.004712
        },
        "http_req_receiving": {
            "med": 0.119527,
            "max": 45.012525,
            "p(90)": 0.3923785999999999,
            "p(95)": 0.6695249999999986,
            "avg": 0.2293618251003671,
            "min": 0.020954
        },
        "data_received": {
            "count": 527068,
            "rate": 8639.333941710587
        },
        "http_req_tls_handshaking": {
            "max": 0,
            "p(90)": 0,
            "p(95)": 0,
            "avg": 0,
            "min": 0,
            "med": 0
        },
        "http_req_duration": {
            "p(95)": 125.85352819999996,
            "avg": 53.25877302042238,
            "min": 6.676936,
            "med": 45.088618,
            "max": 261.364545,
            "p(90)": 90.71720079999999,
            "thresholds": {
                "p(95)<500": false
            }
        },
        "http_reqs": {
            "count": 5729,
            "rate": 93.90580371424552,
            "thresholds": {
                "count>1000": false
            }
        },
        "vus_max": {
            "value": 100,
            "min": 100,
            "max": 100
        },
        "http_req_duration{expected_response:true}": {
            "p(90)": 90.71720079999999,
            "p(95)": 125.85352819999996,
            "avg": 53.25877302042238,
            "min": 6.676936,
            "med": 45.088618,
            "max": 261.364545
        },
        "vus": {
            "value": 5,
            "min": 5,
            "max": 100
        },
        "http_req_failed": {
            "passes": 0,
            "fails": 5729,
            "thresholds": {
                "rate<0.01": false
            },
            "value": 0
        },
        "http_req_sending": {
            "p(90)": 0.16920959999999996,
            "p(95)": 0.4709339999999998,
            "avg": 0.15388914854250357,
            "min": 0.015061,
            "med": 0.063864,
            "max": 15.041122
        },
        "http_req_connecting": {
            "avg": 0.08439373573049398,
            "min": 0,
            "med": 0,
            "max": 21.105223,
            "p(90)": 0,
            "p(95)": 0
        },
        "http_req_waiting": {
            "p(90)": 90.15880519999997,
            "p(95)": 124.85310639999999,
            "avg": 52.87552204677949,
            "min": 6.578996,
            "med": 44.698716,
            "max": 260.91359
        },
        "checks": {
            "passes": 5729,
            "fails": 0,
            "value": 1
        },
        "data_sent": {
            "count": 1002574,
            "rate": 16433.499258684933
        },
        "iterations": {
            "count": 5729,
            "rate": 93.90580371424552
        },
        "iteration_duration": {
            "avg": 1055.6660041262003,
            "min": 1007.56795,
            "med": 1047.301829,
            "max": 1291.452449,
            "p(90)": 1093.582916,
            "p(95)": 1127.979726
        }
    }
}