{
    "metrics": {
        "iterations": {
            "count": 5753,
            "rate": 94.27453661716869
        },
        "iteration_duration": {
            "avg": 1051.6204226850352,
            "min": 1006.153016,
            "med": 1032.627083,
            "max": 1407.356971,
            "p(90)": 1112.2673763999999,
            "p(95)": 1151.79102
        },
        "http_req_blocked": {
            "avg": 0.5345091107248385,
            "min": 0.003066,
            "med": 0.015831,
            "max": 96.375755,
            "p(90)": 0.0218186,
            "p(95)": 0.030473999999999966
        },
        "http_req_receiving": {
            "min": 0.015967,
            "med": 0.123841,
            "max": 14.704001,
            "p(90)": 0.32878280000000004,
            "p(95)": 0.5748911999999994,
            "avg": 0.1939332593429517
        },
        "http_req_failed": {
            "passes": 0,
            "fails": 5753,
            "thresholds": {
                "rate<0.01": false
            },
            "value": 0
        },
        "http_req_sending": {
            "min": 0.010199,
            "med": 0.063347,
            "max": 28.609331,
            "p(90)": 0.13037840000000006,
            "p(95)": 0.37824859999999505,
            "avg": 0.1833954145663135
        },
        "http_req_waiting": {
            "p(90)": 108.4241526,
            "p(95)": 141.22250619999969,
            "avg": 48.58072421779948,
            "min": 5.708859,
            "med": 30.605787,
            "max": 405.650139
        },
        "http_req_duration{expected_response:true}": {
            "p(90)": 109.16673360000003,
            "p(95)": 142.9929717999999,
            "avg": 48.95805289170854,
            "min": 5.82104,
            "med": 30.894172,
            "max": 405.83846
        },
        "http_req_duration": {
            "min": 5.82104,
            "med": 30.894172,
            "max": 405.83846,
            "p(90)": 109.16673360000003,
            "p(95)": 142.9929717999999,
            "avg": 48.95805289170854,
            "thresholds": {
                "p(95)<500": false
            }
        },
        "http_req_tls_handshaking": {
            "p(95)": 0,
            "avg": 0,
            "min": 0,
            "med": 0,
            "max": 0,
            "p(90)": 0
        },
        "http_reqs": {
            "count": 5753,
            "rate": 94.27453661716869,
            "thresholds": {
                "count>1000": false
            }
        },
        "http_req_connecting": {
            "max": 66.853998,
            "p(90)": 0,
            "p(95)": 0,
            "avg": 0.240830893273075,
            "min": 0,
            "med": 0
        },
        "checks": {
            "passes": 5753,
            "fails": 0,
            "value": 1
        },
        "data_received": {
            "count": 529276,
            "rate": 8673.25736877952
        },
        "vus": {
            "value": 26,
            "min": 26,
            "max": 100
        },
        "vus_max": {
            "value": 100,
            "min": 100,
            "max": 100
        },
        "data_sent": {
            "count": 1006835,
            "rate": 16499.027129314625
        }
    },
    "root_group": {
        "name": "",
        "path": "",
        "id": "d41d8cd98f00b204e9800998ecf8427e",
        "groups": {},
        "checks": {
                "статус 201": {
                    "name": "статус 201",
                    "path": "::статус 201",
                    "id": "c314df9557299c13c0b7848462734a62",
                    "passes": 5753,
                    "fails": 0
                }
            }
    }
}