{
    "root_group": {
        "name": "",
        "path": "",
        "id": "d41d8cd98f00b204e9800998ecf8427e",
        "groups": {},
        "checks": {
                "статус 201": {
                    "name": "статус 201",
                    "path": "::статус 201",
                    "id": "c314df9557299c13c0b7848462734a62",
                    "passes": 6000,
                    "fails": 0
                }
            }
    },
    "metrics": {
        "data_sent": {
            "count": 1020472,
            "rate": 16832.94844191257
        },
        "http_req_blocked": {
            "p(95)": 0.01044745,
            "avg": 0.011682351333333306,
            "min": 0.001133,
            "med": 0.006377,
            "max": 1.884224,
            "p(90)": 0.008881100000000001
        },
        "http_req_failed": {
            "passes": 0,
            "fails": 6000,
            "thresholds": {
                "rate<0.01": false
            },
            "value": 0
        },
        "iteration_duration": {
            "p(95)": 1011.9746116,
            "avg": 1007.8720678228368,
            "min": 1000.998758,
            "med": 1003.9790475,
            "max": 1320.117082,
            "p(90)": 1008.311015
        },
        "http_req_sending": {
            "max": 1.806691,
            "p(90)": 0.03511000000000001,
            "p(95)": 0.040301150000000015,
            "avg": 0.026793461166666668,
            "min": 0.002816,
            "med": 0.023856000000000002
        },
        "data_received": {
            "count": 900000,
            "rate": 14845.73177678693
        },
        "http_req_connecting": {
            "avg": 0.002795284499999999,
            "min": 0,
            "med": 0,
            "max": 0.596467,
            "p(90)": 0,
            "p(95)": 0
        },
        "http_req_waiting": {
            "avg": 7.111165857166661,
            "min": 0.818766,
            "med": 3.1937025,
            "max": 318.275844,
            "p(90)": 7.534896200000001,
            "p(95)": 11.194421250000007
        },
        "http_req_receiving": {
            "min": 0.010814,
            "med": 0.054455500000000004,
            "max": 0.931322,
            "p(90)": 0.08078930000000001,
            "p(95)": 0.0940793,
            "avg": 0.056396450333333174
        },
        "vus_max": {
            "value": 100,
            "min": 100,
            "max": 100
        },
        "http_req_tls_handshaking": {
            "p(90)": 0,
            "p(95)": 0,
            "avg": 0,
            "min": 0,
            "med": 0,
            "max": 0
        },
        "checks": {
            "passes": 6000,
            "fails": 0,
            "value": 1
        },
        "vus": {
            "min": 100,
            "max": 100,
            "value": 100
        },
        "http_req_duration{expected_response:true}": {
            "min": 0.840513,
            "med": 3.286809,
            "max": 318.496292,
            "p(90)": 7.6303223000000004,
            "p(95)": 11.312347000000003,
            "avg": 7.194355768666654
        },
        "http_reqs": {
            "count": 6000,
            "rate": 98.97154517857953,
            "thresholds": {
                "count>1000": false
            }
        },
        "http_req_duration": {
            "max": 318.496292,
            "p(90)": 7.6303223000000004,
            "p(95)": 11.312347000000003,
            "avg": 7.194355768666654,
            "min": 0.840513,
            "med": 3.286809,
            "thresholds": {
                "p(95)<500": false
            }
        },
        "iterations": {
            "count": 6000,
            "rate": 98.97154517857953
        }
    }
}