{
    "root_group": {
        "id": "d41d8cd98f00b204e9800998ecf8427e",
        "groups": {},
        "checks": {
                "статус 201": {
                    "name": "статус 201",
                    "path": "::статус 201",
                    "id": "c314df9557299c13c0b7848462734a62",
                    "passes": 6000,
                    "fails": 0
                }
            },
        "name": "",
        "path": ""
    },
    "metrics": {
        "checks": {
            "passes": 6000,
            "fails": 0,
            "value": 1
        },
        "http_req_duration": {
            "max": 121.047328,
            "p(90)": 8.419233600000004,
            "p(95)": 12.859142250000005,
            "avg": 4.931001221666685,
            "min": 0.749335,
            "med": 2.9377135,
            "thresholds": {
                "p(95)<500": false
            }
        },
        "http_req_receiving": {
            "min": 0.006018,
            "med": 0.043053,
            "max": 0.512151,
            "p(90)": 0.0702871,
            "p(95)": 0.0798709,
            "avg": 0.04537129599999996
        },
        "data_sent": {
            "count": 1020734,
            "rate": 16897.121168744317
        },
        "iteration_duration": {
            "p(95)": 1013.5152036500001,
            "avg": 1005.5284023754984,
            "min": 1000.931188,
            "med": 1003.5495080000001,
            "max": 1121.537699,
            "p(90)": 1008.9526879
        },
        "http_req_connecting": {
            "max": 1.388125,
            "p(90)": 0,
            "p(95)": 0,
            "avg": 0.006962881166666668,
            "min": 0,
            "med": 0
        },
        "http_req_waiting": {
            "avg": 4.863491582166683,
            "min": 0.721997,
            "med": 2.868393,
            "max": 120.905395,
            "p(90)": 8.331066600000003,
            "p(95)": 12.80345015
        },
        "http_reqs": {
            "count": 6000,
            "rate": 99.32335653800688,
            "thresholds": {
                "count>1000": false
            }
        },
        "vus": {
            "value": 100,
            "min": 100,
            "max": 100
        },
        "http_req_sending": {
            "avg": 0.022138343500000015,
            "min": 0.003006,
            "med": 0.019359,
            "max": 1.021903,
            "p(90)": 0.031029900000000003,
            "p(95)": 0.035902350000000006
        },
        "iterations": {
            "count": 6000,
            "rate": 99.32335653800688
        },
        "http_req_blocked": {
            "avg": 0.016941559000000002,
            "min": 0.001029,
            "med": 0.0053,
            "max": 3.260036,
            "p(90)": 0.008135100000000001,
            "p(95)": 0.009470650000000002
        },
        "vus_max": {
            "value": 100,
            "min": 100,
            "max": 100
        },
        "data_received": {
            "count": 900000,
            "rate": 14898.503480701032
        },
        "http_req_duration{expected_response:true}": {
            "avg": 4.931001221666685,
            "min": 0.749335,
            "med": 2.9377135,
            "max": 121.047328,
            "p(90)": 8.419233600000004,
            "p(95)": 12.859142250000005
        },
        "http_req_tls_handshaking": {
            "avg": 0,
            "min": 0,
            "med": 0,
            "max": 0,
            "p(90)": 0,
            "p(95)": 0
        },
        "http_req_failed": {
            "passes": 0,
            "fails": 6000,
            "thresholds": {
                "rate<0.01": false
            },
            "value": 0
        }
    }
}