{
    "metrics": {
        "http_req_duration": {
            "avg": 5.239673158166633,
            "min": 0.746235,
            "med": 3.1152685,
            "max": 120.596068,
            "p(90)": 9.102762000000002,
            "p(95)": 13.287782700000001,
            "thresholds": {
                "p(95)<500": false
            }
        },
        "http_req_duration{expected_response:true}": {
            "max": 120.596068,
            "p(90)": 9.102762000000002,
            "p(95)": 13.287782700000001,
            "avg": 5.239673158166633,
            "min": 0.746235,
            "med": 3.1152685
        },
        "http_req_blocked": {
            "avg": 0.013399559500000009,
            "min": 0.000842,
            "med": 0.0056194999999999995,
            "max": 1.848868,
            "p(90)": 0.0082812,
            "p(95)": 0.00943015
        },
        "http_req_receiving": {
            "p(95)": 0.08352745000000002,
            "avg": 0.04785535183333342,
            "min": 0.006096,
            "med": 0.046363,
            "max": 0.644468,
            "p(90)": 0.0730086
        },
        "http_reqs": {
            "rate": 99.21106236664431,
            "count": 6000,
            "thresholds": {
                "count>1000": false
            }
        },
        "http_req_sending": {
            "max": 2.965164,
            "p(90)": 0.03276700000000001,
            "p(95)": 0.0392972,
            "avg": 0.02629668050000004,
            "min": 0.003159,
            "med": 0.020661
        },
        "vus_max": {
            "min": 100,
            "max": 100,
            "value": 100
        },
        "http_req_waiting": {
            "avg": 5.165521125833339,
            "min": 0.716772,
            "med": 3.040011,
            "max": 120.507599,
            "p(90)": 9.029187100000001,
            "p(95)": 13.200326800000004
        },
        "data_sent": {
            "count": 1020522,
            "rate": 16874.51196475543
        },
        "http_req_connecting": {
            "min": 0,
            "med": 0,
            "max": 1.789486,
            "p(90)": 0,
            "p(95)": 0,
            "avg": 0.005333743833333333
        },
        "checks": {
            "passes": 6000,
            "fails": 0,
            "value": 1
        },
        "vus": {
            "min": 100,
            "max": 100,
            "value": 100
        },
        "iteration_duration": {
            "p(95)": 1013.87618105,
            "avg": 1005.8611114278358,
            "min": 1000.897529,
            "med": 1003.7550584999999,
            "max": 1121.945748,
            "p(90)": 1009.6944755000001
        },
        "iterations": {
            "rate": 99.21106236664431,
            "count": 6000
        },
        "http_req_tls_handshaking": {
            "min": 0,
            "med": 0,
            "max": 0,
            "p(90)": 0,
            "p(95)": 0,
            "avg": 0
        },
        "data_received": {
            "count": 900000,
            "rate": 14881.659354996647
        },
        "http_req_failed": {
            "passes": 0,
            "fails": 6000,
            "thresholds": {
                "rate<0.01": false
            },
            "value": 0
        }
    },
    "root_group": {
        "checks": {
            "статус 201": {
                "id": "c314df9557299c13c0b7848462734a62",
                "passes": 6000,
                "fails": 0,
                "name": "статус 201",
                "path": "::статус 201"
            }
        },
        "name": "",
        "path": "",
        "id": "d41d8cd98f00b204e9800998ecf8427e",
        "groups": {}
    }
}