{
    "metrics": {
        "http_req_failed": {
            "fails": 6000,
            "passes": 0,
            "thresholds": {
                "rate<0.01": false
            },
            "value": 0
        },
        "http_reqs": {
            "count": 6000,
            "rate": 99.2880358965822,
            "thresholds": {
                "count>1000": false
            }
        },
        "http_req_duration": {
            "avg": 4.838484384166654,
            "min": 0.739093,
            "med": 2.9330695,
            "max": 61.573766,
            "p(90)": 7.689136800000003,
            "p(95)": 13.438040050000028,
            "thresholds": {
                "p(95)<500": false
            }
        },
        "http_req_blocked": {
            "med": 0.005495,
            "max": 1.263228,
            "p(90)": 0.008233100000000002,
            "p(95)": 0.009457100000000001,
            "avg": 0.009757560500000047,
            "min": 0.000981
        },
        "vus_max": {
            "value": 100,
            "min": 100,
            "max": 100
        },
        "http_req_duration{expected_response:true}": {
            "min": 0.739093,
            "med": 2.9330695,
            "max": 61.573766,
            "p(90)": 7.689136800000003,
            "p(95)": 13.438040050000028,
            "avg": 4.838484384166654
        },
        "http_req_sending": {
            "p(95)": 0.035341950000000004,
            "avg": 0.022504762666666674,
            "min": 0.002824,
            "med": 0.019727,
            "max": 2.987301,
            "p(90)": 0.0309623
        },
        "iterations": {
            "count": 6000,
            "rate": 99.2880358965822
        },
        "http_req_connecting": {
            "avg": 0.003441228666666668,
            "min": 0,
            "med": 0,
            "max": 1.170202,
            "p(90)": 0,
            "p(95)": 0
        },
        "http_req_receiving": {
            "avg": 0.045348959333333244,
            "min": 0.005256,
            "med": 0.0433365,
            "max": 0.405901,
            "p(90)": 0.07010940000000002,
            "p(95)": 0.0784621
        },
        "checks": {
            "passes": 6000,
            "fails": 0,
            "value": 1
        },
        "data_sent": {
            "count": 1020706,
            "rate": 16890.648994642805
        },
        "data_received": {
            "count": 900000,
            "rate": 14893.20538448733
        },
        "iteration_duration": {
            "max": 1062.520773,
            "p(90)": 1008.2941373,
            "p(95)": 1014.1284853,
            "avg": 1005.4463407489968,
            "min": 1000.966791,
            "med": 1003.5666585
        },
        "http_req_tls_handshaking": {
            "p(90)": 0,
            "p(95)": 0,
            "avg": 0,
            "min": 0,
            "med": 0,
            "max": 0
        },
        "http_req_waiting": {
            "min": 0.704701,
            "med": 2.858245,
            "max": 61.5023,
            "p(90)": 7.6065069,
            "p(95)": 13.299679100000029,
            "avg": 4.77063066216666
        },
        "vus": {
            "value": 100,
            "min": 100,
            "max": 100
        }
    },
    "root_group": {
        "id": "d41d8cd98f00b204e9800998ecf8427e",
        "groups": {},
        "checks": {
                "статус 201": {
                    "name": "статус 201",
                    "path": "::статус 201",
                    "id": "c314df9557299c13c0b7848462734a62",
                    "passes": 6000,
                    "fails": 0
                }
            },
        "name": "",
        "path": ""
    }
}