{
    "root_group": {
        "checks": {
            "статус 201": {
                "id": "c314df9557299c13c0b7848462734a62",
                "passes": 6000,
                "fails": 0,
                "name": "статус 201",
                "path": "::статус 201"
            }
        },
        "name": "",
        "path": "",
        "id": "d41d8cd98f00b204e9800998ecf8427e",
        "groups": {}
    },
    "metrics": {
        "http_req_blocked": {
            "avg": 0.028520794166666637,
            "min": 0.001049,
            "med": 0.006055,
            "max": 2.853904,
            "p(90)": 0.0084472,
            "p(95)": 0.009858350000000002
        },
        "http_req_receiving": {
            "avg": 0.0513679608333333,
            "min": 0.006146,
            "med": 0.0497445,
            "max": 0.711092,
            "p(90)": 0.07451470000000003,
            "p(95)": 0.0866054
        },
        "data_received": {
            "rate": 14879.937256280442,
            "count": 900000
        },
        "iteration_duration": {
            "p(90)": 1009.7870573,
            "p(95)": 1014.22629795,
            "avg": 1006.1888005391704,
            "min": 1000.815259,
            "med": 1004.1462605,
            "max": 1115.229953
        },
        "http_req_duration": {
            "min": 0.705155,
            "med": 3.484804,
            "max": 113.696327,
            "p(90)": 9.195948300000001,
            "p(95)": 13.678282200000002,
            "avg": 5.55286090383333,
            "thresholds": {
                "p(95)<500": false
            }
        },
        "data_sent": {
            "count": 1020287,
            "rate": 16868.67393710956
        },
        "http_req_connecting": {
            "avg": 0.021307862333333333,
            "min": 0,
            "med": 0,
            "max": 2.775915,
            "p(90)": 0,
            "p(95)": 0
        },
        "iterations": {
            "count": 6000,
            "rate": 99.19958170853629
        },
        "http_reqs": {
            "count": 6000,
            "rate": 99.19958170853629,
            "thresholds": {
                "count>1000": false
            }
        },
        "http_req_duration{expected_response:true}": {
            "p(95)": 13.678282200000002,
            "avg": 5.55286090383333,
            "min": 0.705155,
            "med": 3.484804,
            "max": 113.696327,
            "p(90)": 9.195948300000001
        },
        "vus": {
            "value": 100,
            "min": 100,
            "max": 100
        },
        "http_req_tls_handshaking": {
            "max": 0,
            "p(90)": 0,
            "p(95)": 0,
            "avg": 0,
            "min": 0,
            "med": 0
        },
        "checks": {
            "passes": 6000,
            "fails": 0,
            "value": 1
        },
        "vus_max": {
            "value": 100,
            "min": 100,
            "max": 100
        },
        "http_req_sending": {
            "avg": 0.025196514166666732,
            "min": 0.002729,
            "med": 0.0225805,
            "max": 0.562707,
            "p(90)": 0.0332533,
            "p(95)": 0.03946775000000001
        },
        "http_req_failed": {
            "passes": 0,
            "fails": 6000,
            "thresholds": {
                "rate<0.01": false
            },
            "value": 0
        },
        "http_req_waiting": {
            "avg": 5.476296428833323,
            "min": 0.686344,
            "med": 3.4056345,
            "max": 113.574597,
            "p(90)": 9.106770000000003,
            "p(95)": 13.60892565
        }
    }
}