{
    "metrics": {
        "vus_max": {
            "value": 100,
            "min": 100,
            "max": 100
        },
        "iterations": {
            "count": 6000,
            "rate": 99.1958148502729
        },
        "http_reqs": {
            "count": 6000,
            "rate": 99.1958148502729,
            "thresholds": {
                "count>1000": false
            }
        },
        "data_sent": {
            "count": 1020676,
            "rate": 16874.464586352857
        },
        "http_req_sending": {
            "avg": 0.021696644500000053,
            "min": 0.003479,
            "med": 0.019641,
            "max": 1.458317,
            "p(90)": 0.0314013,
            "p(95)": 0.0361837
        },
        "checks": {
            "passes": 6000,
            "fails": 0,
            "value": 1
        },
        "vus": {
            "max": 100,
            "value": 100,
            "min": 100
        },
        "http_req_blocked": {
            "max": 0.767313,
            "p(90)": 0.0082491,
            "p(95)": 0.009469400000000001,
            "avg": 0.008626978999999965,
            "min": 0.001025,
            "med": 0.005419500000000001
        },
        "http_req_duration{expected_response:true}": {
            "avg": 5.499358563666677,
            "min": 0.735376,
            "med": 3.1581155,
            "max": 77.085764,
            "p(90)": 10.754637900000004,
            "p(95)": 16.90208395
        },
        "http_req_receiving": {
            "min": 0.00752,
            "med": 0.0437795,
            "max": 0.739855,
            "p(90)": 0.07202570000000001,
            "p(95)": 0.08229000000000002,
            "avg": 0.047023996000000255
        },
        "http_req_duration": {
            "avg": 5.499358563666677,
            "min": 0.735376,
            "med": 3.1581155,
            "max": 77.085764,
            "p(90)": 10.754637900000004,
            "p(95)": 16.90208395,
            "thresholds": {
                "p(95)<500": false
            }
        },
        "http_req_failed": {
            "passes": 0,
            "fails": 6000,
            "thresholds": {
                "rate<0.01": false
            },
            "value": 0
        },
        "http_req_tls_handshaking": {
            "p(90)": 0,
            "p(95)": 0,
            "avg": 0,
            "min": 0,
            "med": 0,
            "max": 0
        },
        "data_received": {
            "count": 900000,
            "rate": 14879.372227540935
        },
        "iteration_duration": {
            "avg": 1006.106575748838,
            "min": 1000.928939,
            "med": 1003.793192,
            "max": 1079.283729,
            "p(90)": 1011.4904513,
            "p(95)": 1017.6371526
        },
        "http_req_waiting": {
            "med": 3.084122,
            "max": 77.040578,
            "p(90)": 10.684991100000003,
            "p(95)": 16.831920750000002,
            "avg": 5.430637923166659,
            "min": 0.704605
        },
        "http_req_connecting": {
            "avg": 0.0017023875,
            "min": 0,
            "med": 0,
            "max": 0.486306,
            "p(90)": 0,
            "p(95)": 0
        }
    },
    "root_group": {
        "id": "d41d8cd98f00b204e9800998ecf8427e",
        "groups": {},
        "checks": {
                "статус 201": {
                    "name": "статус 201",
                    "path": "::статус 201",
                    "id": "c314df9557299c13c0b7848462734a62",
                    "passes": 6000,
                    "fails": 0
                }
            },
        "name": "",
        "path": ""
    }
}