{
    "root_group": {
        "checks": {
            "статус 201": {
                "name": "статус 201",
                "path": "::статус 201",
                "id": "c314df9557299c13c0b7848462734a62",
                "passes": 6000,
                "fails": 0
            }
        },
        "name": "",
        "path": "",
        "id": "d41d8cd98f00b204e9800998ecf8427e",
        "groups": {}
    },
    "metrics": {
        "http_req_blocked": {
            "avg": 0.01671984250000004,
            "min": 0.001126,
            "med": 0.0058685000000000005,
            "max": 1.776538,
            "p(90)": 0.008396100000000002,
            "p(95)": 0.009820050000000004
        },
        "http_req_sending": {
            "avg": 0.02335887149999999,
            "min": 0.002944,
            "med": 0.021922,
            "max": 0.394231,
            "p(90)": 0.03248210000000001,
            "p(95)": 0.037101050000000003
        },
        "http_req_receiving": {
            "min": 0.005409,
            "med": 0.048144,
            "max": 1.45576,
            "p(90)": 0.07458250000000002,
            "p(95)": 0.08608025000000001,
            "avg": 0.04987423766666667
        },
        "http_req_failed": {
            "passes": 0,
            "fails": 6000,
            "thresholds": {
                "rate<0.01": false
            },
            "value": 0
        },
        "http_req_waiting": {
            "min": 0.695283,
            "med": 3.0838929999999998,
            "max": 88.067478,
            "p(90)": 8.067002600000002,
            "p(95)": 15.367220700000043,
            "avg": 5.283068673999994
        },
        "vus_max": {
            "value": 100,
            "min": 100,
            "max": 100
        },
        "data_sent": {
            "count": 1020504,
            "rate": 16877.637981873148
        },
        "vus": {
            "value": 100,
            "min": 100,
            "max": 100
        },
        "checks": {
            "passes": 6000,
            "fails": 0,
            "value": 1
        },
        "http_req_duration{expected_response:true}": {
            "avg": 5.356301783166656,
            "min": 0.72162,
            "med": 3.1565575,
            "max": 88.092362,
            "p(90)": 8.153612900000002,
            "p(95)": 15.464704250000032
        },
        "http_reqs": {
            "count": 6000,
            "rate": 99.23119153990467,
            "thresholds": {
                "count>1000": false
            }
        },
        "iteration_duration": {
            "avg": 1005.9742921481668,
            "min": 1000.854179,
            "med": 1003.8065085000001,
            "max": 1088.565517,
            "p(90)": 1008.6965378,
            "p(95)": 1016.4065159500001
        },
        "http_req_tls_handshaking": {
            "avg": 0,
            "min": 0,
            "med": 0,
            "max": 0,
            "p(90)": 0,
            "p(95)": 0
        },
        "data_received": {
            "count": 900000,
            "rate": 14884.6787309857
        },
        "http_req_duration": {
            "avg": 5.356301783166656,
            "min": 0.72162,
            "med": 3.1565575,
            "max": 88.092362,
            "p(90)": 8.153612900000002,
            "p(95)": 15.464704250000032,
            "thresholds": {
                "p(95)<500": false
            }
        },
        "http_req_connecting": {
            "min": 0,
            "med": 0,
            "max": 1.729732,
            "p(90)": 0,
            "p(95)": 0,
            "avg": 0.008798747333333336
        },
        "iterations": {
            "count": 6000,
            "rate": 99.23119153990467
        }
    }
}