{
    "metrics": {
        "http_req_tls_handshaking": {
            "avg": 0,
            "min": 0,
            "med": 0,
            "max": 0,
            "p(90)": 0,
            "p(95)": 0
        },
        "http_req_failed": {
            "passes": 0,
            "fails": 6000,
            "thresholds": {
                "rate<0.01": false
            },
            "value": 0
        },
        "http_req_connecting": {
            "p(95)": 0,
            "avg": 0.0021522121666666676,
            "min": 0,
            "med": 0,
            "max": 0.325832,
            "p(90)": 0
        },
        "http_reqs": {
            "count": 6000,
            "rate": 99.15538589721692,
            "thresholds": {
                "count>1000": false
            }
        },
        "data_received": {
            "count": 900000,
            "rate": 14873.307884582537
        },
        "http_req_blocked": {
            "max": 0.58017,
            "p(90)": 0.008278100000000002,
            "p(95)": 0.009636550000000002,
            "avg": 0.009132558833333346,
            "min": 0.000878,
            "med": 0.0057845
        },
        "http_req_waiting": {
            "avg": 5.334223798499983,
            "min": 0.698647,
            "med": 2.9193189999999998,
            "max": 119.783384,
            "p(90)": 7.014477600000009,
            "p(95)": 12.256949950000006
        },
        "http_req_duration": {
            "avg": 5.407965693833353,
            "min": 0.728609,
            "med": 3.0013310000000004,
            "max": 120.016978,
            "p(90)": 7.1149915,
            "p(95)": 12.332262350000002,
            "thresholds": {
                "p(95)<500": false
            }
        },
        "http_req_duration{expected_response:true}": {
            "min": 0.728609,
            "med": 3.0013310000000004,
            "max": 120.016978,
            "p(90)": 7.1149915,
            "p(95)": 12.332262350000002,
            "avg": 5.407965693833353
        },
        "http_req_receiving": {
            "p(90)": 0.07495530000000002,
            "p(95)": 0.08485045000000002,
            "avg": 0.05027405083333334,
            "min": 0.006794,
            "med": 0.049109,
            "max": 0.388805
        },
        "checks": {
            "passes": 6000,
            "fails": 0,
            "value": 1
        },
        "vus": {
            "value": 100,
            "min": 100,
            "max": 100
        },
        "vus_max": {
            "value": 100,
            "min": 100,
            "max": 100
        },
        "data_sent": {
            "rate": 16868.01678267685,
            "count": 1020702
        },
        "http_req_sending": {
            "med": 0.0214935,
            "max": 2.220364,
            "p(90)": 0.0322967,
            "p(95)": 0.03732245000000001,
            "avg": 0.023467844500000026,
            "min": 0.003535
        },
        "iterations": {
            "count": 6000,
            "rate": 99.15538589721692
        },
        "iteration_duration": {
            "min": 1000.929734,
            "med": 1003.6485225,
            "max": 1120.884046,
            "p(90)": 1007.7257274,
            "p(95)": 1013.0271912,
            "avg": 1006.0439646440026
        }
    },
    "root_group": {
        "name": "",
        "path": "",
        "id": "d41d8cd98f00b204e9800998ecf8427e",
        "groups": {},
        "checks": {
                "статус 201": {
                    "name": "статус 201",
                    "path": "::статус 201",
                    "id": "c314df9557299c13c0b7848462734a62",
                    "passes": 6000,
                    "fails": 0
                }
            }
    }
}