{
    "metrics": {
        "vus_max": {
            "min": 100,
            "max": 100,
            "value": 100
        },
        "http_req_waiting": {
            "avg": 5.052571912999998,
            "min": 0.681245,
            "med": 3.050036,
            "max": 77.793365,
            "p(90)": 8.180451,
            "p(95)": 14.047214200000004
        },
        "http_req_failed": {
            "passes": 0,
            "fails": 6000,
            "thresholds": {
                "rate<0.01": false
            },
            "value": 0
        },
        "http_reqs": {
            "rate": 99.23609205325954,
            "count": 6000,
            "thresholds": {
                "count>1000": false
            }
        },
        "checks": {
            "fails": 0,
            "passes": 6000,
            "value": 1
        },
        "iteration_duration": {
            "min": 1000.782673,
            "med": 1003.7585174999999,
            "max": 1078.115235,
            "p(90)": 1008.8467430000001,
            "p(95)": 1014.8036394,
            "avg": 1005.7187377463337
        },
        "data_received": {
            "count": 900000,
            "rate": 14885.41380798893
        },
        "vus": {
            "value": 100,
            "min": 100,
            "max": 100
        },
        "http_req_blocked": {
            "avg": 0.00919329699999997,
            "min": 0.00101,
            "med": 0.00547,
            "max": 1.149834,
            "p(90)": 0.008122100000000002,
            "p(95)": 0.009278900000000003
        },
        "http_req_receiving": {
            "p(95)": 0.08036055,
            "avg": 0.04628388149999985,
            "min": 0.006588,
            "med": 0.044297500000000004,
            "max": 0.808688,
            "p(90)": 0.07069210000000001
        },
        "data_sent": {
            "count": 1020351,
            "rate": 16875.94096043924
        },
        "http_req_duration": {
            "p(90)": 8.24184470000001,
            "p(95)": 14.128751600000001,
            "avg": 5.120999889666674,
            "min": 0.702567,
            "med": 3.1223324999999997,
            "max": 77.870633,
            "thresholds": {
                "p(95)<500": false
            }
        },
        "http_req_sending": {
            "med": 0.02008,
            "max": 0.998502,
            "p(90)": 0.030914,
            "p(95)": 0.034805300000000004,
            "avg": 0.02214409516666667,
            "min": 0.002746
        },
        "http_req_connecting": {
            "med": 0,
            "max": 1.014673,
            "p(90)": 0,
            "p(95)": 0,
            "avg": 0.0028008384999999992,
            "min": 0
        },
        "http_req_tls_handshaking": {
            "med": 0,
            "max": 0,
            "p(90)": 0,
            "p(95)": 0,
            "avg": 0,
            "min": 0
        },
        "iterations": {
            "count": 6000,
            "rate": 99.23609205325954
        },
        "http_req_duration{expected_response:true}": {
            "avg": 5.120999889666674,
            "min": 0.702567,
            "med": 3.1223324999999997,
            "max": 77.870633,
            "p(90)": 8.24184470000001,
            "p(95)": 14.128751600000001
        }
    },
    "root_group": {
        "groups": {},
        "checks": {
                "статус 201": {
                    "name": "статус 201",
                    "path": "::статус 201",
                    "id": "c314df9557299c13c0b7848462734a62",
                    "passes": 6000,
                    "fails": 0
                }
            },
        "name": "",
        "path": "",
        "id": "d41d8cd98f00b204e9800998ecf8427e"
    }
}