{
    "root_group": {
        "checks": {
            "статус 201": {
                "name": "статус 201",
                "path": "::статус 201",
                "id": "c314df9557299c13c0b7848462734a62",
                "passes": 6000,
                "fails": 0
            }
        },
        "name": "",
        "path": "",
        "id": "d41d8cd98f00b204e9800998ecf8427e",
        "groups": {}
    },
    "metrics": {
        "iterations": {
            "count": 6000,
            "rate": 99.22057427699772
        },
        "http_req_failed": {
            "fails": 6000,
            "passes": 0,
            "thresholds": {
                "rate<0.01": false
            },
            "value": 0
        },
        "http_req_duration": {
            "med": 3.301294,
            "max": 56.668951,
            "p(90)": 10.327107600000001,
            "p(95)": 17.107021650000004,
            "avg": 5.195857426666671,
            "min": 0.683484,
            "thresholds": {
                "p(95)<500": false
            }
        },
        "data_sent": {
            "count": 1020682,
            "rate": 16878.77569903243
        },
        "http_req_waiting": {
            "avg": 5.117441354999987,
            "min": 0.654218,
            "med": 3.224582,
            "max": 56.61733,
            "p(90)": 10.226856700000004,
            "p(95)": 16.980676000000006
        },
        "http_req_duration{expected_response:true}": {
            "min": 0.683484,
            "med": 3.301294,
            "max": 56.668951,
            "p(90)": 10.327107600000001,
            "p(95)": 17.107021650000004,
            "avg": 5.195857426666671
        },
        "http_req_receiving": {
            "p(95)": 0.08496970000000002,
            "avg": 0.05018909600000012,
            "min": 0.007051,
            "med": 0.048695,
            "max": 1.115009,
            "p(90)": 0.0741845
        },
        "http_req_connecting": {
            "avg": 0.008985696,
            "min": 0,
            "med": 0,
            "max": 1.970468,
            "p(90)": 0,
            "p(95)": 0
        },
        "http_req_tls_handshaking": {
            "p(95)": 0,
            "avg": 0,
            "min": 0,
            "med": 0,
            "max": 0,
            "p(90)": 0
        },
        "http_reqs": {
            "count": 6000,
            "rate": 99.22057427699772,
            "thresholds": {
                "count>1000": false
            }
        },
        "vus_max": {
            "max": 100,
            "value": 100,
            "min": 100
        },
        "checks": {
            "passes": 6000,
            "fails": 0,
            "value": 1
        },
        "http_req_blocked": {
            "avg": 0.016295858166666663,
            "min": 0.001203,
            "med": 0.006084,
            "max": 2.008504,
            "p(90)": 0.008394,
            "p(95)": 0.009856150000000001
        },
        "http_req_sending": {
            "avg": 0.02822697566666662,
            "min": 0.003258,
            "med": 0.0219145,
            "max": 3.84117,
            "p(90)": 0.0320837,
            "p(95)": 0.03780130000000001
        },
        "vus": {
            "value": 100,
            "min": 100,
            "max": 100
        },
        "data_received": {
            "count": 900000,
            "rate": 14883.086141549658
        },
        "iteration_duration": {
            "avg": 1005.8106948396666,
            "min": 1000.856317,
            "med": 1003.9531864999999,
            "max": 1058.428673,
            "p(90)": 1010.8363595999999,
            "p(95)": 1017.8104203
        }
    }
}