{
    "metrics": {
        "http_req_connecting": {
            "avg": 0.011600558000000002,
            "min": 0,
            "med": 0,
            "max": 3.981189,
            "p(90)": 0,
            "p(95)": 0
        },
        "checks": {
            "passes": 6000,
            "fails": 0,
            "value": 1
        },
        "iteration_duration": {
            "max": 1018.020802,
            "p(90)": 1003.0797971,
            "p(95)": 1004.35593125,
            "avg": 1001.8481784161652,
            "min": 1000.340156,
            "med": 1001.4488875
        },
        "http_req_duration": {
            "max": 17.825122,
            "p(90)": 2.5310526,
            "p(95)": 3.701763550000001,
            "avg": 1.3602187054999972,
            "min": 0.23637,
            "med": 0.93579,
            "thresholds": {
                "p(95)<500": false
            }
        },
        "http_reqs": {
            "count": 6000,
            "rate": 99.7920235285873,
            "thresholds": {
                "count>1000": false
            }
        },
        "iterations": {
            "rate": 99.7920235285873,
            "count": 6000
        },
        "vus_max": {
            "min": 100,
            "max": 100,
            "value": 100
        },
        "http_req_tls_handshaking": {
            "avg": 0,
            "min": 0,
            "med": 0,
            "max": 0,
            "p(90)": 0,
            "p(95)": 0
        },
        "http_req_waiting": {
            "avg": 1.3013303970000025,
            "min": 0.203526,
            "med": 0.8877824999999999,
            "max": 17.775608,
            "p(90)": 2.4280412,
            "p(95)": 3.58015435
        },
        "data_received": {
            "count": 996000,
            "rate": 16565.47590574549
        },
        "http_req_sending": {
            "min": 0.002287,
            "med": 0.0098565,
            "max": 2.709444,
            "p(90)": 0.023807,
            "p(95)": 0.04412245000000002,
            "avg": 0.01958059016666672
        },
        "vus": {
            "value": 100,
            "min": 100,
            "max": 100
        },
        "http_req_blocked": {
            "min": 0.000855,
            "med": 0.0031275,
            "max": 4.166511,
            "p(90)": 0.006266900000000003,
            "p(95)": 0.007848450000000002,
            "avg": 0.01947831133333338
        },
        "http_req_failed": {
            "passes": 0,
            "fails": 6000,
            "thresholds": {
                "rate<0.01": false
            },
            "value": 0
        },
        "http_req_receiving": {
            "med": 0.024155,
            "max": 4.426395,
            "p(90)": 0.06211560000000001,
            "p(95)": 0.09610215000000001,
            "avg": 0.039307718333333366,
            "min": 0.005367
        },
        "data_sent": {
            "rate": 16973.276009895064,
            "count": 1020519
        },
        "http_req_duration{expected_response:true}": {
            "avg": 1.3602187054999972,
            "min": 0.23637,
            "med": 0.93579,
            "max": 17.825122,
            "p(90)": 2.5310526,
            "p(95)": 3.701763550000001
        }
    },
    "root_group": {
        "path": "",
        "id": "d41d8cd98f00b204e9800998ecf8427e",
        "groups": {},
        "checks": {
                "статус 201": {
                    "name": "статус 201",
                    "path": "::статус 201",
                    "id": "c314df9557299c13c0b7848462734a62",
                    "passes": 6000,
                    "fails": 0
                }
            },
        "name": ""
    }
}