{
    "root_group": {
        "name": "",
        "path": "",
        "id": "d41d8cd98f00b204e9800998ecf8427e",
        "groups": {},
        "checks": {
                "статус 201": {
                    "path": "::статус 201",
                    "id": "c314df9557299c13c0b7848462734a62",
                    "passes": 6000,
                    "fails": 0,
                    "name": "статус 201"
                }
            }
    },
    "metrics": {
        "checks": {
            "passes": 6000,
            "fails": 0,
            "value": 1
        },
        "data_sent": {
            "rate": 16968.795906386295,
            "count": 1020575
        },
        "vus_max": {
            "value": 100,
            "min": 100,
            "max": 100
        },
        "http_req_connecting": {
            "p(90)": 0,
            "p(95)": 0,
            "avg": 0.01587203849999999,
            "min": 0,
            "med": 0,
            "max": 5.516901
        },
        "http_req_failed": {
            "passes": 0,
            "fails": 6000,
            "thresholds": {
                "rate<0.01": false
            },
            "value": 0
        },
        "http_req_blocked": {
            "max": 5.567621,
            "p(90)": 0.0061271,
            "p(95)": 0.007757400000000001,
            "avg": 0.023645439333333396,
            "min": 0.000929,
            "med": 0.003203
        },
        "http_req_sending": {
            "p(95)": 0.053128900000000014,
            "avg": 0.030184798833333342,
            "min": 0.002379,
            "med": 0.009933,
            "max": 3.324786,
            "p(90)": 0.024804800000000005
        },
        "iterations": {
            "rate": 99.76020913535778,
            "count": 6000
        },
        "http_req_duration": {
            "min": 0.25028,
            "med": 1.005153,
            "max": 27.11564,
            "p(90)": 2.625086400000001,
            "p(95)": 3.7657599000000004,
            "avg": 1.5610685831666722,
            "thresholds": {
                "p(95)<500": false
            }
        },
        "http_reqs": {
            "count": 6000,
            "rate": 99.76020913535778,
            "thresholds": {
                "count>1000": false
            }
        },
        "data_received": {
            "count": 996000,
            "rate": 16560.194716469392
        },
        "http_req_tls_handshaking": {
            "avg": 0,
            "min": 0,
            "med": 0,
            "max": 0,
            "p(90)": 0,
            "p(95)": 0
        },
        "http_req_waiting": {
            "avg": 1.489973908500001,
            "min": 0.23126,
            "med": 0.954057,
            "max": 24.67122,
            "p(90)": 2.5419853000000017,
            "p(95)": 3.6609850000000006
        },
        "vus": {
            "value": 100,
            "min": 100,
            "max": 100
        },
        "iteration_duration": {
            "p(95)": 1004.35996575,
            "avg": 1002.0695588916672,
            "min": 1000.343207,
            "med": 1001.5621815,
            "max": 1029.921567,
            "p(90)": 1003.2644441
        },
        "http_req_duration{expected_response:true}": {
            "p(95)": 3.7657599000000004,
            "avg": 1.5610685831666722,
            "min": 0.25028,
            "med": 1.005153,
            "max": 27.11564,
            "p(90)": 2.625086400000001
        },
        "http_req_receiving": {
            "avg": 0.04090987583333335,
            "min": 0.00565,
            "med": 0.0249355,
            "max": 2.171317,
            "p(90)": 0.06674130000000002,
            "p(95)": 0.11106405000000007
        }
    }
}