{
    "root_group": {
        "name": "",
        "path": "",
        "id": "d41d8cd98f00b204e9800998ecf8427e",
        "groups": {},
        "checks": {
                "статус 201": {
                    "fails": 0,
                    "name": "статус 201",
                    "path": "::статус 201",
                    "id": "c314df9557299c13c0b7848462734a62",
                    "passes": 6000
                }
            }
    },
    "metrics": {
        "http_req_waiting": {
            "avg": 1.2857316001666632,
            "min": 0.189514,
            "med": 0.8479319999999999,
            "max": 13.949553,
            "p(90)": 2.4926700000000013,
            "p(95)": 3.6501497000000005
        },
        "data_sent": {
            "count": 1020423,
            "rate": 16972.694400128934
        },
        "iteration_duration": {
            "max": 1015.257171,
            "p(90)": 1003.0469800000001,
            "p(95)": 1004.4803524,
            "avg": 1001.8298501686672,
            "min": 1000.332161,
            "med": 1001.42629
        },
        "http_req_duration": {
            "min": 0.214846,
            "med": 0.8906130000000001,
            "max": 13.980032,
            "p(90)": 2.579179800000002,
            "p(95)": 3.8287722500000005,
            "avg": 1.3465097228333323,
            "thresholds": {
                "p(95)<500": false
            }
        },
        "http_req_blocked": {
            "p(90)": 0.005521,
            "p(95)": 0.006998150000000001,
            "avg": 0.01658010983333332,
            "min": 0.000857,
            "med": 0.002977,
            "max": 7.562873
        },
        "http_req_failed": {
            "passes": 0,
            "fails": 6000,
            "thresholds": {
                "rate<0.01": false
            },
            "value": 0
        },
        "http_req_tls_handshaking": {
            "med": 0,
            "max": 0,
            "p(90)": 0,
            "p(95)": 0,
            "avg": 0,
            "min": 0
        },
        "iterations": {
            "count": 6000,
            "rate": 99.7979920099543
        },
        "checks": {
            "passes": 6000,
            "fails": 0,
            "value": 1
        },
        "vus": {
            "value": 100,
            "min": 100,
            "max": 100
        },
        "data_received": {
            "count": 996000,
            "rate": 16566.466673652412
        },
        "http_req_duration{expected_response:true}": {
            "max": 13.980032,
            "p(90)": 2.579179800000002,
            "p(95)": 3.8287722500000005,
            "avg": 1.3465097228333323,
            "min": 0.214846,
            "med": 0.8906130000000001
        },
        "http_req_sending": {
            "p(95)": 0.0418803,
            "avg": 0.026471052166666637,
            "min": 0.002112,
            "med": 0.009358,
            "max": 7.575391,
            "p(90)": 0.022327200000000002
        },
        "http_req_receiving": {
            "med": 0.022906999999999997,
            "max": 2.27783,
            "p(90)": 0.05409050000000001,
            "p(95)": 0.08602790000000002,
            "avg": 0.034307070500000016,
            "min": 0.00446
        },
        "vus_max": {
            "value": 100,
            "min": 100,
            "max": 100
        },
        "http_reqs": {
            "count": 6000,
            "rate": 99.7979920099543,
            "thresholds": {
                "count>1000": false
            }
        },
        "http_req_connecting": {
            "avg": 0.003775703,
            "min": 0,
            "med": 0,
            "max": 1.407623,
            "p(90)": 0,
            "p(95)": 0
        }
    }
}