{
    "root_group": {
        "id": "d41d8cd98f00b204e9800998ecf8427e",
        "groups": {},
        "checks": {
                "статус 201": {
                    "fails": 0,
                    "name": "статус 201",
                    "path": "::статус 201",
                    "id": "c314df9557299c13c0b7848462734a62",
                    "passes": 6000
                }
            },
        "name": "",
        "path": ""
    },
    "metrics": {
        "http_req_tls_handshaking": {
            "med": 0,
            "max": 0,
            "p(90)": 0,
            "p(95)": 0,
            "avg": 0,
            "min": 0
        },
        "http_req_receiving": {
            "p(95)": 0.12154995000000007,
            "avg": 0.0433101670000001,
            "min": 0.005406,
            "med": 0.025585,
            "max": 2.306514,
            "p(90)": 0.0678031
        },
        "vus_max": {
            "value": 100,
            "min": 100,
            "max": 100
        },
        "http_req_waiting": {
            "max": 11.896219,
            "p(90)": 2.678838,
            "p(95)": 3.8264143,
            "avg": 1.3473674904999964,
            "min": 0.225416,
            "med": 0.9071389999999999
        },
        "vus": {
            "value": 100,
            "min": 100,
            "max": 100
        },
        "checks": {
            "passes": 6000,
            "fails": 0,
            "value": 1
        },
        "data_received": {
            "count": 996000,
            "rate": 16563.35641895558
        },
        "http_reqs": {
            "count": 6000,
            "rate": 99.779255535877,
            "thresholds": {
                "count>1000": false
            }
        },
        "http_req_blocked": {
            "med": 0.003223,
            "max": 2.903529,
            "p(90)": 0.0064061000000000005,
            "p(95)": 0.007966300000000003,
            "avg": 0.009291016499999942,
            "min": 0.000847
        },
        "http_req_duration{expected_response:true}": {
            "p(90)": 2.7681758,
            "p(95)": 3.976613250000001,
            "avg": 1.4087601206666656,
            "min": 0.255213,
            "med": 0.9619530000000001,
            "max": 12.121311
        },
        "http_req_sending": {
            "p(90)": 0.023612100000000014,
            "p(95)": 0.038477700000000045,
            "avg": 0.01808246316666667,
            "min": 0.002597,
            "med": 0.010199,
            "max": 2.395327
        },
        "http_req_duration": {
            "max": 12.121311,
            "p(90)": 2.7681758,
            "p(95)": 3.976613250000001,
            "avg": 1.4087601206666656,
            "min": 0.255213,
            "med": 0.9619530000000001,
            "thresholds": {
                "p(95)<500": false
            }
        },
        "http_req_connecting": {
            "p(90)": 0,
            "p(95)": 0,
            "avg": 0.002658340833333332,
            "min": 0,
            "med": 0,
            "max": 2.160542
        },
        "iterations": {
            "count": 6000,
            "rate": 99.779255535877
        },
        "http_req_failed": {
            "passes": 0,
            "fails": 6000,
            "thresholds": {
                "rate<0.01": false
            },
            "value": 0
        },
        "data_sent": {
            "count": 1020610,
            "rate": 16972.617665411904
        },
        "iteration_duration": {
            "avg": 1001.9246184113359,
            "min": 1000.359073,
            "med": 1001.561946,
            "max": 1015.140619,
            "p(90)": 1003.3581512999999,
            "p(95)": 1004.61915925
        }
    }
}