{
    "root_group": {
        "name": "",
        "path": "",
        "id": "d41d8cd98f00b204e9800998ecf8427e",
        "groups": {},
        "checks": {
                "статус 201": {
                    "passes": 6000,
                    "fails": 0,
                    "name": "статус 201",
                    "path": "::статус 201",
                    "id": "c314df9557299c13c0b7848462734a62"
                }
            }
    },
    "metrics": {
        "http_req_duration": {
            "avg": 1.4980866379999989,
            "min": 0.21634,
            "med": 1.0482390000000001,
            "max": 14.256673,
            "p(90)": 2.7049526000000004,
            "p(95)": 4.092972150000001,
            "thresholds": {
                "p(95)<500": false
            }
        },
        "http_req_tls_handshaking": {
            "min": 0,
            "med": 0,
            "max": 0,
            "p(90)": 0,
            "p(95)": 0,
            "avg": 0
        },
        "data_received": {
            "count": 996000,
            "rate": 16562.70009905077
        },
        "http_reqs": {
            "count": 6000,
            "rate": 99.77530180151065,
            "thresholds": {
                "count>1000": false
            }
        },
        "http_req_waiting": {
            "max": 14.186415,
            "p(90)": 2.6245321,
            "p(95)": 3.9060191500000014,
            "avg": 1.4397963266666605,
            "min": 0.183298,
            "med": 0.99253
        },
        "http_req_receiving": {
            "med": 0.0251135,
            "max": 1.504223,
            "p(90)": 0.0665791,
            "p(95)": 0.10413580000000003,
            "avg": 0.03998214000000002,
            "min": 0.00502
        },
        "http_req_blocked": {
            "med": 0.00315,
            "max": 1.673118,
            "p(90)": 0.006415600000000002,
            "p(95)": 0.007832300000000002,
            "avg": 0.009950476166666673,
            "min": 0.000848
        },
        "vus_max": {
            "value": 100,
            "min": 100,
            "max": 100
        },
        "http_req_connecting": {
            "avg": 0.0032661026666666645,
            "min": 0,
            "med": 0,
            "max": 1.105481,
            "p(90)": 0,
            "p(95)": 0
        },
        "http_req_sending": {
            "avg": 0.01830817133333335,
            "min": 0.002428,
            "med": 0.010242999999999999,
            "max": 1.213078,
            "p(90)": 0.02427,
            "p(95)": 0.04099940000000001
        },
        "vus": {
            "value": 100,
            "min": 100,
            "max": 100
        },
        "http_req_duration{expected_response:true}": {
            "med": 1.0482390000000001,
            "max": 14.256673,
            "p(90)": 2.7049526000000004,
            "p(95)": 4.092972150000001,
            "avg": 1.4980866379999989,
            "min": 0.21634
        },
        "checks": {
            "passes": 6000,
            "fails": 0,
            "value": 1
        },
        "data_sent": {
            "count": 1020472,
            "rate": 16969.650296665197
        },
        "iteration_duration": {
            "min": 1000.322468,
            "med": 1001.5921599999999,
            "max": 1015.521497,
            "p(90)": 1003.1508436,
            "p(95)": 1004.6432657500001,
            "avg": 1001.9763565544998
        },
        "http_req_failed": {
            "passes": 0,
            "fails": 6000,
            "thresholds": {
                "rate<0.01": false
            },
            "value": 0
        },
        "iterations": {
            "count": 6000,
            "rate": 99.77530180151065
        }
    }
}