{
    "root_group": {
        "name": "",
        "path": "",
        "id": "d41d8cd98f00b204e9800998ecf8427e",
        "groups": {},
        "checks": {
                "статус 201": {
                    "passes": 6000,
                    "fails": 0,
                    "name": "статус 201",
                    "path": "::статус 201",
                    "id": "c314df9557299c13c0b7848462734a62"
                }
            }
    },
    "metrics": {
        "iteration_duration": {
            "med": 1001.5749404999999,
            "max": 1011.357064,
            "p(90)": 1003.1790305000001,
            "p(95)": 1004.4954419,
            "avg": 1001.9260517331629,
            "min": 1000.321686
        },
        "http_req_blocked": {
            "min": 0.000847,
            "med": 0.0029565,
            "max": 3.631821,
            "p(90)": 0.005495400000000001,
            "p(95)": 0.007099150000000001,
            "avg": 0.02793232583333319
        },
        "checks": {
            "passes": 6000,
            "fails": 0,
            "value": 1
        },
        "data_sent": {
            "count": 1020528,
            "rate": 16971.96438539144
        },
        "http_req_receiving": {
            "med": 0.022297,
            "max": 1.293737,
            "p(90)": 0.05562470000000003,
            "p(95)": 0.0929157000000001,
            "avg": 0.03521329033333329,
            "min": 0.005226
        },
        "http_req_failed": {
            "passes": 0,
            "fails": 6000,
            "thresholds": {
                "rate<0.01": false
            },
            "value": 0
        },
        "http_reqs": {
            "count": 6000,
            "rate": 99.78343201984525,
            "thresholds": {
                "count>1000": false
            }
        },
        "iterations": {
            "count": 6000,
            "rate": 99.78343201984525
        },
        "http_req_duration{expected_response:true}": {
            "avg": 1.457219753000004,
            "min": 0.234996,
            "med": 1.0813955000000002,
            "max": 10.770619,
            "p(90)": 2.6352714,
            "p(95)": 3.715322500000001
        },
        "vus_max": {
            "min": 100,
            "max": 100,
            "value": 100
        },
        "http_req_duration": {
            "avg": 1.457219753000004,
            "min": 0.234996,
            "med": 1.0813955000000002,
            "max": 10.770619,
            "p(90)": 2.6352714,
            "p(95)": 3.715322500000001,
            "thresholds": {
                "p(95)<500": false
            }
        },
        "vus": {
            "max": 100,
            "value": 100,
            "min": 100
        },
        "http_req_sending": {
            "p(95)": 0.04738350000000003,
            "avg": 0.018843957666666786,
            "min": 0.002275,
            "med": 0.0093525,
            "max": 1.992756,
            "p(90)": 0.0219181
        },
        "http_req_connecting": {
            "p(90)": 0,
            "p(95)": 0,
            "avg": 0.020876205333333328,
            "min": 0,
            "med": 0,
            "max": 3.326896
        },
        "http_req_tls_handshaking": {
            "p(90)": 0,
            "p(95)": 0,
            "avg": 0,
            "min": 0,
            "med": 0,
            "max": 0
        },
        "data_received": {
            "count": 996000,
            "rate": 16564.04971529431
        },
        "http_req_waiting": {
            "p(95)": 3.6381280500000006,
            "avg": 1.4031625050000043,
            "min": 0.184396,
            "med": 1.031661,
            "max": 10.701826,
            "p(90)": 2.5798885000000014
        }
    }
}