{
    "metrics": {
        "http_req_connecting": {
            "avg": 0.002569780000000001,
            "min": 0,
            "med": 0,
            "max": 0.863699,
            "p(90)": 0,
            "p(95)": 0
        },
        "http_req_duration": {
            "avg": 1.5485019243333293,
            "min": 0.23955,
            "med": 1.163861,
            "max": 13.882693,
            "p(90)": 2.7376414000000002,
            "p(95)": 3.7451867500000007,
            "thresholds": {
                "p(95)<500": false
            }
        },
        "data_sent": {
            "count": 1020811,
            "rate": 16975.546100133997
        },
        "http_req_blocked": {
            "min": 0.00081,
            "med": 0.002956,
            "max": 1.561699,
            "p(90)": 0.005939400000000001,
            "p(95)": 0.007564000000000004,
            "avg": 0.008480604333333325
        },
        "vus": {
            "value": 100,
            "min": 100,
            "max": 100
        },
        "http_reqs": {
            "count": 6000,
            "rate": 99.7768211753243,
            "thresholds": {
                "count>1000": false
            }
        },
        "http_req_receiving": {
            "avg": 0.04246354583333333,
            "min": 0.005093,
            "med": 0.023153,
            "max": 5.211757,
            "p(90)": 0.06844380000000003,
            "p(95)": 0.12271580000000001
        },
        "iteration_duration": {
            "max": 1014.230186,
            "p(90)": 1003.2079089,
            "p(95)": 1004.25641285,
            "avg": 1001.9988257838357,
            "min": 1000.318876,
            "med": 1001.6478435
        },
        "http_req_tls_handshaking": {
            "avg": 0,
            "min": 0,
            "med": 0,
            "max": 0,
            "p(90)": 0,
            "p(95)": 0
        },
        "http_req_failed": {
            "passes": 0,
            "fails": 6000,
            "thresholds": {
                "rate<0.01": false
            },
            "value": 0
        },
        "http_req_duration{expected_response:true}": {
            "avg": 1.5485019243333293,
            "min": 0.23955,
            "med": 1.163861,
            "max": 13.882693,
            "p(90)": 2.7376414000000002,
            "p(95)": 3.7451867500000007
        },
        "http_req_waiting": {
            "p(95)": 3.6315398500000016,
            "avg": 1.485725224833334,
            "min": 0.211682,
            "med": 1.10616,
            "max": 13.384428,
            "p(90)": 2.6522616
        },
        "data_received": {
            "count": 996000,
            "rate": 16562.952315103834
        },
        "vus_max": {
            "value": 100,
            "min": 100,
            "max": 100
        },
        "iterations": {
            "count": 6000,
            "rate": 99.7768211753243
        },
        "http_req_sending": {
            "avg": 0.02031315366666665,
            "min": 0.002432,
            "med": 0.0094805,
            "max": 1.359837,
            "p(90)": 0.0242885,
            "p(95)": 0.050018150000000025
        },
        "checks": {
            "fails": 0,
            "passes": 6000,
            "value": 1
        }
    },
    "root_group": {
        "name": "",
        "path": "",
        "id": "d41d8cd98f00b204e9800998ecf8427e",
        "groups": {},
        "checks": {
                "статус 201": {
                    "id": "c314df9557299c13c0b7848462734a62",
                    "passes": 6000,
                    "fails": 0,
                    "name": "статус 201",
                    "path": "::статус 201"
                }
            }
    }
}