{
    "root_group": {
        "path": "",
        "id": "d41d8cd98f00b204e9800998ecf8427e",
        "groups": {},
        "checks": {
                "статус 201": {
                    "name": "статус 201",
                    "path": "::статус 201",
                    "id": "c314df9557299c13c0b7848462734a62",
                    "passes": 6000,
                    "fails": 0
                }
            },
        "name": ""
    },
    "metrics": {
        "data_sent": {
            "count": 1020536,
            "rate": 16970.364393594915
        },
        "http_req_blocked": {
            "min": 0.000844,
            "med": 0.0031615000000000002,
            "max": 1.082712,
            "p(90)": 0.006381100000000001,
            "p(95)": 0.007700450000000002,
            "avg": 0.006974657666666667
        },
        "iterations": {
            "count": 6000,
            "rate": 99.77324304244974
        },
        "vus": {
            "value": 100,
            "min": 100,
            "max": 100
        },
        "checks": {
            "passes": 6000,
            "fails": 0,
            "value": 1
        },
        "http_req_sending": {
            "avg": 0.018278881500000035,
            "min": 0.002583,
            "med": 0.010127500000000001,
            "max": 1.525087,
            "p(90)": 0.024497300000000003,
            "p(95)": 0.047863150000000014
        },
        "http_req_waiting": {
            "avg": 1.4561870828333319,
            "min": 0.186129,
            "med": 0.970545,
            "max": 14.394559,
            "p(90)": 2.9380520000000017,
            "p(95)": 3.9306407500000002
        },
        "http_reqs": {
            "rate": 99.77324304244974,
            "count": 6000,
            "thresholds": {
                "count>1000": false
            }
        },
        "iteration_duration": {
            "p(90)": 1003.5368959,
            "p(95)": 1004.60257045,
            "avg": 1001.9958718966622,
            "min": 1000.305747,
            "med": 1001.5688825,
            "max": 1016.355143
        },
        "http_req_tls_handshaking": {
            "med": 0,
            "max": 0,
            "p(90)": 0,
            "p(95)": 0,
            "avg": 0,
            "min": 0
        },
        "http_req_duration{expected_response:true}": {
            "p(90)": 3.0088594000000013,
            "p(95)": 4.04826315,
            "avg": 1.5136847565000056,
            "min": 0.206277,
            "med": 1.0228315000000001,
            "max": 14.659748
        },
        "http_req_connecting": {
            "min": 0,
            "med": 0,
            "max": 1.039453,
            "p(90)": 0,
            "p(95)": 0,
            "avg": 0.0020804591666666672
        },
        "data_received": {
            "rate": 16562.358345046658,
            "count": 996000
        },
        "vus_max": {
            "value": 100,
            "min": 100,
            "max": 100
        },
        "http_req_duration": {
            "avg": 1.5136847565000056,
            "min": 0.206277,
            "med": 1.0228315000000001,
            "max": 14.659748,
            "p(90)": 3.0088594000000013,
            "p(95)": 4.04826315,
            "thresholds": {
                "p(95)<500": false
            }
        },
        "http_req_failed": {
            "passes": 0,
            "fails": 6000,
            "thresholds": {
                "rate<0.01": false
            },
            "value": 0
        },
        "http_req_receiving": {
            "p(90)": 0.0643047,
            "p(95)": 0.10029255000000004,
            "avg": 0.039218792166666766,
            "min": 0.004384,
            "med": 0.024681,
            "max": 2.800592
        }
    }
}