{
    "metrics": {
        "http_req_duration{expected_response:true}": {
            "max": 22.4815,
            "p(90)": 2.2268113000000005,
            "p(95)": 2.951694100000001,
            "avg": 1.3831699811666651,
            "min": 0.231444,
            "med": 0.9755945
        },
        "http_req_tls_handshaking": {
            "p(90)": 0,
            "p(95)": 0,
            "avg": 0,
            "min": 0,
            "med": 0,
            "max": 0
        },
        "data_sent": {
            "count": 1020605,
            "rate": 16971.9484753575
        },
        "iterations": {
            "count": 6000,
            "rate": 99.77581028129885
        },
        "checks": {
            "passes": 6000,
            "fails": 0,
            "value": 1
        },
        "http_reqs": {
            "count": 6000,
            "rate": 99.77581028129885,
            "thresholds": {
                "count>1000": false
            }
        },
        "http_req_waiting": {
            "min": 0.204243,
            "med": 0.9249805,
            "max": 19.029958,
            "p(90)": 2.1689631,
            "p(95)": 2.8658974500000016,
            "avg": 1.318899255666665
        },
        "iteration_duration": {
            "avg": 1001.9129247670004,
            "min": 1000.332468,
            "med": 1001.544532,
            "max": 1027.264666,
            "p(90)": 1002.7793169,
            "p(95)": 1003.542148
        },
        "data_received": {
            "count": 996000,
            "rate": 16562.784506695607
        },
        "http_req_receiving": {
            "med": 0.0234545,
            "max": 5.414779,
            "p(90)": 0.05669960000000002,
            "p(95)": 0.09253390000000003,
            "avg": 0.03780822100000001,
            "min": 0.005108
        },
        "vus": {
            "value": 100,
            "min": 100,
            "max": 100
        },
        "vus_max": {
            "value": 100,
            "min": 100,
            "max": 100
        },
        "http_req_duration": {
            "p(95)": 2.951694100000001,
            "avg": 1.3831699811666651,
            "min": 0.231444,
            "med": 0.9755945,
            "max": 22.4815,
            "p(90)": 2.2268113000000005,
            "thresholds": {
                "p(95)<500": false
            }
        },
        "http_req_failed": {
            "fails": 6000,
            "passes": 0,
            "thresholds": {
                "rate<0.01": false
            },
            "value": 0
        },
        "http_req_connecting": {
            "avg": 0.02112659016666666,
            "min": 0,
            "med": 0,
            "max": 9.687804,
            "p(90)": 0,
            "p(95)": 0
        },
        "http_req_sending": {
            "min": 0.002239,
            "med": 0.009486,
            "max": 10.093774,
            "p(90)": 0.02205790000000002,
            "p(95)": 0.03814460000000002,
            "avg": 0.02646250450000008
        },
        "http_req_blocked": {
            "max": 11.922701,
            "p(90)": 0.00562,
            "p(95)": 0.006973150000000001,
            "avg": 0.03724208983333363,
            "min": 0.000836,
            "med": 0.0030295
        }
    },
    "root_group": {
        "name": "",
        "path": "",
        "id": "d41d8cd98f00b204e9800998ecf8427e",
        "groups": {},
        "checks": {
                "статус 201": {
                    "id": "c314df9557299c13c0b7848462734a62",
                    "passes": 6000,
                    "fails": 0,
                    "name": "статус 201",
                    "path": "::статус 201"
                }
            }
    }
}