{
    "metrics": {
        "http_req_sending": {
            "min": 0.002718,
            "med": 0.009798000000000001,
            "max": 7.141786,
            "p(90)": 0.0229852,
            "p(95)": 0.041491650000000005,
            "avg": 0.023760995166666687
        },
        "http_req_connecting": {
            "max": 5.465651,
            "p(90)": 0,
            "p(95)": 0,
            "avg": 0.01039847133333333,
            "min": 0,
            "med": 0
        },
        "checks": {
            "passes": 6000,
            "fails": 0,
            "value": 1
        },
        "iteration_duration": {
            "p(95)": 1005.0622324,
            "avg": 1002.0476750603343,
            "min": 1000.308159,
            "med": 1001.561661,
            "max": 1021.710493,
            "p(90)": 1003.4397441
        },
        "http_req_tls_handshaking": {
            "p(90)": 0,
            "p(95)": 0,
            "avg": 0,
            "min": 0,
            "med": 0,
            "max": 0
        },
        "data_received": {
            "count": 996000,
            "rate": 16558.549453691354
        },
        "data_sent": {
            "count": 1020785,
            "rate": 16970.601309323625
        },
        "http_req_blocked": {
            "med": 0.003189,
            "max": 5.541421,
            "p(90)": 0.006231200000000001,
            "p(95)": 0.007656650000000002,
            "avg": 0.016943206333333356,
            "min": 0.001011
        },
        "http_req_waiting": {
            "avg": 1.474663034999999,
            "min": 0.189791,
            "med": 0.9239010000000001,
            "max": 20.148363,
            "p(90)": 2.736383900000001,
            "p(95)": 4.39764735
        },
        "vus_max": {
            "max": 100,
            "value": 100,
            "min": 100
        },
        "iterations": {
            "rate": 99.75029791380334,
            "count": 6000
        },
        "http_req_duration": {
            "avg": 1.5355172891666613,
            "min": 0.209588,
            "med": 0.9704835,
            "max": 20.347616,
            "p(90)": 2.8276515000000013,
            "p(95)": 4.4752717,
            "thresholds": {
                "p(95)<500": false
            }
        },
        "http_reqs": {
            "count": 6000,
            "rate": 99.75029791380334,
            "thresholds": {
                "count>1000": false
            }
        },
        "http_req_failed": {
            "passes": 0,
            "fails": 6000,
            "thresholds": {
                "rate<0.01": false
            },
            "value": 0
        },
        "http_req_duration{expected_response:true}": {
            "p(90)": 2.8276515000000013,
            "p(95)": 4.4752717,
            "avg": 1.5355172891666613,
            "min": 0.209588,
            "med": 0.9704835,
            "max": 20.347616
        },
        "vus": {
            "max": 100,
            "value": 100,
            "min": 100
        },
        "http_req_receiving": {
            "min": 0.005188,
            "med": 0.0237075,
            "max": 2.33121,
            "p(90)": 0.0610272,
            "p(95)": 0.09462560000000006,
            "avg": 0.03709325900000007
        }
    },
    "root_group": {
        "path": "",
        "id": "d41d8cd98f00b204e9800998ecf8427e",
        "groups": {},
        "checks": {
                "статус 201": {
                    "name": "статус 201",
                    "path": "::статус 201",
                    "id": "c314df9557299c13c0b7848462734a62",
                    "passes": 6000,
                    "fails": 0
                }
            },
        "name": ""
    }
}