{
    "metrics": {
        "http_reqs": {
            "count": 10000,
            "rate": 89.86195002857835
        },
        "http_req_blocked": {
            "avg": 0.11984794000000006,
            "min": 0,
            "med": 0,
            "max": 13.9191,
            "p(90)": 0,
            "p(95)": 0
        },
        "iterations": {
            "count": 10000,
            "rate": 89.86195002857835
        },
        "data_sent": {
            "count": 1048850,
            "rate": 9425.170628747439
        },
        "http_req_sending": {
            "avg": 0.0014225199999999998,
            "min": 0,
            "med": 0,
            "max": 0.8737,
            "p(90)": 0,
            "p(95)": 0
        },
        "checks": {
            "passes": 20000,
            "fails": 0,
            "value": 1
        },
        "vus_max": {
            "value": 100,
            "min": 100,
            "max": 100
        },
        "http_req_duration": {
            "min": 26.889,
            "med": 59.9362,
            "max": 1646.8084,
            "p(90)": 157.72156000000004,
            "p(95)": 276.6152899999996,
            "avg": 106.7663381,
            "thresholds": {
                "p(95)<300": false
            }
        },
        "http_req_duration{expected_response:true}": {
            "avg": 106.7663381,
            "min": 26.889,
            "med": 59.9362,
            "max": 1646.8084,
            "p(90)": 157.72156000000004,
            "p(95)": 276.6152899999996
        },
        "http_req_waiting": {
            "min": 26.3395,
            "med": 59.8969,
            "max": 1646.8084,
            "p(90)": 157.44606000000007,
            "p(95)": 276.59219999999993,
            "avg": 106.65956419000008
        },
        "http_req_failed": {
            "passes": 0,
            "fails": 10000,
            "thresholds": {
                "rate<0.01": false
            },
            "value": 0
        },
        "http_req_tls_handshaking": {
            "max": 0,
            "p(90)": 0,
            "p(95)": 0,
            "avg": 0,
            "min": 0,
            "med": 0
        },
        "data_received": {
            "count": 66574416,
            "rate": 598250.6843773787
        },
        "vus": {
            "value": 28,
            "min": 28,
            "max": 100
        },
        "http_req_connecting": {
            "p(90)": 0,
            "p(95)": 0,
            "avg": 0.032825459999999994,
            "min": 0,
            "med": 0,
            "max": 7.3894
        },
        "http_req_receiving": {
            "avg": 0.10535138999999995,
            "min": 0,
            "med": 0,
            "max": 1.8966,
            "p(90)": 0.53271,
            "p(95)": 0.5476
        },
        "iteration_duration": {
            "avg": 1107.354421410007,
            "min": 1026.9854,
            "med": 1060.4907,
            "max": 2647.3982,
            "p(90)": 1158.08487,
            "p(95)": 1276.7322249999995
        }
    },
    "root_group": {
        "name": "",
        "path": "",
        "id": "d41d8cd98f00b204e9800998ecf8427e",
        "groups": {},
        "checks": {
                "статус 200": {
                    "passes": 10000,
                    "fails": 0,
                    "name": "статус 200",
                    "path": "::статус 200",
                    "id": "63fd587a2004924fac2f18b343720cda"
                },
                "ответ не пустой": {
                    "name": "ответ не пустой",
                    "path": "::ответ не пустой",
                    "id": "1c568cf298ad7d73e64d124a4ad0618f",
                    "passes": 10000,
                    "fails": 0
                }
            }
    }
}