{
    "metrics": {
        "http_req_receiving": {
            "avg": 0.10588916999999999,
            "min": 0,
            "med": 0,
            "max": 5.0392,
            "p(90)": 0.534,
            "p(95)": 0.5537
        },
        "iterations": {
            "rate": 89.8782768699618,
            "count": 10000
        },
        "http_req_duration": {
            "avg": 107.00464900999982,
            "min": 26.8163,
            "med": 60.58585,
            "max": 1934.6132,
            "p(90)": 174.24011000000002,
            "p(95)": 274.959065,
            "thresholds": {
                "p(95)<300": false
            }
        },
        "checks": {
            "passes": 20000,
            "fails": 0,
            "value": 1
        },
        "http_req_waiting": {
            "max": 1934.6132,
            "p(90)": 174.1255400000001,
            "p(95)": 274.959065,
            "avg": 106.89741135,
            "min": 26.8163,
            "med": 60.46145
        },
        "iteration_duration": {
            "max": 2947.2399,
            "p(90)": 1174.7522,
            "p(95)": 1275.6172649999999,
            "avg": 1107.6024889800026,
            "min": 1026.9565,
            "med": 1061.1192999999998
        },
        "http_req_failed": {
            "passes": 0,
            "fails": 10000,
            "thresholds": {
                "rate<0.01": false
            },
            "value": 0
        },
        "http_req_duration{expected_response:true}": {
            "p(90)": 174.24011000000002,
            "p(95)": 274.959065,
            "avg": 107.00464900999982,
            "min": 26.8163,
            "med": 60.58585,
            "max": 1934.6132
        },
        "vus_max": {
            "value": 100,
            "min": 100,
            "max": 100
        },
        "http_req_blocked": {
            "p(95)": 0,
            "avg": 0.11920633000000005,
            "min": 0,
            "med": 0,
            "max": 13.2247,
            "p(90)": 0
        },
        "http_req_sending": {
            "p(95)": 0,
            "avg": 0.0013484900000000004,
            "min": 0,
            "med": 0,
            "max": 0.6656,
            "p(90)": 0
        },
        "http_req_tls_handshaking": {
            "max": 0,
            "p(90)": 0,
            "p(95)": 0,
            "avg": 0,
            "min": 0,
            "med": 0
        },
        "data_sent": {
            "count": 1048879,
            "rate": 9427.143716508865
        },
        "data_received": {
            "count": 66583432,
            "rate": 598440.4136248274
        },
        "http_req_connecting": {
            "p(95)": 0,
            "avg": 0.05123339999999997,
            "min": 0,
            "med": 0,
            "max": 9.4485,
            "p(90)": 0
        },
        "http_reqs": {
            "count": 10000,
            "rate": 89.8782768699618
        },
        "vus": {
            "max": 100,
            "value": 31,
            "min": 31
        }
    },
    "root_group": {
        "name": "",
        "path": "",
        "id": "d41d8cd98f00b204e9800998ecf8427e",
        "groups": {},
        "checks": {
                "статус 200": {
                    "passes": 10000,
                    "fails": 0,
                    "name": "статус 200",
                    "path": "::статус 200",
                    "id": "63fd587a2004924fac2f18b343720cda"
                },
                "ответ не пустой": {
                    "fails": 0,
                    "name": "ответ не пустой",
                    "path": "::ответ не пустой",
                    "id": "1c568cf298ad7d73e64d124a4ad0618f",
                    "passes": 10000
                }
            }
    }
}