{
    "root_group": {
        "name": "",
        "path": "",
        "id": "d41d8cd98f00b204e9800998ecf8427e",
        "groups": {},
        "checks": {
                "статус 200": {
                    "id": "63fd587a2004924fac2f18b343720cda",
                    "passes": 10000,
                    "fails": 0,
                    "name": "статус 200",
                    "path": "::статус 200"
                },
                "ответ не пустой": {
                    "name": "ответ не пустой",
                    "path": "::ответ не пустой",
                    "id": "1c568cf298ad7d73e64d124a4ad0618f",
                    "passes": 10000,
                    "fails": 0
                }
            }
    },
    "metrics": {
        "http_req_duration": {
            "min": 26.4177,
            "med": 56.55055,
            "max": 3528.224,
            "p(90)": 170.54213000000001,
            "p(95)": 272.253949999999,
            "avg": 111.57146724999951,
            "thresholds": {
                "p(95)<300": false
            }
        },
        "http_req_sending": {
            "p(90)": 0,
            "p(95)": 0,
            "avg": 0.0018737499999999993,
            "min": 0,
            "med": 0,
            "max": 1.1849
        },
        "data_received": {
            "count": 66635298,
            "rate": 596262.3572024592
        },
        "iterations": {
            "count": 10000,
            "rate": 89.48145729046777
        },
        "http_req_duration{expected_response:true}": {
            "p(95)": 272.253949999999,
            "avg": 111.57146724999951,
            "min": 26.4177,
            "med": 56.55055,
            "max": 3528.224,
            "p(90)": 170.54213000000001
        },
        "vus_max": {
            "value": 100,
            "min": 100,
            "max": 100
        },
        "http_req_tls_handshaking": {
            "min": 0,
            "med": 0,
            "max": 0,
            "p(90)": 0,
            "p(95)": 0,
            "avg": 0
        },
        "http_req_blocked": {
            "avg": 0.07242022999999992,
            "min": 0,
            "med": 0,
            "max": 9.0966,
            "p(90)": 0,
            "p(95)": 0
        },
        "http_req_connecting": {
            "avg": 0.0035764300000000007,
            "min": 0,
            "med": 0,
            "max": 1.8027,
            "p(90)": 0,
            "p(95)": 0
        },
        "iteration_duration": {
            "med": 1057.0894,
            "max": 4537.8839,
            "p(90)": 1171.0275,
            "p(95)": 1272.9632349999993,
            "avg": 1112.1126348900023,
            "min": 1027.012
        },
        "http_req_waiting": {
            "p(95)": 272.253949999999,
            "avg": 111.46365712999972,
            "min": 26.4177,
            "med": 56.465450000000004,
            "max": 3528.224,
            "p(90)": 170.32387000000008
        },
        "http_req_failed": {
            "passes": 0,
            "fails": 10000,
            "thresholds": {
                "rate<0.01": false
            },
            "value": 0
        },
        "http_req_receiving": {
            "p(95)": 0.5533149999999998,
            "avg": 0.10593636999999996,
            "min": 0,
            "med": 0,
            "max": 9.3247,
            "p(90)": 0.5345
        },
        "checks": {
            "passes": 20000,
            "fails": 0,
            "value": 1
        },
        "data_sent": {
            "count": 1048887,
            "rate": 9385.593729302687
        },
        "http_reqs": {
            "count": 10000,
            "rate": 89.48145729046777
        },
        "vus": {
            "value": 67,
            "min": 67,
            "max": 100
        }
    }
}