{
    "metrics": {
        "data_sent": {
            "rate": 17373.47917802357,
            "count": 1050212
        },
        "vus_max": {
            "value": 100,
            "min": 100,
            "max": 100
        },
        "http_req_blocked": {
            "p(90)": 0.0164982,
            "p(95)": 0.019453050000000003,
            "avg": 0.022866055000000034,
            "min": 0.002048,
            "med": 0.0068535,
            "max": 7.211935
        },
        "http_req_receiving": {
            "med": 0.060468499999999994,
            "max": 11.222907,
            "p(90)": 0.1733499000000001,
            "p(95)": 0.2740855000000005,
            "avg": 0.11924034416666675,
            "min": 0.01683
        },
        "data_received": {
            "count": 996000,
            "rate": 16476.659247191496
        },
        "http_req_connecting": {
            "med": 0,
            "max": 1.144218,
            "p(90)": 0,
            "p(95)": 0,
            "avg": 0.005116281833333331,
            "min": 0
        },
        "http_req_sending": {
            "avg": 0.07637023783333337,
            "min": 0.008229,
            "med": 0.0266185,
            "max": 24.903645,
            "p(90)": 0.07374290000000003,
            "p(95)": 0.14060970000000025
        },
        "http_req_failed": {
            "passes": 0,
            "fails": 6000,
            "thresholds": {
                "rate<0.01": false
            },
            "value": 0
        },
        "http_req_duration{expected_response:true}": {
            "min": 0.477067,
            "med": 2.1600070000000002,
            "max": 67.191046,
            "p(90)": 10.539178300000001,
            "p(95)": 16.21441535,
            "avg": 4.461266275499996
        },
        "http_req_tls_handshaking": {
            "avg": 0,
            "min": 0,
            "med": 0,
            "max": 0,
            "p(90)": 0,
            "p(95)": 0
        },
        "vus": {
            "value": 100,
            "min": 100,
            "max": 100
        },
        "checks": {
            "passes": 6000,
            "fails": 0,
            "value": 1
        },
        "iterations": {
            "count": 6000,
            "rate": 99.25698341681624
        },
        "iteration_duration": {
            "min": 1000.744369,
            "med": 1003.1139775,
            "max": 1068.081022,
            "p(90)": 1012.5369958,
            "p(95)": 1019.27505275,
            "avg": 1005.6297808218319
        },
        "http_reqs": {
            "count": 6000,
            "rate": 99.25698341681624,
            "thresholds": {
                "count>1000": false
            }
        },
        "http_req_waiting": {
            "min": 0.429227,
            "med": 2.021466,
            "max": 67.130007,
            "p(90)": 10.242822200000003,
            "p(95)": 15.83127045000001,
            "avg": 4.265655693500003
        },
        "http_req_duration": {
            "max": 67.191046,
            "p(90)": 10.539178300000001,
            "p(95)": 16.21441535,
            "avg": 4.461266275499996,
            "min": 0.477067,
            "med": 2.1600070000000002,
            "thresholds": {
                "p(95)<500": false
            }
        }
    },
    "root_group": {
        "id": "d41d8cd98f00b204e9800998ecf8427e",
        "groups": {},
        "checks": {
                "статус 201": {
                    "name": "статус 201",
                    "path": "::статус 201",
                    "id": "c314df9557299c13c0b7848462734a62",
                    "passes": 6000,
                    "fails": 0
                }
            },
        "name": "",
        "path": ""
    }
}