{
    "root_group": {
        "name": "",
        "path": "",
        "id": "d41d8cd98f00b204e9800998ecf8427e",
        "groups": {},
        "checks": {
                "статус 201": {
                    "fails": 0,
                    "name": "статус 201",
                    "path": "::статус 201",
                    "id": "c314df9557299c13c0b7848462734a62",
                    "passes": 6000
                }
            }
    },
    "metrics": {
        "vus_max": {
            "min": 100,
            "max": 100,
            "value": 100
        },
        "iteration_duration": {
            "avg": 1004.7890322584971,
            "min": 1000.643482,
            "med": 1002.6258680000001,
            "max": 1072.222878,
            "p(90)": 1010.2911909000001,
            "p(95)": 1014.4693953
        },
        "http_req_duration": {
            "avg": 3.8580646783333195,
            "min": 0.457135,
            "med": 1.763262,
            "max": 71.890991,
            "p(90)": 8.952428800000003,
            "p(95)": 13.041670300000003,
            "thresholds": {
                "p(95)<500": false
            }
        },
        "http_req_blocked": {
            "p(90)": 0.015493200000000007,
            "p(95)": 0.017980900000000005,
            "avg": 0.04861399433333324,
            "min": 0.002049,
            "med": 0.005874,
            "max": 16.294692
        },
        "http_req_tls_handshaking": {
            "min": 0,
            "med": 0,
            "max": 0,
            "p(90)": 0,
            "p(95)": 0,
            "avg": 0
        },
        "http_reqs": {
            "rate": 99.45444566338621,
            "count": 6000,
            "thresholds": {
                "count>1000": false
            }
        },
        "http_req_sending": {
            "med": 0.0221505,
            "max": 15.905915,
            "p(90)": 0.06442250000000002,
            "p(95)": 0.09717980000000001,
            "avg": 0.10267672100000029,
            "min": 0.00763
        },
        "data_sent": {
            "count": 1049993,
            "rate": 17404.41196090598
        },
        "checks": {
            "passes": 6000,
            "fails": 0,
            "value": 1
        },
        "http_req_receiving": {
            "avg": 0.09651446466666673,
            "min": 0.01324,
            "med": 0.0496705,
            "max": 13.169101,
            "p(90)": 0.14910150000000003,
            "p(95)": 0.21621025000000008
        },
        "http_req_failed": {
            "passes": 0,
            "fails": 6000,
            "thresholds": {
                "rate<0.01": false
            },
            "value": 0
        },
        "http_req_waiting": {
            "p(95)": 12.171368750000003,
            "avg": 3.658873492666663,
            "min": 0.415741,
            "med": 1.665785,
            "max": 71.816244,
            "p(90)": 8.461178200000003
        },
        "iterations": {
            "count": 6000,
            "rate": 99.45444566338621
        },
        "data_received": {
            "count": 996000,
            "rate": 16509.43798012211
        },
        "http_req_connecting": {
            "p(90)": 0,
            "p(95)": 0,
            "avg": 0.019211731333333332,
            "min": 0,
            "med": 0,
            "max": 3.627558
        },
        "vus": {
            "max": 100,
            "value": 100,
            "min": 100
        },
        "http_req_duration{expected_response:true}": {
            "p(95)": 13.041670300000003,
            "avg": 3.8580646783333195,
            "min": 0.457135,
            "med": 1.763262,
            "max": 71.890991,
            "p(90)": 8.952428800000003
        }
    }
}