{
    "metrics": {
        "http_req_waiting": {
            "min": 0.412833,
            "med": 1.9096495,
            "max": 67.862232,
            "p(90)": 12.582127000000002,
            "p(95)": 20.73379685,
            "avg": 4.745171427166677
        },
        "http_req_duration": {
            "p(95)": 21.079361150000004,
            "avg": 4.9189915184999915,
            "min": 0.456919,
            "med": 2.027244,
            "max": 68.007037,
            "p(90)": 12.955759700000012,
            "thresholds": {
                "p(95)<500": false
            }
        },
        "http_req_connecting": {
            "avg": 0.009007515999999997,
            "min": 0,
            "med": 0,
            "max": 6.355562,
            "p(90)": 0,
            "p(95)": 0
        },
        "vus": {
            "value": 100,
            "min": 100,
            "max": 100
        },
        "data_sent": {
            "count": 1049817,
            "rate": 17365.38490122096
        },
        "http_req_blocked": {
            "avg": 0.03144830566666677,
            "min": 0.002032,
            "med": 0.006875,
            "max": 20.124022,
            "p(90)": 0.016721600000000003,
            "p(95)": 0.020933550000000016
        },
        "checks": {
            "passes": 6000,
            "fails": 0,
            "value": 1
        },
        "data_received": {
            "count": 996000,
            "rate": 16475.179351845203
        },
        "http_req_failed": {
            "fails": 6000,
            "passes": 0,
            "thresholds": {
                "rate<0.01": false
            },
            "value": 0
        },
        "http_req_tls_handshaking": {
            "med": 0,
            "max": 0,
            "p(90)": 0,
            "p(95)": 0,
            "avg": 0,
            "min": 0
        },
        "http_reqs": {
            "rate": 99.24806838460967,
            "count": 6000,
            "thresholds": {
                "count>1000": false
            }
        },
        "iteration_duration": {
            "avg": 1006.0498680804978,
            "min": 1000.649613,
            "med": 1003.0334,
            "max": 1068.961593,
            "p(90)": 1014.9026141999999,
            "p(95)": 1023.07206105
        },
        "http_req_duration{expected_response:true}": {
            "avg": 4.9189915184999915,
            "min": 0.456919,
            "med": 2.027244,
            "max": 68.007037,
            "p(90)": 12.955759700000012,
            "p(95)": 21.079361150000004
        },
        "iterations": {
            "count": 6000,
            "rate": 99.24806838460967
        },
        "http_req_receiving": {
            "avg": 0.11196499016666642,
            "min": 0.017284,
            "med": 0.0596525,
            "max": 13.832535,
            "p(90)": 0.1679293,
            "p(95)": 0.2707199000000003
        },
        "vus_max": {
            "max": 100,
            "value": 100,
            "min": 100
        },
        "http_req_sending": {
            "p(95)": 0.10249080000000003,
            "avg": 0.0618551011666668,
            "min": 0.007871,
            "med": 0.026674,
            "max": 10.911796,
            "p(90)": 0.07008120000000001
        }
    },
    "root_group": {
        "path": "",
        "id": "d41d8cd98f00b204e9800998ecf8427e",
        "groups": {},
        "checks": {
                "статус 201": {
                    "name": "статус 201",
                    "path": "::статус 201",
                    "id": "c314df9557299c13c0b7848462734a62",
                    "passes": 6000,
                    "fails": 0
                }
            },
        "name": ""
    }
}