{
    "root_group": {
        "id": "d41d8cd98f00b204e9800998ecf8427e",
        "groups": {},
        "checks": {
                "статус 201": {
                    "name": "статус 201",
                    "path": "::статус 201",
                    "id": "c314df9557299c13c0b7848462734a62",
                    "passes": 6000,
                    "fails": 0
                }
            },
        "name": "",
        "path": ""
    },
    "metrics": {
        "http_req_sending": {
            "avg": 0.09151561616666705,
            "min": 0.008578,
            "med": 0.0269385,
            "max": 41.261917,
            "p(90)": 0.07323230000000001,
            "p(95)": 0.16067595000000012
        },
        "data_received": {
            "count": 996000,
            "rate": 16478.945066685388
        },
        "http_req_connecting": {
            "p(95)": 0,
            "avg": 0.022595955666666664,
            "min": 0,
            "med": 0,
            "max": 4.038143,
            "p(90)": 0
        },
        "http_req_waiting": {
            "min": 0.447186,
            "med": 2.0352474999999997,
            "max": 48.819188,
            "p(90)": 9.753466100000002,
            "p(95)": 15.9637071,
            "avg": 3.962983930499998
        },
        "iteration_duration": {
            "avg": 1005.3684756058323,
            "min": 1000.672142,
            "med": 1003.2052189999999,
            "max": 1069.662101,
            "p(90)": 1012.4855523,
            "p(95)": 1018.82313335
        },
        "http_req_duration": {
            "p(95)": 16.371170300000003,
            "avg": 4.167086452833344,
            "min": 0.49168,
            "med": 2.1845274999999997,
            "max": 68.801197,
            "p(90)": 10.031307300000009,
            "thresholds": {
                "p(95)<500": false
            }
        },
        "http_reqs": {
            "rate": 99.27075341376741,
            "count": 6000,
            "thresholds": {
                "count>1000": false
            }
        },
        "data_sent": {
            "count": 1050231,
            "rate": 17376.203771415727
        },
        "http_req_receiving": {
            "max": 12.355296,
            "p(90)": 0.17235450000000005,
            "p(95)": 0.29019395000000003,
            "avg": 0.11258690616666596,
            "min": 0.016788,
            "med": 0.0609735
        },
        "iterations": {
            "count": 6000,
            "rate": 99.27075341376741
        },
        "http_req_duration{expected_response:true}": {
            "p(95)": 16.371170300000003,
            "avg": 4.167086452833344,
            "min": 0.49168,
            "med": 2.1845274999999997,
            "max": 68.801197,
            "p(90)": 10.031307300000009
        },
        "http_req_blocked": {
            "p(95)": 0.019407100000000004,
            "avg": 0.04247454050000009,
            "min": 0.002222,
            "med": 0.006999,
            "max": 10.801978,
            "p(90)": 0.016223600000000005
        },
        "vus": {
            "value": 100,
            "min": 100,
            "max": 100
        },
        "http_req_failed": {
            "fails": 6000,
            "passes": 0,
            "thresholds": {
                "rate<0.01": false
            },
            "value": 0
        },
        "http_req_tls_handshaking": {
            "p(95)": 0,
            "avg": 0,
            "min": 0,
            "med": 0,
            "max": 0,
            "p(90)": 0
        },
        "checks": {
            "passes": 6000,
            "fails": 0,
            "value": 1
        },
        "vus_max": {
            "value": 100,
            "min": 100,
            "max": 100
        }
    }
}