{
    "metrics": {
        "http_req_tls_handshaking": {
            "med": 0,
            "max": 0,
            "p(90)": 0,
            "p(95)": 0,
            "avg": 0,
            "min": 0
        },
        "http_req_sending": {
            "min": 0.008143,
            "med": 0.0264525,
            "max": 6.107094,
            "p(90)": 0.07435330000000001,
            "p(95)": 0.13848770000000002,
            "avg": 0.0666914175000001
        },
        "http_req_waiting": {
            "p(95)": 17.403156750000004,
            "avg": 4.185798061833342,
            "min": 0.394105,
            "med": 1.8981075,
            "max": 47.807802,
            "p(90)": 11.119691500000007
        },
        "http_req_blocked": {
            "p(90)": 0.0164465,
            "p(95)": 0.019535600000000004,
            "avg": 0.03474130950000001,
            "min": 0.002201,
            "med": 0.006784,
            "max": 5.139843
        },
        "http_req_connecting": {
            "med": 0,
            "max": 2.173416,
            "p(90)": 0,
            "p(95)": 0,
            "avg": 0.0124405535,
            "min": 0
        },
        "data_sent": {
            "rate": 17386.483240993985,
            "count": 1050101
        },
        "data_received": {
            "count": 996000,
            "rate": 16490.734994091054
        },
        "http_req_duration": {
            "avg": 4.361959110000003,
            "min": 0.438588,
            "med": 2.0194824999999996,
            "max": 48.27394,
            "p(90)": 11.494152300000001,
            "p(95)": 17.552967600000002,
            "thresholds": {
                "p(95)<500": false
            }
        },
        "http_req_duration{expected_response:true}": {
            "p(90)": 11.494152300000001,
            "p(95)": 17.552967600000002,
            "avg": 4.361959110000003,
            "min": 0.438588,
            "med": 2.0194824999999996,
            "max": 48.27394
        },
        "iteration_duration": {
            "p(95)": 1018.68929845,
            "avg": 1005.4336300426681,
            "min": 1000.633208,
            "med": 1003.0446804999999,
            "max": 1048.668825,
            "p(90)": 1013.0292397
        },
        "iterations": {
            "count": 6000,
            "rate": 99.34177707283767
        },
        "http_reqs": {
            "rate": 99.34177707283767,
            "count": 6000,
            "thresholds": {
                "count>1000": false
            }
        },
        "http_req_receiving": {
            "max": 6.337829,
            "p(90)": 0.17083560000000012,
            "p(95)": 0.27381990000000017,
            "avg": 0.10946963066666651,
            "min": 0.013654,
            "med": 0.0618225
        },
        "vus": {
            "value": 100,
            "min": 100,
            "max": 100
        },
        "checks": {
            "passes": 6000,
            "fails": 0,
            "value": 1
        },
        "vus_max": {
            "value": 100,
            "min": 100,
            "max": 100
        },
        "http_req_failed": {
            "fails": 6000,
            "passes": 0,
            "thresholds": {
                "rate<0.01": false
            },
            "value": 0
        }
    },
    "root_group": {
        "id": "d41d8cd98f00b204e9800998ecf8427e",
        "groups": {},
        "checks": {
                "статус 201": {
                    "name": "статус 201",
                    "path": "::статус 201",
                    "id": "c314df9557299c13c0b7848462734a62",
                    "passes": 6000,
                    "fails": 0
                }
            },
        "name": "",
        "path": ""
    }
}