{
    "metrics": {
        "http_req_duration": {
            "med": 2.4741714999999997,
            "max": 38.454798,
            "p(90)": 10.807814500000001,
            "p(95)": 17.54114175,
            "avg": 4.531546792500008,
            "min": 0.484771,
            "thresholds": {
                "p(95)<500": false
            }
        },
        "http_req_receiving": {
            "avg": 0.12214734649999985,
            "min": 0.015927,
            "med": 0.062466999999999995,
            "max": 16.717348,
            "p(90)": 0.18391910000000003,
            "p(95)": 0.3251676500000003
        },
        "checks": {
            "passes": 6000,
            "fails": 0,
            "value": 1
        },
        "http_req_waiting": {
            "p(95)": 16.913597350000007,
            "avg": 4.329744940000018,
            "min": 0.442502,
            "med": 2.3090565,
            "max": 38.378183,
            "p(90)": 10.398093800000005
        },
        "http_req_blocked": {
            "max": 9.972804,
            "p(90)": 0.017229400000000002,
            "p(95)": 0.020984750000000007,
            "avg": 0.0441529405,
            "min": 0.002542,
            "med": 0.007606
        },
        "http_req_duration{expected_response:true}": {
            "min": 0.484771,
            "med": 2.4741714999999997,
            "max": 38.454798,
            "p(90)": 10.807814500000001,
            "p(95)": 17.54114175,
            "avg": 4.531546792500008
        },
        "http_req_tls_handshaking": {
            "avg": 0,
            "min": 0,
            "med": 0,
            "max": 0,
            "p(90)": 0,
            "p(95)": 0
        },
        "http_req_connecting": {
            "p(95)": 0,
            "avg": 0.02360532000000001,
            "min": 0,
            "med": 0,
            "max": 5.092773,
            "p(90)": 0
        },
        "data_received": {
            "count": 996000,
            "rate": 16489.1766712121
        },
        "vus_max": {
            "value": 100,
            "min": 100,
            "max": 100
        },
        "data_sent": {
            "count": 1049993,
            "rate": 17383.052289694784
        },
        "http_reqs": {
            "count": 6000,
            "rate": 99.33238958561505,
            "thresholds": {
                "count>1000": false
            }
        },
        "http_req_sending": {
            "p(95)": 0.12743490000000007,
            "avg": 0.07965450600000017,
            "min": 0.009413,
            "med": 0.0288775,
            "max": 14.271134,
            "p(90)": 0.07638130000000001
        },
        "iteration_duration": {
            "p(90)": 1012.709203,
            "p(95)": 1021.39556945,
            "avg": 1005.7716687019999,
            "min": 1000.663269,
            "med": 1003.4678289999999,
            "max": 1050.077508
        },
        "iterations": {
            "rate": 99.33238958561505,
            "count": 6000
        },
        "http_req_failed": {
            "passes": 0,
            "fails": 6000,
            "thresholds": {
                "rate<0.01": false
            },
            "value": 0
        },
        "vus": {
            "max": 100,
            "value": 100,
            "min": 100
        }
    },
    "root_group": {
        "path": "",
        "id": "d41d8cd98f00b204e9800998ecf8427e",
        "groups": {},
        "checks": {
                "статус 201": {
                    "id": "c314df9557299c13c0b7848462734a62",
                    "passes": 6000,
                    "fails": 0,
                    "name": "статус 201",
                    "path": "::статус 201"
                }
            },
        "name": ""
    }
}