{
    "metrics": {
        "http_req_receiving": {
            "avg": 0.12366968433333334,
            "min": 0.015348,
            "med": 0.052293,
            "max": 38.781371,
            "p(90)": 0.1548471000000001,
            "p(95)": 0.2524792500000002
        },
        "http_req_duration": {
            "min": 0.460181,
            "med": 1.524583,
            "max": 83.200404,
            "p(90)": 9.035624900000002,
            "p(95)": 15.34925875,
            "avg": 3.8431247568333475,
            "thresholds": {
                "p(95)<500": false
            }
        },
        "data_received": {
            "count": 996000,
            "rate": 16489.32112570628
        },
        "http_reqs": {
            "rate": 99.33325979341133,
            "count": 6000,
            "thresholds": {
                "count>1000": false
            }
        },
        "http_req_duration{expected_response:true}": {
            "p(90)": 9.035624900000002,
            "p(95)": 15.34925875,
            "avg": 3.8431247568333475,
            "min": 0.460181,
            "med": 1.524583,
            "max": 83.200404
        },
        "http_req_blocked": {
            "avg": 0.02268195866666672,
            "min": 0.002009,
            "med": 0.005749000000000001,
            "max": 7.511804,
            "p(90)": 0.015295100000000004,
            "p(95)": 0.0186942
        },
        "http_req_failed": {
            "passes": 0,
            "fails": 6000,
            "thresholds": {
                "rate<0.01": false
            },
            "value": 0
        },
        "checks": {
            "passes": 6000,
            "fails": 0,
            "value": 1
        },
        "http_req_tls_handshaking": {
            "avg": 0,
            "min": 0,
            "med": 0,
            "max": 0,
            "p(90)": 0,
            "p(95)": 0
        },
        "iterations": {
            "count": 6000,
            "rate": 99.33325979341133
        },
        "http_req_sending": {
            "min": 0.007871,
            "med": 0.021691500000000002,
            "max": 15.024108,
            "p(90)": 0.06150810000000001,
            "p(95)": 0.11448025000000014,
            "avg": 0.06377448216666674
        },
        "iteration_duration": {
            "avg": 1004.9035841921591,
            "min": 1000.678219,
            "med": 1002.3669525,
            "max": 1083.943389,
            "p(90)": 1011.0977649,
            "p(95)": 1018.4534715
        },
        "vus_max": {
            "value": 100,
            "min": 100,
            "max": 100
        },
        "data_sent": {
            "count": 1049976,
            "rate": 17382.92313080781
        },
        "http_req_waiting": {
            "min": 0.412394,
            "med": 1.4293715,
            "max": 72.083139,
            "p(90)": 8.6905861,
            "p(95)": 14.709356200000007,
            "avg": 3.6556805903333243
        },
        "vus": {
            "value": 100,
            "min": 100,
            "max": 100
        },
        "http_req_connecting": {
            "avg": 0.008495880666666667,
            "min": 0,
            "med": 0,
            "max": 4.963187,
            "p(90)": 0,
            "p(95)": 0
        }
    },
    "root_group": {
        "checks": {
            "статус 201": {
                "passes": 6000,
                "fails": 0,
                "name": "статус 201",
                "path": "::статус 201",
                "id": "c314df9557299c13c0b7848462734a62"
            }
        },
        "name": "",
        "path": "",
        "id": "d41d8cd98f00b204e9800998ecf8427e",
        "groups": {}
    }
}