{
    "root_group": {
        "name": "",
        "path": "",
        "id": "d41d8cd98f00b204e9800998ecf8427e",
        "groups": {},
        "checks": {
                "статус 201": {
                    "name": "статус 201",
                    "path": "::статус 201",
                    "id": "c314df9557299c13c0b7848462734a62",
                    "passes": 6000,
                    "fails": 0
                }
            }
    },
    "metrics": {
        "http_req_waiting": {
            "p(90)": 10.3747673,
            "p(95)": 16.4414582,
            "avg": 4.193121011000013,
            "min": 0.434477,
            "med": 1.9856889999999998,
            "max": 59.885573
        },
        "iterations": {
            "count": 6000,
            "rate": 99.30371114901833
        },
        "vus_max": {
            "value": 100,
            "min": 100,
            "max": 100
        },
        "http_req_connecting": {
            "avg": 0.02575198133333332,
            "min": 0,
            "med": 0,
            "max": 6.702158,
            "p(90)": 0,
            "p(95)": 0
        },
        "vus": {
            "value": 100,
            "min": 100,
            "max": 100
        },
        "data_sent": {
            "count": 1050106,
            "rate": 17379.90381664184
        },
        "http_req_blocked": {
            "min": 0.001947,
            "med": 0.007208,
            "max": 10.906301,
            "p(90)": 0.016908700000000002,
            "p(95)": 0.02081835000000001,
            "avg": 0.04894801716666678
        },
        "http_req_sending": {
            "p(90)": 0.07681970000000002,
            "p(95)": 0.16028980000000004,
            "avg": 0.09679521649999981,
            "min": 0.008369,
            "med": 0.027748,
            "max": 13.9966
        },
        "http_req_tls_handshaking": {
            "min": 0,
            "med": 0,
            "max": 0,
            "p(90)": 0,
            "p(95)": 0,
            "avg": 0
        },
        "checks": {
            "passes": 6000,
            "fails": 0,
            "value": 1
        },
        "iteration_duration": {
            "avg": 1005.5855362126686,
            "min": 1000.718271,
            "med": 1003.1077325,
            "max": 1063.085179,
            "p(90)": 1012.9586587,
            "p(95)": 1019.66157185
        },
        "http_req_receiving": {
            "avg": 0.12113397450000038,
            "min": 0.014901,
            "med": 0.0607435,
            "max": 16.170395,
            "p(90)": 0.17428130000000003,
            "p(95)": 0.3179317500000001
        },
        "http_reqs": {
            "count": 6000,
            "rate": 99.30371114901833,
            "thresholds": {
                "count>1000": false
            }
        },
        "http_req_duration{expected_response:true}": {
            "avg": 4.4110502020000135,
            "min": 0.477062,
            "med": 2.1127485,
            "max": 59.998469,
            "p(90)": 10.882549700000009,
            "p(95)": 17.38160065
        },
        "http_req_failed": {
            "passes": 0,
            "fails": 6000,
            "thresholds": {
                "rate<0.01": false
            },
            "value": 0
        },
        "data_received": {
            "count": 996000,
            "rate": 16484.416050737043
        },
        "http_req_duration": {
            "avg": 4.4110502020000135,
            "min": 0.477062,
            "med": 2.1127485,
            "max": 59.998469,
            "p(90)": 10.882549700000009,
            "p(95)": 17.38160065,
            "thresholds": {
                "p(95)<500": false
            }
        }
    }
}