{
    "metrics": {
        "vus": {
            "max": 100,
            "value": 100,
            "min": 100
        },
        "checks": {
            "passes": 12000,
            "fails": 0,
            "value": 1
        },
        "data_received": {
            "count": 5965383,
            "rate": 98787.37912233792
        },
        "http_req_failed": {
            "passes": 0,
            "fails": 6000,
            "thresholds": {
                "rate<0.01": false
            },
            "value": 0
        },
        "iterations": {
            "count": 6000,
            "rate": 99.36064033676087
        },
        "http_req_connecting": {
            "avg": 0.06462150666666666,
            "min": 0,
            "med": 0,
            "max": 9.200331,
            "p(90)": 0,
            "p(95)": 0
        },
        "http_req_waiting": {
            "med": 1.817515,
            "max": 141.179207,
            "p(90)": 4.6549397,
            "p(95)": 10.145406950000002,
            "avg": 4.02414777483331,
            "min": 0.579214
        },
        "http_req_blocked": {
            "min": 0.001171,
            "med": 0.004826,
            "max": 9.451343,
            "p(90)": 0.0080586,
            "p(95)": 0.009662150000000001,
            "avg": 0.07249525633333333
        },
        "http_req_duration{expected_response:true}": {
            "max": 142.417531,
            "p(90)": 4.711684700000009,
            "p(95)": 10.2340272,
            "avg": 4.124247093833341,
            "min": 0.632612,
            "med": 1.8941655
        },
        "iteration_duration": {
            "med": 1002.512159,
            "max": 1147.703014,
            "p(90)": 1005.365621,
            "p(95)": 1010.8920266,
            "avg": 1004.8456369261669,
            "min": 1000.899753
        },
        "http_req_sending": {
            "p(90)": 0.023446300000000003,
            "p(95)": 0.028700900000000005,
            "avg": 0.0460588929999998,
            "min": 0.00285,
            "med": 0.013376,
            "max": 4.768569
        },
        "vus_max": {
            "value": 100,
            "min": 100,
            "max": 100
        },
        "http_req_tls_handshaking": {
            "avg": 0,
            "min": 0,
            "med": 0,
            "max": 0,
            "p(90)": 0,
            "p(95)": 0
        },
        "http_req_duration": {
            "avg": 4.124247093833341,
            "min": 0.632612,
            "med": 1.8941655,
            "max": 142.417531,
            "p(90)": 4.711684700000009,
            "p(95)": 10.2340272,
            "thresholds": {
                "p(95)<300": false
            }
        },
        "http_reqs": {
            "count": 6000,
            "rate": 99.36064033676087,
            "thresholds": {
                "count>1000": false
            }
        },
        "http_req_receiving": {
            "med": 0.0482215,
            "max": 0.584295,
            "p(90)": 0.08466540000000003,
            "p(95)": 0.1001313,
            "avg": 0.054040426000000044,
            "min": 0.007169
        },
        "data_sent": {
            "count": 509338,
            "rate": 8434.691637974185
        }
    },
    "root_group": {
        "id": "d41d8cd98f00b204e9800998ecf8427e",
        "groups": {},
        "checks": {
                "статус 200": {
                    "name": "статус 200",
                    "path": "::статус 200",
                    "id": "63fd587a2004924fac2f18b343720cda",
                    "passes": 6000,
                    "fails": 0
                },
                "ответ содержит orderId": {
                    "passes": 6000,
                    "fails": 0,
                    "name": "ответ содержит orderId",
                    "path": "::ответ содержит orderId",
                    "id": "9b0caa480d77dd97e7e57f2f6d3f304a"
                }
            },
        "name": "",
        "path": ""
    }
}