{
    "metrics": {
        "http_req_sending": {
            "max": 9.124472,
            "p(90)": 0.025856800000000006,
            "p(95)": 0.03165850000000002,
            "avg": 0.031423018166666795,
            "min": 0.0026,
            "med": 0.0168365
        },
        "http_req_waiting": {
            "p(90)": 5.108086400000008,
            "p(95)": 10.30277775000001,
            "avg": 4.480446259833335,
            "min": 0.677106,
            "med": 2.1943495,
            "max": 160.195818
        },
        "iterations": {
            "rate": 99.30182273694085,
            "count": 6000
        },
        "http_req_duration{expected_response:true}": {
            "avg": 4.5771819131666795,
            "min": 0.716792,
            "med": 2.2785935000000004,
            "max": 161.434084,
            "p(90)": 5.176954100000011,
            "p(95)": 10.419432300000004
        },
        "http_req_blocked": {
            "p(90)": 0.0087071,
            "p(95)": 0.01086105,
            "avg": 0.025931652999999846,
            "min": 0.001181,
            "med": 0.0060435,
            "max": 7.769904
        },
        "checks": {
            "passes": 12000,
            "fails": 0,
            "value": 1
        },
        "data_received": {
            "count": 5963378,
            "rate": 98695.71751156214
        },
        "http_req_duration": {
            "p(95)": 10.419432300000004,
            "avg": 4.5771819131666795,
            "min": 0.716792,
            "med": 2.2785935000000004,
            "max": 161.434084,
            "p(90)": 5.176954100000011,
            "thresholds": {
                "p(95)<300": false
            }
        },
        "http_req_failed": {
            "passes": 0,
            "fails": 6000,
            "thresholds": {
                "rate<0.01": false
            },
            "value": 0
        },
        "iteration_duration": {
            "p(90)": 1005.9503483000001,
            "p(95)": 1011.0214584,
            "avg": 1005.2926297371655,
            "min": 1000.943201,
            "med": 1002.971447,
            "max": 1165.548274
        },
        "vus_max": {
            "value": 100,
            "min": 100,
            "max": 100
        },
        "http_req_connecting": {
            "avg": 0.010648122166666664,
            "min": 0,
            "med": 0,
            "max": 3.409809,
            "p(90)": 0,
            "p(95)": 0
        },
        "http_reqs": {
            "count": 6000,
            "rate": 99.30182273694085,
            "thresholds": {
                "count>1000": false
            }
        },
        "http_req_tls_handshaking": {
            "p(90)": 0,
            "p(95)": 0,
            "avg": 0,
            "min": 0,
            "med": 0,
            "max": 0
        },
        "http_req_receiving": {
            "min": 0.00825,
            "med": 0.0590995,
            "max": 2.548983,
            "p(90)": 0.09460130000000001,
            "p(95)": 0.11024585000000003,
            "avg": 0.06531263516666672
        },
        "vus": {
            "min": 100,
            "max": 100,
            "value": 100
        },
        "data_sent": {
            "count": 509318,
            "rate": 8429.36762545554
        }
    },
    "root_group": {
        "name": "",
        "path": "",
        "id": "d41d8cd98f00b204e9800998ecf8427e",
        "groups": {},
        "checks": {
                "статус 200": {
                    "path": "::статус 200",
                    "id": "63fd587a2004924fac2f18b343720cda",
                    "passes": 6000,
                    "fails": 0,
                    "name": "статус 200"
                },
                "ответ содержит orderId": {
                    "passes": 6000,
                    "fails": 0,
                    "name": "ответ содержит orderId",
                    "path": "::ответ содержит orderId",
                    "id": "9b0caa480d77dd97e7e57f2f6d3f304a"
                }
            }
    }
}