{
    "root_group": {
        "checks": {
            "статус 200": {
                "passes": 6000,
                "fails": 0,
                "name": "статус 200",
                "path": "::статус 200",
                "id": "63fd587a2004924fac2f18b343720cda"
            },
            "ответ содержит orderId": {
                "name": "ответ содержит orderId",
                "path": "::ответ содержит orderId",
                "id": "9b0caa480d77dd97e7e57f2f6d3f304a",
                "passes": 6000,
                "fails": 0
            }
        },
        "name": "",
        "path": "",
        "id": "d41d8cd98f00b204e9800998ecf8427e",
        "groups": {}
    },
    "metrics": {
        "http_reqs": {
            "count": 6000,
            "rate": 99.37035170905567,
            "thresholds": {
                "count>1000": false
            }
        },
        "iteration_duration": {
            "avg": 1004.814570201831,
            "min": 1000.890857,
            "med": 1002.701493,
            "max": 1085.412153,
            "p(90)": 1009.4710215,
            "p(95)": 1013.7871508000001
        },
        "http_req_duration": {
            "avg": 4.153682452333332,
            "min": 0.723494,
            "med": 2.1182605,
            "max": 84.345283,
            "p(90)": 8.719337200000009,
            "p(95)": 12.877026100000005,
            "thresholds": {
                "p(95)<300": false
            }
        },
        "http_req_sending": {
            "p(90)": 0.024533200000000005,
            "p(95)": 0.03125430000000001,
            "avg": 0.016838544833333403,
            "min": 0.002486,
            "med": 0.013406,
            "max": 0.776539
        },
        "http_req_receiving": {
            "min": 0.008098,
            "med": 0.0485555,
            "max": 1.874342,
            "p(90)": 0.08863890000000005,
            "p(95)": 0.10889715000000003,
            "avg": 0.05809895500000003
        },
        "data_received": {
            "count": 5958255,
            "rate": 98678.98248703992
        },
        "data_sent": {
            "count": 509320,
            "rate": 8435.217922076039
        },
        "http_req_connecting": {
            "avg": 0.008380475333333325,
            "min": 0,
            "med": 0,
            "max": 1.353315,
            "p(90)": 0,
            "p(95)": 0
        },
        "http_req_tls_handshaking": {
            "avg": 0,
            "min": 0,
            "med": 0,
            "max": 0,
            "p(90)": 0,
            "p(95)": 0
        },
        "vus_max": {
            "value": 100,
            "min": 100,
            "max": 100
        },
        "vus": {
            "value": 100,
            "min": 100,
            "max": 100
        },
        "http_req_duration{expected_response:true}": {
            "avg": 4.153682452333332,
            "min": 0.723494,
            "med": 2.1182605,
            "max": 84.345283,
            "p(90)": 8.719337200000009,
            "p(95)": 12.877026100000005
        },
        "iterations": {
            "count": 6000,
            "rate": 99.37035170905567
        },
        "http_req_failed": {
            "passes": 0,
            "fails": 6000,
            "thresholds": {
                "rate<0.01": false
            },
            "value": 0
        },
        "http_req_blocked": {
            "avg": 0.015247646166666743,
            "min": 0.001111,
            "med": 0.0048675,
            "max": 1.897346,
            "p(90)": 0.008255300000000002,
            "p(95)": 0.010211350000000001
        },
        "http_req_waiting": {
            "avg": 4.078744952499993,
            "min": 0.683923,
            "med": 2.0319455,
            "max": 84.23549,
            "p(90)": 8.616882500000001,
            "p(95)": 12.78175695
        },
        "checks": {
            "passes": 12000,
            "fails": 0,
            "value": 1
        }
    }
}