{
    "root_group": {
        "groups": {},
        "checks": {
                "статус 200": {
                    "fails": 0,
                    "name": "статус 200",
                    "path": "::статус 200",
                    "id": "63fd587a2004924fac2f18b343720cda",
                    "passes": 6000
                },
                "ответ содержит orderId": {
                    "name": "ответ содержит orderId",
                    "path": "::ответ содержит orderId",
                    "id": "9b0caa480d77dd97e7e57f2f6d3f304a",
                    "passes": 6000,
                    "fails": 0
                }
            },
        "name": "",
        "path": "",
        "id": "d41d8cd98f00b204e9800998ecf8427e"
    },
    "metrics": {
        "http_req_blocked": {
            "max": 3.261489,
            "p(90)": 0.007690300000000001,
            "p(95)": 0.00928505,
            "avg": 0.009989975500000001,
            "min": 0.001121,
            "med": 0.004199
        },
        "http_req_receiving": {
            "p(90)": 0.07760370000000003,
            "p(95)": 0.09150445000000004,
            "avg": 0.04931298616666662,
            "min": 0.007905,
            "med": 0.0421205,
            "max": 1.403231
        },
        "http_req_failed": {
            "passes": 0,
            "fails": 6000,
            "thresholds": {
                "rate<0.01": false
            },
            "value": 0
        },
        "checks": {
            "passes": 12000,
            "fails": 0,
            "value": 1
        },
        "http_req_duration{expected_response:true}": {
            "max": 137.25414,
            "p(90)": 4.724576100000001,
            "p(95)": 9.119827450000004,
            "avg": 3.537057854166666,
            "min": 0.662788,
            "med": 1.4897775
        },
        "http_req_tls_handshaking": {
            "avg": 0,
            "min": 0,
            "med": 0,
            "max": 0,
            "p(90)": 0,
            "p(95)": 0
        },
        "http_req_connecting": {
            "med": 0,
            "max": 1.912574,
            "p(90)": 0,
            "p(95)": 0,
            "avg": 0.0032260958333333338,
            "min": 0
        },
        "http_req_waiting": {
            "avg": 3.471221444666654,
            "min": 0.631433,
            "med": 1.438907,
            "max": 137.059686,
            "p(90)": 4.649305100000003,
            "p(95)": 9.03607925
        },
        "data_sent": {
            "rate": 8441.040664274084,
            "count": 509306
        },
        "vus_max": {
            "max": 100,
            "value": 100,
            "min": 100
        },
        "http_req_duration": {
            "min": 0.662788,
            "med": 1.4897775,
            "max": 137.25414,
            "p(90)": 4.724576100000001,
            "p(95)": 9.119827450000004,
            "avg": 3.537057854166666,
            "thresholds": {
                "p(95)<300": false
            }
        },
        "http_req_sending": {
            "min": 0.002495,
            "med": 0.0112395,
            "max": 3.194369,
            "p(90)": 0.022087700000000002,
            "p(95)": 0.02702830000000001,
            "avg": 0.016523423333333374
        },
        "vus": {
            "value": 100,
            "min": 100,
            "max": 100
        },
        "iterations": {
            "count": 6000,
            "rate": 99.44167943366955
        },
        "data_received": {
            "count": 5966301,
            "rate": 98883.16524113034
        },
        "iteration_duration": {
            "avg": 1004.189033206497,
            "min": 1000.885207,
            "med": 1002.238953,
            "max": 1138.162771,
            "p(90)": 1005.3975738,
            "p(95)": 1009.9270834
        },
        "http_reqs": {
            "count": 6000,
            "rate": 99.44167943366955,
            "thresholds": {
                "count>1000": false
            }
        }
    }
}