{
    "metrics": {
        "http_req_blocked": {
            "avg": 0.009417005333333322,
            "min": 0.001085,
            "med": 0.00519,
            "max": 1.279276,
            "p(90)": 0.00814,
            "p(95)": 0.00985945
        },
        "data_received": {
            "count": 5954945,
            "rate": 98667.08790153584
        },
        "http_req_duration": {
            "med": 2.0528269999999997,
            "max": 89.409603,
            "p(90)": 4.955329800000004,
            "p(95)": 9.880917100000001,
            "avg": 3.6881488181666597,
            "min": 0.659818,
            "thresholds": {
                "p(95)<300": false
            }
        },
        "http_req_receiving": {
            "avg": 0.05848010183333315,
            "min": 0.009224,
            "med": 0.0510225,
            "max": 4.614467,
            "p(90)": 0.0856229,
            "p(95)": 0.10016815
        },
        "checks": {
            "passes": 12000,
            "fails": 0,
            "value": 1
        },
        "http_req_sending": {
            "avg": 0.01755299916666666,
            "min": 0.002443,
            "med": 0.0143755,
            "max": 1.131073,
            "p(90)": 0.0233642,
            "p(95)": 0.02779635
        },
        "vus_max": {
            "value": 100,
            "min": 100,
            "max": 100
        },
        "http_req_failed": {
            "passes": 0,
            "fails": 6000,
            "thresholds": {
                "rate<0.01": false
            },
            "value": 0
        },
        "vus": {
            "value": 100,
            "min": 100,
            "max": 100
        },
        "iteration_duration": {
            "avg": 1004.3592708141692,
            "min": 1000.842915,
            "med": 1002.629724,
            "max": 1089.740008,
            "p(90)": 1005.5812106,
            "p(95)": 1010.5526488500001
        },
        "http_req_tls_handshaking": {
            "avg": 0,
            "min": 0,
            "med": 0,
            "max": 0,
            "p(90)": 0,
            "p(95)": 0
        },
        "http_req_waiting": {
            "avg": 3.6121157171666747,
            "min": 0.615321,
            "med": 1.972278,
            "max": 89.346791,
            "p(90)": 4.88251500000001,
            "p(95)": 9.7772055
        },
        "data_sent": {
            "count": 509339,
            "rate": 8439.204037095282
        },
        "iterations": {
            "rate": 99.41360120189441,
            "count": 6000
        },
        "http_req_connecting": {
            "avg": 0.0025303574999999993,
            "min": 0,
            "med": 0,
            "max": 1.259728,
            "p(90)": 0,
            "p(95)": 0
        },
        "http_reqs": {
            "rate": 99.41360120189441,
            "count": 6000,
            "thresholds": {
                "count>1000": false
            }
        },
        "http_req_duration{expected_response:true}": {
            "max": 89.409603,
            "p(90)": 4.955329800000004,
            "p(95)": 9.880917100000001,
            "avg": 3.6881488181666597,
            "min": 0.659818,
            "med": 2.0528269999999997
        }
    },
    "root_group": {
        "name": "",
        "path": "",
        "id": "d41d8cd98f00b204e9800998ecf8427e",
        "groups": {},
        "checks": {
                "статус 200": {
                    "name": "статус 200",
                    "path": "::статус 200",
                    "id": "63fd587a2004924fac2f18b343720cda",
                    "passes": 6000,
                    "fails": 0
                },
                "ответ содержит orderId": {
                    "fails": 0,
                    "name": "ответ содержит orderId",
                    "path": "::ответ содержит orderId",
                    "id": "9b0caa480d77dd97e7e57f2f6d3f304a",
                    "passes": 6000
                }
            }
    }
}