{
    "metrics": {
        "checks": {
            "passes": 12000,
            "fails": 0,
            "value": 1
        },
        "http_req_duration{expected_response:true}": {
            "p(95)": 11.736840950000003,
            "avg": 4.132209800333332,
            "min": 0.692702,
            "med": 2.3902655,
            "max": 72.009947,
            "p(90)": 8.9994945
        },
        "http_req_receiving": {
            "med": 0.06129,
            "max": 2.49469,
            "p(90)": 0.09542150000000002,
            "p(95)": 0.11105905,
            "avg": 0.06660067383333372,
            "min": 0.013315
        },
        "vus": {
            "value": 100,
            "min": 100,
            "max": 100
        },
        "http_req_connecting": {
            "avg": 0.0031113346666666666,
            "min": 0,
            "med": 0,
            "max": 0.710593,
            "p(90)": 0,
            "p(95)": 0
        },
        "http_req_duration": {
            "p(90)": 8.9994945,
            "p(95)": 11.736840950000003,
            "avg": 4.132209800333332,
            "min": 0.692702,
            "med": 2.3902655,
            "max": 72.009947,
            "thresholds": {
                "p(95)<300": false
            }
        },
        "iteration_duration": {
            "p(95)": 1012.36122775,
            "avg": 1004.7902561711707,
            "min": 1001.017957,
            "med": 1003.093126,
            "max": 1072.855147,
            "p(90)": 1009.7149827999999
        },
        "http_req_waiting": {
            "p(95)": 11.561459650000002,
            "avg": 4.046246342833323,
            "min": 0.655024,
            "med": 2.3045774999999997,
            "max": 71.813794,
            "p(90)": 8.892775300000006
        },
        "vus_max": {
            "value": 100,
            "min": 100,
            "max": 100
        },
        "http_req_failed": {
            "passes": 0,
            "fails": 6000,
            "thresholds": {
                "rate<0.01": false
            },
            "value": 0
        },
        "http_req_tls_handshaking": {
            "avg": 0,
            "min": 0,
            "med": 0,
            "max": 0,
            "p(90)": 0,
            "p(95)": 0
        },
        "http_reqs": {
            "count": 6000,
            "rate": 99.37278870000125,
            "thresholds": {
                "count>1000": false
            }
        },
        "data_sent": {
            "rate": 8436.352269475306,
            "count": 509376
        },
        "iterations": {
            "count": 6000,
            "rate": 99.37278870000125
        },
        "http_req_blocked": {
            "avg": 0.010080584666666661,
            "min": 0.001061,
            "med": 0.006092,
            "max": 0.735408,
            "p(90)": 0.008538,
            "p(95)": 0.010901150000000009
        },
        "data_received": {
            "count": 5966571,
            "rate": 98819.1332077592
        },
        "http_req_sending": {
            "max": 0.630609,
            "p(90)": 0.0256503,
            "p(95)": 0.031911400000000006,
            "avg": 0.01936278366666668,
            "min": 0.002572,
            "med": 0.017148999999999998
        }
    },
    "root_group": {
        "id": "d41d8cd98f00b204e9800998ecf8427e",
        "groups": {},
        "checks": {
                "статус 200": {
                    "id": "63fd587a2004924fac2f18b343720cda",
                    "passes": 6000,
                    "fails": 0,
                    "name": "статус 200",
                    "path": "::статус 200"
                },
                "ответ содержит orderId": {
                    "name": "ответ содержит orderId",
                    "path": "::ответ содержит orderId",
                    "id": "9b0caa480d77dd97e7e57f2f6d3f304a",
                    "passes": 6000,
                    "fails": 0
                }
            },
        "name": "",
        "path": ""
    }
}