{
    "root_group": {
        "name": "",
        "path": "",
        "id": "d41d8cd98f00b204e9800998ecf8427e",
        "groups": {},
        "checks": {
                "статус 200": {
                    "passes": 6000,
                    "fails": 0,
                    "name": "статус 200",
                    "path": "::статус 200",
                    "id": "63fd587a2004924fac2f18b343720cda"
                },
                "ответ содержит orderId": {
                    "path": "::ответ содержит orderId",
                    "id": "9b0caa480d77dd97e7e57f2f6d3f304a",
                    "passes": 6000,
                    "fails": 0,
                    "name": "ответ содержит orderId"
                }
            }
    },
    "metrics": {
        "vus_max": {
            "value": 100,
            "min": 100,
            "max": 100
        },
        "http_req_waiting": {
            "avg": 4.065682599166677,
            "min": 0.663102,
            "med": 2.186256,
            "max": 139.664711,
            "p(90)": 4.240245700000001,
            "p(95)": 9.64087245
        },
        "http_req_failed": {
            "passes": 0,
            "fails": 6000,
            "thresholds": {
                "rate<0.01": false
            },
            "value": 0
        },
        "http_req_duration{expected_response:true}": {
            "p(90)": 4.3231518000000015,
            "p(95)": 9.724466900000001,
            "avg": 4.147698464499993,
            "min": 0.693282,
            "med": 2.2703800000000003,
            "max": 139.765098
        },
        "data_received": {
            "rate": 98450.35772986227,
            "count": 5945512
        },
        "iterations": {
            "count": 6000,
            "rate": 99.35261191621069
        },
        "http_req_receiving": {
            "p(90)": 0.09065780000000001,
            "p(95)": 0.10661775000000001,
            "avg": 0.06342692183333344,
            "min": 0.010908,
            "med": 0.0595605,
            "max": 0.98693
        },
        "checks": {
            "passes": 12000,
            "fails": 0,
            "value": 1
        },
        "http_req_tls_handshaking": {
            "med": 0,
            "max": 0,
            "p(90)": 0,
            "p(95)": 0,
            "avg": 0,
            "min": 0
        },
        "http_req_sending": {
            "p(90)": 0.025024900000000003,
            "p(95)": 0.0306083,
            "avg": 0.018588943500000017,
            "min": 0.002555,
            "med": 0.0169105,
            "max": 1.232231
        },
        "data_sent": {
            "count": 509346,
            "rate": 8434.14257817904
        },
        "iteration_duration": {
            "min": 1000.905538,
            "med": 1002.941112,
            "max": 1140.233766,
            "p(90)": 1005.1808188,
            "p(95)": 1010.44584875,
            "avg": 1004.8298606435025
        },
        "vus": {
            "value": 100,
            "min": 100,
            "max": 100
        },
        "http_reqs": {
            "count": 6000,
            "rate": 99.35261191621069,
            "thresholds": {
                "count>1000": false
            }
        },
        "http_req_connecting": {
            "avg": 0.0021589861666666673,
            "min": 0,
            "med": 0,
            "max": 0.863706,
            "p(90)": 0,
            "p(95)": 0
        },
        "http_req_duration": {
            "min": 0.693282,
            "med": 2.2703800000000003,
            "max": 139.765098,
            "p(90)": 4.3231518000000015,
            "p(95)": 9.724466900000001,
            "avg": 4.147698464499993,
            "thresholds": {
                "p(95)<300": false
            }
        },
        "http_req_blocked": {
            "med": 0.006012,
            "max": 4.801585,
            "p(90)": 0.008370500000000003,
            "p(95)": 0.010467400000000002,
            "avg": 0.013496064333333344,
            "min": 0.001328
        }
    }
}