{
    "metrics": {
        "http_req_blocked": {
            "max": 2.82277,
            "p(90)": 0.008155400000000002,
            "p(95)": 0.009827,
            "avg": 0.00992073700000002,
            "min": 0.001044,
            "med": 0.005204
        },
        "checks": {
            "passes": 12000,
            "fails": 0,
            "value": 1
        },
        "http_req_connecting": {
            "med": 0,
            "max": 2.686597,
            "p(90)": 0,
            "p(95)": 0,
            "avg": 0.0030032553333333334,
            "min": 0
        },
        "vus": {
            "value": 100,
            "min": 100,
            "max": 100
        },
        "http_req_failed": {
            "passes": 0,
            "fails": 6000,
            "thresholds": {
                "rate<0.01": false
            },
            "value": 0
        },
        "http_req_duration{expected_response:true}": {
            "p(90)": 7.459498100000001,
            "p(95)": 11.73506695,
            "avg": 3.7958479760000032,
            "min": 0.693035,
            "med": 2.160911,
            "max": 70.553818
        },
        "http_req_waiting": {
            "avg": 3.719068486833327,
            "min": 0.66615,
            "med": 2.075445,
            "max": 70.519665,
            "p(90)": 7.386592400000003,
            "p(95)": 11.608543100000002
        },
        "http_req_duration": {
            "p(90)": 7.459498100000001,
            "p(95)": 11.73506695,
            "avg": 3.7958479760000032,
            "min": 0.693035,
            "med": 2.160911,
            "max": 70.553818,
            "thresholds": {
                "p(95)<300": false
            }
        },
        "http_req_tls_handshaking": {
            "p(95)": 0,
            "avg": 0,
            "min": 0,
            "med": 0,
            "max": 0,
            "p(90)": 0
        },
        "vus_max": {
            "value": 100,
            "min": 100,
            "max": 100
        },
        "data_received": {
            "count": 5970540,
            "rate": 98938.56047880405
        },
        "data_sent": {
            "rate": 8439.971886285583,
            "count": 509318
        },
        "iteration_duration": {
            "avg": 1004.4408246978322,
            "min": 1000.844744,
            "med": 1002.758142,
            "max": 1070.956102,
            "p(90)": 1008.0683760000001,
            "p(95)": 1012.5390912500001
        },
        "http_req_sending": {
            "med": 0.0143365,
            "max": 1.676132,
            "p(90)": 0.024236300000000002,
            "p(95)": 0.0299911,
            "avg": 0.019109961166666654,
            "min": 0.002578
        },
        "iterations": {
            "count": 6000,
            "rate": 99.42674580068542
        },
        "http_req_receiving": {
            "max": 1.372252,
            "p(90)": 0.08802370000000001,
            "p(95)": 0.10426125000000003,
            "avg": 0.057669528000000136,
            "min": 0.007564,
            "med": 0.051721
        },
        "http_reqs": {
            "count": 6000,
            "rate": 99.42674580068542,
            "thresholds": {
                "count>1000": false
            }
        }
    },
    "root_group": {
        "name": "",
        "path": "",
        "id": "d41d8cd98f00b204e9800998ecf8427e",
        "groups": {},
        "checks": {
                "статус 200": {
                    "id": "63fd587a2004924fac2f18b343720cda",
                    "passes": 6000,
                    "fails": 0,
                    "name": "статус 200",
                    "path": "::статус 200"
                },
                "ответ содержит orderId": {
                    "name": "ответ содержит orderId",
                    "path": "::ответ содержит orderId",
                    "id": "9b0caa480d77dd97e7e57f2f6d3f304a",
                    "passes": 6000,
                    "fails": 0
                }
            }
    }
}