{
    "metrics": {
        "http_req_waiting": {
            "p(90)": 5.828757,
            "p(95)": 10.8219584,
            "avg": 3.3269586306666614,
            "min": 0.630554,
            "med": 1.7411115,
            "max": 66.996601
        },
        "http_req_receiving": {
            "max": 2.029054,
            "p(90)": 0.08290180000000001,
            "p(95)": 0.09841150000000004,
            "avg": 0.05442136633333328,
            "min": 0.007624,
            "med": 0.0457535
        },
        "vus_max": {
            "max": 100,
            "value": 100,
            "min": 100
        },
        "checks": {
            "passes": 12000,
            "fails": 0,
            "value": 1
        },
        "http_req_tls_handshaking": {
            "avg": 0,
            "min": 0,
            "med": 0,
            "max": 0,
            "p(90)": 0,
            "p(95)": 0
        },
        "http_req_sending": {
            "p(95)": 0.028513650000000012,
            "avg": 0.01752491183333336,
            "min": 0.002319,
            "med": 0.012438000000000001,
            "max": 1.968094,
            "p(90)": 0.0233891
        },
        "http_reqs": {
            "count": 6000,
            "rate": 99.45198939948347,
            "thresholds": {
                "count>1000": false
            }
        },
        "http_req_duration": {
            "min": 0.666596,
            "med": 1.8153350000000001,
            "max": 67.260737,
            "p(90)": 5.919203100000004,
            "p(95)": 10.912078150000003,
            "avg": 3.398904908833343,
            "thresholds": {
                "p(95)<300": false
            }
        },
        "http_req_duration{expected_response:true}": {
            "p(95)": 10.912078150000003,
            "avg": 3.398904908833343,
            "min": 0.666596,
            "med": 1.8153350000000001,
            "max": 67.260737,
            "p(90)": 5.919203100000004
        },
        "vus": {
            "value": 100,
            "min": 100,
            "max": 100
        },
        "http_req_connecting": {
            "min": 0,
            "med": 0,
            "max": 1.58315,
            "p(90)": 0,
            "p(95)": 0,
            "avg": 0.002591984833333333
        },
        "data_received": {
            "count": 5951006,
            "rate": 98639.89760471041
        },
        "iterations": {
            "count": 6000,
            "rate": 99.45198939948347
        },
        "http_req_blocked": {
            "avg": 0.009493361833333325,
            "min": 0.001105,
            "med": 0.0045375,
            "max": 2.147804,
            "p(90)": 0.007976400000000002,
            "p(95)": 0.009901600000000002
        },
        "iteration_duration": {
            "max": 1069.101445,
            "p(90)": 1006.7439642,
            "p(95)": 1011.60457675,
            "avg": 1004.0454486383348,
            "min": 1000.80957,
            "med": 1002.4396695
        },
        "data_sent": {
            "count": 509362,
            "rate": 8442.844037416617
        },
        "http_req_failed": {
            "passes": 0,
            "fails": 6000,
            "thresholds": {
                "rate<0.01": false
            },
            "value": 0
        }
    },
    "root_group": {
        "name": "",
        "path": "",
        "id": "d41d8cd98f00b204e9800998ecf8427e",
        "groups": {},
        "checks": {
                "статус 200": {
                    "name": "статус 200",
                    "path": "::статус 200",
                    "id": "63fd587a2004924fac2f18b343720cda",
                    "passes": 6000,
                    "fails": 0
                },
                "ответ содержит orderId": {
                    "passes": 6000,
                    "fails": 0,
                    "name": "ответ содержит orderId",
                    "path": "::ответ содержит orderId",
                    "id": "9b0caa480d77dd97e7e57f2f6d3f304a"
                }
            }
    }
}