{
    "root_group": {
        "name": "",
        "path": "",
        "id": "d41d8cd98f00b204e9800998ecf8427e",
        "groups": {},
        "checks": {
                "статус 200": {
                    "name": "статус 200",
                    "path": "::статус 200",
                    "id": "63fd587a2004924fac2f18b343720cda",
                    "passes": 6000,
                    "fails": 0
                },
                "ответ содержит orderId": {
                    "name": "ответ содержит orderId",
                    "path": "::ответ содержит orderId",
                    "id": "9b0caa480d77dd97e7e57f2f6d3f304a",
                    "passes": 6000,
                    "fails": 0
                }
            }
    },
    "metrics": {
        "http_req_connecting": {
            "avg": 0.007646252666666663,
            "min": 0,
            "med": 0,
            "max": 1.574757,
            "p(90)": 0,
            "p(95)": 0
        },
        "data_received": {
            "count": 5966435,
            "rate": 98864.93735986635
        },
        "vus": {
            "value": 100,
            "min": 100,
            "max": 100
        },
        "http_req_duration{expected_response:true}": {
            "avg": 3.7336891135000023,
            "min": 0.66669,
            "med": 2.1321779999999997,
            "max": 70.784998,
            "p(90)": 7.227754400000012,
            "p(95)": 11.90953215
        },
        "http_req_receiving": {
            "max": 1.282048,
            "p(90)": 0.08884130000000001,
            "p(95)": 0.10800610000000001,
            "avg": 0.05728259233333343,
            "min": 0.008059,
            "med": 0.050334000000000004
        },
        "vus_max": {
            "value": 100,
            "min": 100,
            "max": 100
        },
        "http_req_sending": {
            "med": 0.013853,
            "max": 1.563295,
            "p(90)": 0.023862000000000005,
            "p(95)": 0.02943215000000001,
            "avg": 0.016899415166666657,
            "min": 0.002688
        },
        "iteration_duration": {
            "med": 1002.739594,
            "max": 1071.467844,
            "p(90)": 1008.0142919,
            "p(95)": 1012.5960707,
            "avg": 1004.4172207938316,
            "min": 1000.816269
        },
        "http_req_tls_handshaking": {
            "min": 0,
            "med": 0,
            "max": 0,
            "p(90)": 0,
            "p(95)": 0,
            "avg": 0
        },
        "http_req_failed": {
            "fails": 6000,
            "passes": 0,
            "thresholds": {
                "rate<0.01": false
            },
            "value": 0
        },
        "http_reqs": {
            "count": 6000,
            "rate": 99.421115651004,
            "thresholds": {
                "count>1000": false
            }
        },
        "data_sent": {
            "count": 509375,
            "rate": 8440.438464121695
        },
        "iterations": {
            "count": 6000,
            "rate": 99.421115651004
        },
        "http_req_waiting": {
            "p(90)": 7.137123700000005,
            "p(95)": 11.804689300000003,
            "avg": 3.6595071059999973,
            "min": 0.637891,
            "med": 2.0510725,
            "max": 70.687483
        },
        "checks": {
            "passes": 12000,
            "fails": 0,
            "value": 1
        },
        "http_req_duration": {
            "avg": 3.7336891135000023,
            "min": 0.66669,
            "med": 2.1321779999999997,
            "max": 70.784998,
            "p(90)": 7.227754400000012,
            "p(95)": 11.90953215,
            "thresholds": {
                "p(95)<300": false
            }
        },
        "http_req_blocked": {
            "med": 0.005029499999999999,
            "max": 1.617057,
            "p(90)": 0.008174100000000002,
            "p(95)": 0.0104232,
            "avg": 0.013805284833333235,
            "min": 0.000987
        }
    }
}