{
    "root_group": {
        "path": "",
        "id": "d41d8cd98f00b204e9800998ecf8427e",
        "groups": {},
        "checks": {
                "статус 200": {
                    "name": "статус 200",
                    "path": "::статус 200",
                    "id": "63fd587a2004924fac2f18b343720cda",
                    "passes": 5961,
                    "fails": 0
                },
                "ответ содержит orderId": {
                    "fails": 0,
                    "name": "ответ содержит orderId",
                    "path": "::ответ содержит orderId",
                    "id": "9b0caa480d77dd97e7e57f2f6d3f304a",
                    "passes": 5961
                }
            },
        "name": ""
    },
    "metrics": {
        "http_req_blocked": {
            "max": 7.039195,
            "p(90)": 0.020902,
            "p(95)": 0.026695,
            "avg": 0.047730232846837785,
            "min": 0.001802,
            "med": 0.015099
        },
        "http_req_duration{expected_response:true}": {
            "min": 1.320692,
            "med": 7.060898,
            "max": 260.950703,
            "p(90)": 25.617698,
            "p(95)": 57.858995,
            "avg": 14.321005133366855
        },
        "http_req_connecting": {
            "min": 0,
            "med": 0,
            "max": 6.974908,
            "p(90)": 0,
            "p(95)": 0,
            "avg": 0.0266255650058715
        },
        "http_req_duration": {
            "p(95)": 57.858995,
            "avg": 14.321005133366855,
            "min": 1.320692,
            "med": 7.060898,
            "max": 260.950703,
            "p(90)": 25.617698,
            "thresholds": {
                "p(95)<300": false
            }
        },
        "data_sent": {
            "rate": 8504.518228370722,
            "count": 518607
        },
        "vus": {
            "value": 2,
            "min": 2,
            "max": 100
        },
        "http_req_receiving": {
            "avg": 0.16865141117262236,
            "min": 0.018725,
            "med": 0.141131,
            "max": 14.35129,
            "p(90)": 0.225928,
            "p(95)": 0.324046
        },
        "iterations": {
            "count": 5961,
            "rate": 97.75308308472094
        },
        "checks": {
            "passes": 11922,
            "fails": 0,
            "value": 1
        },
        "http_req_failed": {
            "passes": 0,
            "fails": 5961,
            "thresholds": {
                "rate<0.01": false
            },
            "value": 0
        },
        "http_req_sending": {
            "min": 0.006137,
            "med": 0.04486,
            "max": 8.748592,
            "p(90)": 0.073919,
            "p(95)": 0.092184,
            "avg": 0.05944239406139928
        },
        "http_req_waiting": {
            "med": 6.830767,
            "max": 260.668336,
            "p(90)": 25.213823,
            "p(95)": 57.351106,
            "avg": 14.092911328132896,
            "min": 1.278211
        },
        "iteration_duration": {
            "max": 1261.865751,
            "p(90)": 1027.46111,
            "p(95)": 1059.462235,
            "avg": 1015.5822423638659,
            "min": 1001.593365,
            "med": 1008.300814
        },
        "http_reqs": {
            "count": 5961,
            "rate": 97.75308308472094,
            "thresholds": {
                "count>1000": false
            }
        },
        "vus_max": {
            "value": 100,
            "min": 100,
            "max": 100
        },
        "data_received": {
            "count": 4314052,
            "rate": 70745.15745475702
        },
        "http_req_tls_handshaking": {
            "avg": 0,
            "min": 0,
            "med": 0,
            "max": 0,
            "p(90)": 0,
            "p(95)": 0
        }
    }
}