{
    "root_group": {
        "checks": {
            "статус 200": {
                "name": "статус 200",
                "path": "::статус 200",
                "id": "63fd587a2004924fac2f18b343720cda",
                "passes": 5947,
                "fails": 0
            },
            "ответ содержит orderId": {
                "id": "9b0caa480d77dd97e7e57f2f6d3f304a",
                "passes": 5947,
                "fails": 0,
                "name": "ответ содержит orderId",
                "path": "::ответ содержит orderId"
            }
        },
        "name": "",
        "path": "",
        "id": "d41d8cd98f00b204e9800998ecf8427e",
        "groups": {}
    },
    "metrics": {
        "http_req_tls_handshaking": {
            "max": 0,
            "p(90)": 0,
            "p(95)": 0,
            "avg": 0,
            "min": 0,
            "med": 0
        },
        "checks": {
            "passes": 11894,
            "fails": 0,
            "value": 1
        },
        "http_req_receiving": {
            "avg": 0.1565713492517228,
            "min": 0.021235,
            "med": 0.133084,
            "max": 4.785536,
            "p(90)": 0.22266760000000005,
            "p(95)": 0.31049519999999997
        },
        "http_reqs": {
            "count": 5947,
            "rate": 97.44511659009565,
            "thresholds": {
                "count>1000": false
            }
        },
        "http_req_waiting": {
            "avg": 15.005014925340443,
            "min": 1.333145,
            "med": 6.764565,
            "max": 233.079562,
            "p(90)": 35.81667120000012,
            "p(95)": 68.03674519999996
        },
        "iterations": {
            "count": 5947,
            "rate": 97.44511659009565
        },
        "http_req_failed": {
            "passes": 0,
            "fails": 5947,
            "thresholds": {
                "rate<0.01": false
            },
            "value": 0
        },
        "http_req_connecting": {
            "med": 0,
            "max": 1.422892,
            "p(90)": 0,
            "p(95)": 0,
            "avg": 0.0037282813183117515,
            "min": 0
        },
        "http_req_sending": {
            "avg": 0.05162090095846632,
            "min": 0.005121,
            "med": 0.042764,
            "max": 4.095671,
            "p(90)": 0.07105720000000003,
            "p(95)": 0.0925523
        },
        "data_received": {
            "count": 4302537,
            "rate": 70499.61654585511
        },
        "http_req_duration{expected_response:true}": {
            "min": 1.378786,
            "med": 6.997889,
            "max": 233.150253,
            "p(90)": 36.10865960000001,
            "p(95)": 68.2740422,
            "avg": 15.213207175550698
        },
        "http_req_blocked": {
            "p(95)": 0.027298899999999997,
            "avg": 0.021678539431646205,
            "min": 0.00222,
            "med": 0.014602,
            "max": 1.469035,
            "p(90)": 0.0212006
        },
        "vus_max": {
            "value": 100,
            "min": 100,
            "max": 100
        },
        "http_req_duration": {
            "avg": 15.213207175550698,
            "min": 1.378786,
            "med": 6.997889,
            "max": 233.150253,
            "p(90)": 36.10865960000001,
            "p(95)": 68.2740422,
            "thresholds": {
                "p(95)<300": false
            }
        },
        "iteration_duration": {
            "avg": 1016.4155175508638,
            "min": 1001.651877,
            "med": 1008.235432,
            "max": 1235.556955,
            "p(90)": 1037.3240876000002,
            "p(95)": 1069.4882839
        },
        "data_sent": {
            "count": 517389,
            "rate": 8477.72514333832
        },
        "vus": {
            "value": 6,
            "min": 6,
            "max": 100
        }
    }
}