{
    "root_group": {
        "name": "",
        "path": "",
        "id": "d41d8cd98f00b204e9800998ecf8427e",
        "groups": {},
        "checks": {
                "статус 200": {
                    "name": "статус 200",
                    "path": "::статус 200",
                    "id": "63fd587a2004924fac2f18b343720cda",
                    "passes": 5958,
                    "fails": 0
                },
                "ответ содержит orderId": {
                    "name": "ответ содержит orderId",
                    "path": "::ответ содержит orderId",
                    "id": "9b0caa480d77dd97e7e57f2f6d3f304a",
                    "passes": 5958,
                    "fails": 0
                }
            }
    },
    "metrics": {
        "http_req_blocked": {
            "min": 0.002289,
            "med": 0.014539,
            "max": 4.143865,
            "p(90)": 0.020252800000000005,
            "p(95)": 0.025938799999999988,
            "avg": 0.024207036421617947
        },
        "http_req_sending": {
            "med": 0.043253,
            "max": 10.180961,
            "p(90)": 0.06733190000000001,
            "p(95)": 0.0845158,
            "avg": 0.052625828801611346,
            "min": 0.005952
        },
        "vus": {
            "value": 4,
            "min": 4,
            "max": 100
        },
        "iteration_duration": {
            "avg": 1015.489564162637,
            "min": 1001.665183,
            "med": 1008.2114065000001,
            "max": 1291.815547,
            "p(90)": 1024.631923,
            "p(95)": 1058.7362291
        },
        "http_req_tls_handshaking": {
            "p(95)": 0,
            "avg": 0,
            "min": 0,
            "med": 0,
            "max": 0,
            "p(90)": 0
        },
        "checks": {
            "passes": 11916,
            "fails": 0,
            "value": 1
        },
        "data_received": {
            "count": 4315785,
            "rate": 70747.19342899711
        },
        "http_req_failed": {
            "passes": 0,
            "fails": 5958,
            "thresholds": {
                "rate<0.01": false
            },
            "value": 0
        },
        "http_req_connecting": {
            "p(90)": 0,
            "p(95)": 0,
            "avg": 0.005857735146022152,
            "min": 0,
            "med": 0,
            "max": 4.063531
        },
        "http_req_waiting": {
            "max": 290.261346,
            "p(90)": 22.494959600000026,
            "p(95)": 57.25016909999996,
            "avg": 13.997008182275954,
            "min": 1.314493,
            "med": 6.743942
        },
        "http_req_duration": {
            "avg": 14.211114127895264,
            "min": 1.363057,
            "med": 6.9662555,
            "max": 290.390053,
            "p(90)": 22.58502250000004,
            "p(95)": 57.47671044999999,
            "thresholds": {
                "p(95)<300": false
            }
        },
        "http_req_duration{expected_response:true}": {
            "min": 1.363057,
            "med": 6.9662555,
            "max": 290.390053,
            "p(90)": 22.58502250000004,
            "p(95)": 57.47671044999999,
            "avg": 14.211114127895264
        },
        "iterations": {
            "rate": 97.66746454004655,
            "count": 5958
        },
        "http_reqs": {
            "count": 5958,
            "rate": 97.66746454004655,
            "thresholds": {
                "count>1000": false
            }
        },
        "http_req_receiving": {
            "max": 9.045655,
            "p(90)": 0.2194964,
            "p(95)": 0.29466659999999995,
            "avg": 0.16148011681772434,
            "min": 0.020578,
            "med": 0.137337
        },
        "data_sent": {
            "count": 518346,
            "rate": 8497.06941498405
        },
        "vus_max": {
            "value": 100,
            "min": 100,
            "max": 100
        }
    }
}