{
    "root_group": {
        "checks": {
            "статус 200": {
                "name": "статус 200",
                "path": "::статус 200",
                "id": "63fd587a2004924fac2f18b343720cda",
                "passes": 5959,
                "fails": 0
            },
            "ответ содержит orderId": {
                "passes": 5959,
                "fails": 0,
                "name": "ответ содержит orderId",
                "path": "::ответ содержит orderId",
                "id": "9b0caa480d77dd97e7e57f2f6d3f304a"
            }
        },
        "name": "",
        "path": "",
        "id": "d41d8cd98f00b204e9800998ecf8427e",
        "groups": {}
    },
    "metrics": {
        "http_req_connecting": {
            "avg": 0.032878879006544716,
            "min": 0,
            "med": 0,
            "max": 6.996202,
            "p(90)": 0,
            "p(95)": 0
        },
        "http_req_blocked": {
            "avg": 0.05355225658667573,
            "min": 0.002595,
            "med": 0.013817,
            "max": 10.174938,
            "p(90)": 0.0190352,
            "p(95)": 0.022828099999999966
        },
        "vus_max": {
            "value": 100,
            "min": 100,
            "max": 100
        },
        "http_req_failed": {
            "fails": 5959,
            "passes": 0,
            "thresholds": {
                "rate<0.01": false
            },
            "value": 0
        },
        "http_req_duration{expected_response:true}": {
            "p(90)": 28.944806399999987,
            "p(95)": 58.07588869999995,
            "avg": 13.796834914079565,
            "min": 1.283603,
            "med": 6.448348,
            "max": 261.125471
        },
        "iterations": {
            "count": 5959,
            "rate": 97.70663933862915
        },
        "checks": {
            "fails": 0,
            "passes": 11918,
            "value": 1
        },
        "data_received": {
            "count": 4327148,
            "rate": 70950.00654486833
        },
        "http_req_sending": {
            "p(90)": 0.06516019999999999,
            "p(95)": 0.08465539999999992,
            "avg": 0.0656064881691562,
            "min": 0.005892,
            "med": 0.041741,
            "max": 11.491427
        },
        "vus": {
            "max": 100,
            "value": 3,
            "min": 3
        },
        "data_sent": {
            "count": 518433,
            "rate": 8500.477622460736
        },
        "http_req_receiving": {
            "avg": 0.14494845057895583,
            "min": 0.018483,
            "med": 0.130609,
            "max": 10.913479,
            "p(90)": 0.19952739999999997,
            "p(95)": 0.2475565999999995
        },
        "http_req_tls_handshaking": {
            "p(90)": 0,
            "p(95)": 0,
            "avg": 0,
            "min": 0,
            "med": 0,
            "max": 0
        },
        "http_req_waiting": {
            "p(95)": 57.900373,
            "avg": 13.586279975331472,
            "min": 1.240225,
            "med": 6.243267,
            "max": 259.384714,
            "p(90)": 28.34427499999997
        },
        "iteration_duration": {
            "p(90)": 1030.379125,
            "p(95)": 1059.2081767,
            "avg": 1015.0014211132716,
            "min": 1001.485302,
            "med": 1007.686888,
            "max": 1264.479977
        },
        "http_req_duration": {
            "avg": 13.796834914079565,
            "min": 1.283603,
            "med": 6.448348,
            "max": 261.125471,
            "p(90)": 28.944806399999987,
            "p(95)": 58.07588869999995,
            "thresholds": {
                "p(95)<300": false
            }
        },
        "http_reqs": {
            "count": 5959,
            "rate": 97.70663933862915,
            "thresholds": {
                "count>1000": false
            }
        }
    }
}