{
    "metrics": {
        "http_req_failed": {
            "passes": 0,
            "fails": 5963,
            "thresholds": {
                "rate<0.01": false
            },
            "value": 0
        },
        "http_req_receiving": {
            "p(90)": 0.20091340000000005,
            "p(95)": 0.2530602999999999,
            "avg": 0.14366520643971137,
            "min": 0.020203,
            "med": 0.132614,
            "max": 4.004021
        },
        "iteration_duration": {
            "p(90)": 1023.3378276,
            "p(95)": 1071.8520703999998,
            "avg": 1015.099852596014,
            "min": 1001.543222,
            "med": 1007.724385,
            "max": 1236.692058
        },
        "http_req_tls_handshaking": {
            "p(95)": 0,
            "avg": 0,
            "min": 0,
            "med": 0,
            "max": 0,
            "p(90)": 0
        },
        "http_req_waiting": {
            "p(90)": 20.911542400000002,
            "p(95)": 70.79412129999969,
            "avg": 13.642459238805952,
            "min": 1.278928,
            "med": 6.273053,
            "max": 230.103184
        },
        "http_req_duration": {
            "max": 231.539536,
            "p(90)": 21.0783582,
            "p(95)": 70.95759979999985,
            "avg": 13.842254113868835,
            "min": 1.326792,
            "med": 6.47941,
            "thresholds": {
                "p(95)<300": false
            }
        },
        "http_req_connecting": {
            "p(95)": 0,
            "avg": 0.028089239141371805,
            "min": 0,
            "med": 0,
            "max": 9.283395,
            "p(90)": 0
        },
        "iterations": {
            "count": 5963,
            "rate": 97.74053306102886
        },
        "http_req_blocked": {
            "max": 11.090816,
            "p(90)": 0.019892200000000002,
            "p(95)": 0.025293099999999985,
            "avg": 0.06767751467382202,
            "min": 0.002315,
            "med": 0.014449
        },
        "http_reqs": {
            "count": 5963,
            "rate": 97.74053306102886,
            "thresholds": {
                "count>1000": false
            }
        },
        "checks": {
            "passes": 11926,
            "fails": 0,
            "value": 1
        },
        "vus": {
            "value": 4,
            "min": 4,
            "max": 100
        },
        "data_sent": {
            "count": 518781,
            "rate": 8503.42637630951
        },
        "http_req_duration{expected_response:true}": {
            "avg": 13.842254113868835,
            "min": 1.326792,
            "med": 6.47941,
            "max": 231.539536,
            "p(90)": 21.0783582,
            "p(95)": 70.95759979999985
        },
        "data_received": {
            "rate": 70659.94728304571,
            "count": 4310855
        },
        "vus_max": {
            "value": 100,
            "min": 100,
            "max": 100
        },
        "http_req_sending": {
            "avg": 0.056129668623176164,
            "min": 0.0066,
            "med": 0.042981,
            "max": 3.191975,
            "p(90)": 0.0676678,
            "p(95)": 0.08867919999999989
        }
    },
    "root_group": {
        "name": "",
        "path": "",
        "id": "d41d8cd98f00b204e9800998ecf8427e",
        "groups": {},
        "checks": {
                "статус 200": {
                    "name": "статус 200",
                    "path": "::статус 200",
                    "id": "63fd587a2004924fac2f18b343720cda",
                    "passes": 5963,
                    "fails": 0
                },
                "ответ содержит orderId": {
                    "name": "ответ содержит orderId",
                    "path": "::ответ содержит orderId",
                    "id": "9b0caa480d77dd97e7e57f2f6d3f304a",
                    "passes": 5963,
                    "fails": 0
                }
            }
    }
}