{
    "root_group": {
        "path": "",
        "id": "d41d8cd98f00b204e9800998ecf8427e",
        "groups": {},
        "checks": {
                "статус 200": {
                    "passes": 5961,
                    "fails": 0,
                    "name": "статус 200",
                    "path": "::статус 200",
                    "id": "63fd587a2004924fac2f18b343720cda"
                },
                "ответ содержит orderId": {
                    "fails": 0,
                    "name": "ответ содержит orderId",
                    "path": "::ответ содержит orderId",
                    "id": "9b0caa480d77dd97e7e57f2f6d3f304a",
                    "passes": 5961
                }
            },
        "name": ""
    },
    "metrics": {
        "http_req_waiting": {
            "med": 6.547102,
            "max": 245.464211,
            "p(90)": 33.152143,
            "p(95)": 66.051475,
            "avg": 14.024461882905516,
            "min": 1.342116
        },
        "vus": {
            "max": 100,
            "value": 4,
            "min": 4
        },
        "http_req_duration": {
            "min": 1.384059,
            "med": 6.755551,
            "max": 245.558333,
            "p(90)": 33.270233,
            "p(95)": 66.172228,
            "avg": 14.226460744673709,
            "thresholds": {
                "p(95)<300": false
            }
        },
        "vus_max": {
            "value": 100,
            "min": 100,
            "max": 100
        },
        "http_req_blocked": {
            "avg": 0.027514984566347815,
            "min": 0.002671,
            "med": 0.014293,
            "max": 3.200552,
            "p(90)": 0.020309,
            "p(95)": 0.025297
        },
        "http_req_tls_handshaking": {
            "avg": 0,
            "min": 0,
            "med": 0,
            "max": 0,
            "p(90)": 0,
            "p(95)": 0
        },
        "http_req_sending": {
            "avg": 0.05406869115920134,
            "min": 0.006205,
            "med": 0.043424,
            "max": 5.347766,
            "p(90)": 0.069442,
            "p(95)": 0.09175
        },
        "iteration_duration": {
            "max": 1247.516313,
            "p(90)": 1034.7154,
            "p(95)": 1067.332443,
            "avg": 1015.4204866149965,
            "min": 1001.625321,
            "med": 1008.021576
        },
        "http_req_failed": {
            "passes": 0,
            "fails": 5961,
            "thresholds": {
                "rate<0.01": false
            },
            "value": 0
        },
        "http_req_duration{expected_response:true}": {
            "p(95)": 66.172228,
            "avg": 14.226460744673709,
            "min": 1.384059,
            "med": 6.755551,
            "max": 245.558333,
            "p(90)": 33.270233
        },
        "checks": {
            "passes": 11922,
            "fails": 0,
            "value": 1
        },
        "iterations": {
            "count": 5961,
            "rate": 97.73171671334066
        },
        "data_sent": {
            "count": 518607,
            "rate": 8502.659354060637
        },
        "http_reqs": {
            "count": 5961,
            "rate": 97.73171671334066,
            "thresholds": {
                "count>1000": false
            }
        },
        "http_req_receiving": {
            "avg": 0.14793017060895777,
            "min": 0.019634,
            "med": 0.135153,
            "max": 3.952202,
            "p(90)": 0.211258,
            "p(95)": 0.263952
        },
        "http_req_connecting": {
            "min": 0,
            "med": 0,
            "max": 3.156939,
            "p(90)": 0,
            "p(95)": 0,
            "avg": 0.010273405301123969
        },
        "data_received": {
            "count": 4310255,
            "rate": 70667.44180880056
        }
    }
}