{
    "metrics": {
        "http_req_receiving": {
            "min": 0.00594,
            "med": 0.028075,
            "max": 4.954817,
            "p(90)": 0.0670831,
            "p(95)": 0.09306900000000003,
            "avg": 0.0463220736666667
        },
        "http_req_failed": {
            "passes": 0,
            "fails": 6000,
            "thresholds": {
                "rate<0.01": false
            },
            "value": 0
        },
        "http_req_connecting": {
            "avg": 0.0019699405,
            "min": 0,
            "med": 0,
            "max": 0.611891,
            "p(90)": 0,
            "p(95)": 0
        },
        "vus": {
            "max": 100,
            "value": 100,
            "min": 100
        },
        "http_reqs": {
            "rate": 99.60862541902428,
            "count": 6000,
            "thresholds": {
                "count>1000": false
            }
        },
        "iterations": {
            "count": 6000,
            "rate": 99.60862541902428
        },
        "checks": {
            "passes": 6000,
            "fails": 0,
            "value": 1
        },
        "http_req_blocked": {
            "min": 0.000935,
            "med": 0.003653,
            "max": 0.719948,
            "p(90)": 0.0067581,
            "p(95)": 0.00817205,
            "avg": 0.007217933499999991
        },
        "http_req_sending": {
            "p(90)": 0.024892400000000005,
            "p(95)": 0.033320550000000004,
            "avg": 0.018257218999999974,
            "min": 0.002611,
            "med": 0.012262,
            "max": 1.023571
        },
        "data_sent": {
            "count": 1020574,
            "rate": 16942.995546399212
        },
        "iteration_duration": {
            "p(90)": 1006.0071763,
            "p(95)": 1008.284422,
            "avg": 1003.3673807113364,
            "min": 1000.720543,
            "med": 1002.545527,
            "max": 1020.06286
        },
        "http_req_tls_handshaking": {
            "avg": 0,
            "min": 0,
            "med": 0,
            "max": 0,
            "p(90)": 0,
            "p(95)": 0
        },
        "http_req_duration{expected_response:true}": {
            "avg": 2.6986446623333338,
            "min": 0.568903,
            "med": 1.89609,
            "max": 15.243033,
            "p(90)": 5.2858466,
            "p(95)": 7.404139950000001
        },
        "data_received": {
            "count": 996000,
            "rate": 16535.03181955803
        },
        "http_req_duration": {
            "avg": 2.6986446623333338,
            "min": 0.568903,
            "med": 1.89609,
            "max": 15.243033,
            "p(90)": 5.2858466,
            "p(95)": 7.404139950000001,
            "thresholds": {
                "p(95)<500": false
            }
        },
        "http_req_waiting": {
            "avg": 2.634065369666675,
            "min": 0.533734,
            "med": 1.8443995000000002,
            "max": 15.008497,
            "p(90)": 5.1930485000000015,
            "p(95)": 7.3172144500000025
        },
        "vus_max": {
            "min": 100,
            "max": 100,
            "value": 100
        }
    },
    "root_group": {
        "groups": {},
        "checks": {
                "статус 201": {
                    "fails": 0,
                    "name": "статус 201",
                    "path": "::статус 201",
                    "id": "c314df9557299c13c0b7848462734a62",
                    "passes": 6000
                }
            },
        "name": "",
        "path": "",
        "id": "d41d8cd98f00b204e9800998ecf8427e"
    }
}