{
    "root_group": {
        "name": "",
        "path": "",
        "id": "d41d8cd98f00b204e9800998ecf8427e",
        "groups": {},
        "checks": {
                "статус 201": {
                    "name": "статус 201",
                    "path": "::статус 201",
                    "id": "c314df9557299c13c0b7848462734a62",
                    "passes": 6000,
                    "fails": 0
                }
            }
    },
    "metrics": {
        "http_req_connecting": {
            "avg": 0.017249017499999998,
            "min": 0,
            "med": 0,
            "max": 3.643695,
            "p(90)": 0,
            "p(95)": 0
        },
        "iteration_duration": {
            "p(90)": 1004.2131009999999,
            "p(95)": 1006.2815015,
            "avg": 1003.1684073996696,
            "min": 1000.763971,
            "med": 1002.4171715,
            "max": 1036.76704
        },
        "http_req_sending": {
            "avg": 0.030407536333333467,
            "min": 0.002491,
            "med": 0.0102215,
            "max": 4.062965,
            "p(90)": 0.020295200000000003,
            "p(95)": 0.029441150000000006
        },
        "http_req_blocked": {
            "avg": 0.02509271750000009,
            "min": 0.000888,
            "med": 0.003262,
            "max": 6.03042,
            "p(90)": 0.005305300000000001,
            "p(95)": 0.006666150000000001
        },
        "http_req_duration": {
            "med": 1.7867165,
            "max": 31.371278,
            "p(90)": 3.605331700000001,
            "p(95)": 5.751764550000001,
            "avg": 2.5518823661666743,
            "min": 0.501316,
            "thresholds": {
                "p(95)<500": false
            }
        },
        "http_req_receiving": {
            "med": 0.0250125,
            "max": 0.926901,
            "p(90)": 0.05721400000000002,
            "p(95)": 0.08163770000000001,
            "avg": 0.03502914983333335,
            "min": 0.005536
        },
        "vus_max": {
            "value": 100,
            "min": 100,
            "max": 100
        },
        "checks": {
            "passes": 6000,
            "fails": 0,
            "value": 1
        },
        "http_req_waiting": {
            "p(90)": 3.544587900000002,
            "p(95)": 5.631481200000001,
            "avg": 2.4864456799999988,
            "min": 0.464883,
            "med": 1.7364015,
            "max": 31.276333
        },
        "http_req_tls_handshaking": {
            "p(90)": 0,
            "p(95)": 0,
            "avg": 0,
            "min": 0,
            "med": 0,
            "max": 0
        },
        "http_reqs": {
            "rate": 99.63344127472185,
            "count": 6000,
            "thresholds": {
                "count>1000": false
            }
        },
        "vus": {
            "min": 100,
            "max": 100,
            "value": 100
        },
        "data_sent": {
            "count": 1020850,
            "rate": 16951.799754216634
        },
        "http_req_duration{expected_response:true}": {
            "avg": 2.5518823661666743,
            "min": 0.501316,
            "med": 1.7867165,
            "max": 31.371278,
            "p(90)": 3.605331700000001,
            "p(95)": 5.751764550000001
        },
        "iterations": {
            "count": 6000,
            "rate": 99.63344127472185
        },
        "data_received": {
            "count": 996000,
            "rate": 16539.151251603827
        },
        "http_req_failed": {
            "passes": 0,
            "fails": 6000,
            "thresholds": {
                "rate<0.01": false
            },
            "value": 0
        }
    }
}