{
    "root_group": {
        "groups": {},
        "checks": {
                "статус 201": {
                    "name": "статус 201",
                    "path": "::статус 201",
                    "id": "c314df9557299c13c0b7848462734a62",
                    "passes": 6000,
                    "fails": 0
                }
            },
        "name": "",
        "path": "",
        "id": "d41d8cd98f00b204e9800998ecf8427e"
    },
    "metrics": {
        "http_req_receiving": {
            "avg": 0.03261703699999993,
            "min": 0.005811,
            "med": 0.02301,
            "max": 1.596117,
            "p(90)": 0.05260820000000001,
            "p(95)": 0.07462025000000001
        },
        "http_req_sending": {
            "avg": 0.013735333333333311,
            "min": 0.002326,
            "med": 0.009552999999999999,
            "max": 1.11137,
            "p(90)": 0.01971370000000001,
            "p(95)": 0.0266525
        },
        "vus": {
            "value": 100,
            "min": 100,
            "max": 100
        },
        "iteration_duration": {
            "min": 1000.672757,
            "med": 1002.4103540000001,
            "max": 1019.361366,
            "p(90)": 1004.6772948,
            "p(95)": 1006.4756934000001,
            "avg": 1002.9769375929986
        },
        "iterations": {
            "count": 6000,
            "rate": 99.65569969585732
        },
        "http_req_duration": {
            "p(95)": 5.787572250000001,
            "avg": 2.3544563663333307,
            "min": 0.553402,
            "med": 1.7719295000000002,
            "max": 17.818451,
            "p(90)": 3.8353273000000003,
            "thresholds": {
                "p(95)<500": false
            }
        },
        "data_received": {
            "count": 996000,
            "rate": 16542.846149512316
        },
        "http_reqs": {
            "count": 6000,
            "rate": 99.65569969585732,
            "thresholds": {
                "count>1000": false
            }
        },
        "http_req_blocked": {
            "p(95)": 0.006703000000000003,
            "avg": 0.0066070830000000405,
            "min": 0.000824,
            "med": 0.0030265,
            "max": 1.41411,
            "p(90)": 0.0052253
        },
        "http_req_connecting": {
            "avg": 0.0019659939999999987,
            "min": 0,
            "med": 0,
            "max": 0.972589,
            "p(90)": 0,
            "p(95)": 0
        },
        "vus_max": {
            "max": 100,
            "value": 100,
            "min": 100
        },
        "checks": {
            "passes": 6000,
            "fails": 0,
            "value": 1
        },
        "http_req_failed": {
            "passes": 0,
            "fails": 6000,
            "thresholds": {
                "rate<0.01": false
            },
            "value": 0
        },
        "http_req_tls_handshaking": {
            "p(90)": 0,
            "p(95)": 0,
            "avg": 0,
            "min": 0,
            "med": 0,
            "max": 0
        },
        "http_req_waiting": {
            "min": 0.511963,
            "med": 1.7346495,
            "max": 17.67888,
            "p(90)": 3.7933379000000023,
            "p(95)": 5.722115050000001,
            "avg": 2.3081039959999985
        },
        "data_sent": {
            "count": 1020660,
            "rate": 16952.431075262288
        },
        "http_req_duration{expected_response:true}": {
            "avg": 2.3544563663333307,
            "min": 0.553402,
            "med": 1.7719295000000002,
            "max": 17.818451,
            "p(90)": 3.8353273000000003,
            "p(95)": 5.787572250000001
        }
    }
}