{
    "root_group": {
        "name": "",
        "path": "",
        "id": "d41d8cd98f00b204e9800998ecf8427e",
        "groups": {},
        "checks": {
                "статус 201": {
                    "name": "статус 201",
                    "path": "::статус 201",
                    "id": "c314df9557299c13c0b7848462734a62",
                    "passes": 6000,
                    "fails": 0
                }
            }
    },
    "metrics": {
        "data_received": {
            "rate": 16527.571378480876,
            "count": 996000
        },
        "http_req_tls_handshaking": {
            "min": 0,
            "med": 0,
            "max": 0,
            "p(90)": 0,
            "p(95)": 0,
            "avg": 0
        },
        "data_sent": {
            "count": 1020437,
            "rate": 16933.077665404508
        },
        "vus_max": {
            "min": 100,
            "max": 100,
            "value": 100
        },
        "http_req_connecting": {
            "p(90)": 0,
            "p(95)": 0,
            "avg": 0.004897624833333334,
            "min": 0,
            "med": 0,
            "max": 1.031768
        },
        "http_req_receiving": {
            "max": 1.833525,
            "p(90)": 0.06298370000000005,
            "p(95)": 0.08270140000000004,
            "avg": 0.03880074633333326,
            "min": 0.006705,
            "med": 0.026754
        },
        "vus": {
            "value": 100,
            "min": 100,
            "max": 100
        },
        "http_reqs": {
            "rate": 99.56368300289684,
            "count": 6000,
            "thresholds": {
                "count>1000": false
            }
        },
        "http_req_blocked": {
            "med": 0.0036544999999999998,
            "max": 5.629139,
            "p(90)": 0.0065412000000000005,
            "p(95)": 0.007931450000000001,
            "avg": 0.012688555999999955,
            "min": 0.000984
        },
        "checks": {
            "passes": 6000,
            "fails": 0,
            "value": 1
        },
        "iteration_duration": {
            "avg": 1003.9291379408332,
            "min": 1000.695865,
            "med": 1002.5994069999999,
            "max": 1041.38821,
            "p(90)": 1006.0071077,
            "p(95)": 1009.8308783499999
        },
        "http_req_duration": {
            "med": 1.927985,
            "max": 40.264737,
            "p(90)": 5.5095632,
            "p(95)": 9.481850800000005,
            "avg": 3.3002534325000035,
            "min": 0.508288,
            "thresholds": {
                "p(95)<500": false
            }
        },
        "http_req_sending": {
            "min": 0.002855,
            "med": 0.012039,
            "max": 2.957209,
            "p(90)": 0.024602900000000004,
            "p(95)": 0.0329963,
            "avg": 0.01771784149999998
        },
        "http_req_duration{expected_response:true}": {
            "min": 0.508288,
            "med": 1.927985,
            "max": 40.264737,
            "p(90)": 5.5095632,
            "p(95)": 9.481850800000005,
            "avg": 3.3002534325000035
        },
        "http_req_waiting": {
            "avg": 3.243734844666653,
            "min": 0.469955,
            "med": 1.8840915,
            "max": 40.1148,
            "p(90)": 5.416279900000002,
            "p(95)": 9.37590020000001
        },
        "iterations": {
            "rate": 99.56368300289684,
            "count": 6000
        },
        "http_req_failed": {
            "passes": 0,
            "fails": 6000,
            "thresholds": {
                "rate<0.01": false
            },
            "value": 0
        }
    }
}