{
    "root_group": {
        "checks": {
            "статус 201": {
                "id": "c314df9557299c13c0b7848462734a62",
                "passes": 6000,
                "fails": 0,
                "name": "статус 201",
                "path": "::статус 201"
            }
        },
        "name": "",
        "path": "",
        "id": "d41d8cd98f00b204e9800998ecf8427e",
        "groups": {}
    },
    "metrics": {
        "http_reqs": {
            "count": 6000,
            "rate": 99.6053369574242,
            "thresholds": {
                "count>1000": false
            }
        },
        "http_req_sending": {
            "p(95)": 0.03251240000000002,
            "avg": 0.016558613999999982,
            "min": 0.002233,
            "med": 0.011161,
            "max": 0.840377,
            "p(90)": 0.023144400000000006
        },
        "data_received": {
            "count": 996000,
            "rate": 16534.485934932418
        },
        "iterations": {
            "rate": 99.6053369574242,
            "count": 6000
        },
        "data_sent": {
            "count": 1020540,
            "rate": 16941.871763088282
        },
        "http_req_connecting": {
            "p(95)": 0,
            "avg": 0.006094969166666666,
            "min": 0,
            "med": 0,
            "max": 1.436125,
            "p(90)": 0
        },
        "checks": {
            "fails": 0,
            "passes": 6000,
            "value": 1
        },
        "vus": {
            "max": 100,
            "value": 100,
            "min": 100
        },
        "http_req_failed": {
            "fails": 6000,
            "passes": 0,
            "thresholds": {
                "rate<0.01": false
            },
            "value": 0
        },
        "http_req_blocked": {
            "p(95)": 0.0077752,
            "avg": 0.011650253166666642,
            "min": 0.000861,
            "med": 0.0034475,
            "max": 2.128335,
            "p(90)": 0.006274800000000003
        },
        "http_req_duration": {
            "avg": 2.746589377500002,
            "min": 0.591588,
            "med": 1.9240629999999999,
            "max": 27.940607,
            "p(90)": 4.879375000000001,
            "p(95)": 7.354438100000002,
            "thresholds": {
                "p(95)<500": false
            }
        },
        "http_req_duration{expected_response:true}": {
            "avg": 2.746589377500002,
            "min": 0.591588,
            "med": 1.9240629999999999,
            "max": 27.940607,
            "p(90)": 4.879375000000001,
            "p(95)": 7.354438100000002
        },
        "iteration_duration": {
            "max": 1028.781672,
            "p(90)": 1005.5964188,
            "p(95)": 1008.29022075,
            "avg": 1003.3958641948335,
            "min": 1000.72341,
            "med": 1002.5858935
        },
        "vus_max": {
            "max": 100,
            "value": 100,
            "min": 100
        },
        "http_req_tls_handshaking": {
            "p(90)": 0,
            "p(95)": 0,
            "avg": 0,
            "min": 0,
            "med": 0,
            "max": 0
        },
        "http_req_waiting": {
            "min": 0.54342,
            "med": 1.875117,
            "max": 27.600868,
            "p(90)": 4.805558600000001,
            "p(95)": 7.2747372000000015,
            "avg": 2.693225707000004
        },
        "http_req_receiving": {
            "avg": 0.03680505649999986,
            "min": 0.005919,
            "med": 0.0261465,
            "max": 1.944387,
            "p(90)": 0.06097570000000003,
            "p(95)": 0.08328010000000001
        }
    }
}