{
    "root_group": {
        "name": "",
        "path": "",
        "id": "d41d8cd98f00b204e9800998ecf8427e",
        "groups": {},
        "checks": {
                "статус 201": {
                    "name": "статус 201",
                    "path": "::статус 201",
                    "id": "c314df9557299c13c0b7848462734a62",
                    "passes": 6000,
                    "fails": 0
                }
            }
    },
    "metrics": {
        "http_reqs": {
            "count": 6000,
            "rate": 99.61757956640592,
            "thresholds": {
                "count>1000": false
            }
        },
        "http_req_duration{expected_response:true}": {
            "min": 0.497385,
            "med": 1.9083285,
            "max": 19.776422,
            "p(90)": 4.5998448000000005,
            "p(95)": 6.657530200000001,
            "avg": 2.667772025833321
        },
        "checks": {
            "passes": 6000,
            "fails": 0,
            "value": 1
        },
        "data_received": {
            "count": 996000,
            "rate": 16536.518208023383
        },
        "http_req_duration": {
            "avg": 2.667772025833321,
            "min": 0.497385,
            "med": 1.9083285,
            "max": 19.776422,
            "p(90)": 4.5998448000000005,
            "p(95)": 6.657530200000001,
            "thresholds": {
                "p(95)<500": false
            }
        },
        "http_req_waiting": {
            "avg": 2.6126184809999993,
            "min": 0.472519,
            "med": 1.8592145,
            "max": 19.703157,
            "p(90)": 4.527502,
            "p(95)": 6.595287350000001
        },
        "vus": {
            "value": 100,
            "min": 100,
            "max": 100
        },
        "http_req_connecting": {
            "med": 0,
            "max": 1.105171,
            "p(90)": 0,
            "p(95)": 0,
            "avg": 0.0021278105000000005,
            "min": 0
        },
        "data_sent": {
            "count": 1020584,
            "rate": 16944.684637366805
        },
        "http_req_blocked": {
            "avg": 0.00735175316666671,
            "min": 0.000943,
            "med": 0.0034945,
            "max": 2.184667,
            "p(90)": 0.006376500000000002,
            "p(95)": 0.007736300000000001
        },
        "http_req_sending": {
            "p(90)": 0.0233117,
            "p(95)": 0.0321581,
            "avg": 0.01721900049999997,
            "min": 0.002444,
            "med": 0.0112335,
            "max": 2.048175
        },
        "http_req_failed": {
            "fails": 6000,
            "passes": 0,
            "thresholds": {
                "rate<0.01": false
            },
            "value": 0
        },
        "http_req_tls_handshaking": {
            "p(90)": 0,
            "p(95)": 0,
            "avg": 0,
            "min": 0,
            "med": 0,
            "max": 0
        },
        "vus_max": {
            "value": 100,
            "min": 100,
            "max": 100
        },
        "iterations": {
            "count": 6000,
            "rate": 99.61757956640592
        },
        "iteration_duration": {
            "min": 1000.609529,
            "med": 1002.61889,
            "max": 1021.38753,
            "p(90)": 1005.4184604,
            "p(95)": 1007.86310675,
            "avg": 1003.3201731358319
        },
        "http_req_receiving": {
            "avg": 0.03793454433333335,
            "min": 0.005763,
            "med": 0.026001,
            "max": 2.147738,
            "p(90)": 0.059967400000000004,
            "p(95)": 0.08446525
        }
    }
}