{
    "root_group": {
        "name": "",
        "path": "",
        "id": "d41d8cd98f00b204e9800998ecf8427e",
        "groups": {},
        "checks": {
                "статус 201": {
                    "name": "статус 201",
                    "path": "::статус 201",
                    "id": "c314df9557299c13c0b7848462734a62",
                    "passes": 6000,
                    "fails": 0
                }
            }
    },
    "metrics": {
        "http_req_duration{expected_response:true}": {
            "p(95)": 6.194034100000001,
            "avg": 2.6739205396666814,
            "min": 0.548789,
            "med": 1.859293,
            "max": 26.794524,
            "p(90)": 4.576832800000001
        },
        "http_reqs": {
            "count": 6000,
            "rate": 99.61156195491654,
            "thresholds": {
                "count>1000": false
            }
        },
        "iterations": {
            "rate": 99.61156195491654,
            "count": 6000
        },
        "checks": {
            "passes": 6000,
            "fails": 0,
            "value": 1
        },
        "http_req_sending": {
            "avg": 0.01868255550000001,
            "min": 0.002686,
            "med": 0.012338499999999999,
            "max": 2.570302,
            "p(90)": 0.024684600000000004,
            "p(95)": 0.034493550000000005
        },
        "iteration_duration": {
            "avg": 1003.3266050250003,
            "min": 1000.672968,
            "med": 1002.5456935,
            "max": 1029.258214,
            "p(90)": 1005.3579018,
            "p(95)": 1006.9929509
        },
        "http_req_receiving": {
            "p(90)": 0.0657063,
            "p(95)": 0.08805975,
            "avg": 0.03908977750000003,
            "min": 0.005489,
            "med": 0.028131,
            "max": 0.853313
        },
        "http_req_connecting": {
            "max": 1.697464,
            "p(90)": 0,
            "p(95)": 0,
            "avg": 0.0024208388333333336,
            "min": 0,
            "med": 0
        },
        "http_req_tls_handshaking": {
            "p(95)": 0,
            "avg": 0,
            "min": 0,
            "med": 0,
            "max": 0,
            "p(90)": 0
        },
        "vus": {
            "value": 100,
            "min": 100,
            "max": 100
        },
        "http_req_blocked": {
            "avg": 0.007844199000000015,
            "min": 0.000922,
            "med": 0.0036885,
            "max": 1.747087,
            "p(90)": 0.0066451,
            "p(95)": 0.008194100000000001
        },
        "http_req_waiting": {
            "avg": 2.6161482066666726,
            "min": 0.513341,
            "med": 1.8098665,
            "max": 26.724594,
            "p(90)": 4.5009021,
            "p(95)": 6.10549545
        },
        "http_req_duration": {
            "min": 0.548789,
            "med": 1.859293,
            "max": 26.794524,
            "p(90)": 4.576832800000001,
            "p(95)": 6.194034100000001,
            "avg": 2.6739205396666814,
            "thresholds": {
                "p(95)<500": false
            }
        },
        "http_req_failed": {
            "passes": 0,
            "fails": 6000,
            "thresholds": {
                "rate<0.01": false
            },
            "value": 0
        },
        "vus_max": {
            "max": 100,
            "value": 100,
            "min": 100
        },
        "data_sent": {
            "count": 1020782,
            "rate": 16946.948239243935
        },
        "data_received": {
            "count": 996000,
            "rate": 16535.519284516144
        }
    }
}