{
    "metrics": {
        "http_req_sending": {
            "p(90)": 0.0198991,
            "p(95)": 0.02686065000000001,
            "avg": 0.014397817166666658,
            "min": 0.002342,
            "med": 0.0096445,
            "max": 0.795566
        },
        "checks": {
            "fails": 0,
            "passes": 6000,
            "value": 1
        },
        "vus": {
            "min": 100,
            "max": 100,
            "value": 100
        },
        "http_req_connecting": {
            "min": 0,
            "med": 0,
            "max": 1.350921,
            "p(90)": 0,
            "p(95)": 0,
            "avg": 0.009893905999999996
        },
        "iterations": {
            "count": 6000,
            "rate": 99.65769288798775
        },
        "http_req_receiving": {
            "p(90)": 0.054134200000000014,
            "p(95)": 0.08062200000000003,
            "avg": 0.03407737700000005,
            "min": 0.005517,
            "med": 0.023682,
            "max": 3.570269
        },
        "http_req_waiting": {
            "avg": 2.350516904500001,
            "min": 0.495489,
            "med": 1.7491585,
            "max": 20.338301,
            "p(90)": 4.190897300000003,
            "p(95)": 5.709331650000001
        },
        "vus_max": {
            "value": 100,
            "min": 100,
            "max": 100
        },
        "http_reqs": {
            "rate": 99.65769288798775,
            "count": 6000,
            "thresholds": {
                "count>1000": false
            }
        },
        "http_req_tls_handshaking": {
            "avg": 0,
            "min": 0,
            "med": 0,
            "max": 0,
            "p(90)": 0,
            "p(95)": 0
        },
        "http_req_duration{expected_response:true}": {
            "max": 20.378623,
            "p(90)": 4.277168100000001,
            "p(95)": 5.780446350000001,
            "avg": 2.398992098666668,
            "min": 0.527862,
            "med": 1.7869525
        },
        "data_sent": {
            "count": 1020534,
            "rate": 16950.677325624947
        },
        "data_received": {
            "count": 996000,
            "rate": 16543.177019405965
        },
        "iteration_duration": {
            "p(95)": 1006.69484075,
            "avg": 1003.0249583044996,
            "min": 1000.629741,
            "med": 1002.4421534999999,
            "max": 1022.518212,
            "p(90)": 1004.8476732
        },
        "http_req_failed": {
            "fails": 6000,
            "passes": 0,
            "thresholds": {
                "rate<0.01": false
            },
            "value": 0
        },
        "http_req_duration": {
            "med": 1.7869525,
            "max": 20.378623,
            "p(90)": 4.277168100000001,
            "p(95)": 5.780446350000001,
            "avg": 2.398992098666668,
            "min": 0.527862,
            "thresholds": {
                "p(95)<500": false
            }
        },
        "http_req_blocked": {
            "med": 0.0030895000000000002,
            "max": 1.39653,
            "p(90)": 0.005285600000000002,
            "p(95)": 0.006641050000000004,
            "avg": 0.014020565000000033,
            "min": 0.000858
        }
    },
    "root_group": {
        "groups": {},
        "checks": {
                "статус 201": {
                    "path": "::статус 201",
                    "id": "c314df9557299c13c0b7848462734a62",
                    "passes": 6000,
                    "fails": 0,
                    "name": "статус 201"
                }
            },
        "name": "",
        "path": "",
        "id": "d41d8cd98f00b204e9800998ecf8427e"
    }
}