{
    "metrics": {
        "http_req_failed": {
            "passes": 0,
            "fails": 6000,
            "thresholds": {
                "rate<0.01": false
            },
            "value": 0
        },
        "http_req_blocked": {
            "avg": 0.019831272666666615,
            "min": 0.000818,
            "med": 0.0033835000000000002,
            "max": 1.840556,
            "p(90)": 0.0062252,
            "p(95)": 0.007698150000000001
        },
        "http_req_connecting": {
            "p(90)": 0,
            "p(95)": 0,
            "avg": 0.014260576333333335,
            "min": 0,
            "med": 0,
            "max": 1.622899
        },
        "http_req_tls_handshaking": {
            "avg": 0,
            "min": 0,
            "med": 0,
            "max": 0,
            "p(90)": 0,
            "p(95)": 0
        },
        "http_req_duration{expected_response:true}": {
            "p(95)": 6.979691400000001,
            "avg": 2.6520224543333297,
            "min": 0.579429,
            "med": 1.8241420000000002,
            "max": 16.239663,
            "p(90)": 5.1725564
        },
        "http_req_sending": {
            "p(90)": 0.0237721,
            "p(95)": 0.03310485000000004,
            "avg": 0.017580850666666734,
            "min": 0.002359,
            "med": 0.01081,
            "max": 1.292882
        },
        "data_received": {
            "count": 996000,
            "rate": 16538.424882910193
        },
        "iteration_duration": {
            "min": 1000.776639,
            "med": 1002.558813,
            "max": 1017.551375,
            "p(90)": 1005.9829937,
            "p(95)": 1007.7626305,
            "avg": 1003.2899646483334
        },
        "http_req_receiving": {
            "avg": 0.03634872949999997,
            "min": 0.005764,
            "med": 0.025492,
            "max": 1.281444,
            "p(90)": 0.05890950000000001,
            "p(95)": 0.08229025000000001
        },
        "http_req_duration": {
            "max": 16.239663,
            "p(90)": 5.1725564,
            "p(95)": 6.979691400000001,
            "avg": 2.6520224543333297,
            "min": 0.579429,
            "med": 1.8241420000000002,
            "thresholds": {
                "p(95)<500": false
            }
        },
        "vus": {
            "value": 100,
            "min": 100,
            "max": 100
        },
        "data_sent": {
            "count": 1020525,
            "rate": 16945.658688385465
        },
        "http_req_waiting": {
            "max": 16.040392,
            "p(90)": 5.108043500000002,
            "p(95)": 6.88520295,
            "avg": 2.5980928741666665,
            "min": 0.541579,
            "med": 1.7860915
        },
        "checks": {
            "passes": 6000,
            "fails": 0,
            "value": 1
        },
        "vus_max": {
            "max": 100,
            "value": 100,
            "min": 100
        },
        "http_reqs": {
            "count": 6000,
            "rate": 99.62906555969995,
            "thresholds": {
                "count>1000": false
            }
        },
        "iterations": {
            "count": 6000,
            "rate": 99.62906555969995
        }
    },
    "root_group": {
        "path": "",
        "id": "d41d8cd98f00b204e9800998ecf8427e",
        "groups": {},
        "checks": {
                "статус 201": {
                    "id": "c314df9557299c13c0b7848462734a62",
                    "passes": 6000,
                    "fails": 0,
                    "name": "статус 201",
                    "path": "::статус 201"
                }
            },
        "name": ""
    }
}