{
    "root_group": {
        "name": "",
        "path": "",
        "id": "d41d8cd98f00b204e9800998ecf8427e",
        "groups": {},
        "checks": {
                "статус 201": {
                    "name": "статус 201",
                    "path": "::статус 201",
                    "id": "c314df9557299c13c0b7848462734a62",
                    "passes": 6000,
                    "fails": 0
                }
            }
    },
    "metrics": {
        "http_req_duration": {
            "max": 16.701712,
            "p(90)": 5.3969910000000025,
            "p(95)": 7.928544600000002,
            "avg": 2.8757885163333365,
            "min": 0.495869,
            "med": 2.053449,
            "thresholds": {
                "p(95)<500": false
            }
        },
        "vus_max": {
            "value": 100,
            "min": 100,
            "max": 100
        },
        "data_sent": {
            "count": 1020477,
            "rate": 16940.423101013108
        },
        "http_req_waiting": {
            "avg": 2.8185296436666705,
            "min": 0.468407,
            "med": 1.998128,
            "max": 16.674455,
            "p(90)": 5.3250567,
            "p(95)": 7.854878300000009
        },
        "iterations": {
            "count": 6000,
            "rate": 99.60296861769412
        },
        "http_reqs": {
            "count": 6000,
            "rate": 99.60296861769412,
            "thresholds": {
                "count>1000": false
            }
        },
        "http_req_receiving": {
            "med": 0.0278185,
            "max": 1.630082,
            "p(90)": 0.0659103,
            "p(95)": 0.08877905,
            "avg": 0.03963126366666674,
            "min": 0.00594
        },
        "http_req_blocked": {
            "min": 0.000905,
            "med": 0.003594,
            "max": 1.227118,
            "p(90)": 0.0069573000000000005,
            "p(95)": 0.0083882,
            "avg": 0.00851180099999998
        },
        "http_req_connecting": {
            "min": 0,
            "med": 0,
            "max": 0.758278,
            "p(90)": 0,
            "p(95)": 0,
            "avg": 0.0030273831666666673
        },
        "data_received": {
            "count": 996000,
            "rate": 16534.092790537223
        },
        "vus": {
            "value": 100,
            "min": 100,
            "max": 100
        },
        "iteration_duration": {
            "avg": 1003.5112608556685,
            "min": 1000.580945,
            "med": 1002.7161265,
            "max": 1017.076069,
            "p(90)": 1006.1379737,
            "p(95)": 1008.7613436
        },
        "checks": {
            "passes": 6000,
            "fails": 0,
            "value": 1
        },
        "http_req_sending": {
            "avg": 0.017627609000000006,
            "min": 0.002643,
            "med": 0.011975,
            "max": 1.155051,
            "p(90)": 0.025532300000000008,
            "p(95)": 0.03420500000000001
        },
        "http_req_tls_handshaking": {
            "min": 0,
            "med": 0,
            "max": 0,
            "p(90)": 0,
            "p(95)": 0,
            "avg": 0
        },
        "http_req_failed": {
            "passes": 0,
            "fails": 6000,
            "thresholds": {
                "rate<0.01": false
            },
            "value": 0
        },
        "http_req_duration{expected_response:true}": {
            "min": 0.495869,
            "med": 2.053449,
            "max": 16.701712,
            "p(90)": 5.3969910000000025,
            "p(95)": 7.928544600000002,
            "avg": 2.8757885163333365
        }
    }
}