{
    "root_group": {
        "groups": {},
        "checks": {
                "статус 201": {
                    "name": "статус 201",
                    "path": "::статус 201",
                    "id": "c314df9557299c13c0b7848462734a62",
                    "passes": 5900,
                    "fails": 0
                }
            },
        "name": "",
        "path": "",
        "id": "d41d8cd98f00b204e9800998ecf8427e"
    },
    "metrics": {
        "http_reqs": {
            "count": 5900,
            "rate": 97.24345924944437,
            "thresholds": {
                "count>1000": false
            }
        },
        "vus_max": {
            "value": 100,
            "min": 100,
            "max": 100
        },
        "http_req_connecting": {
            "avg": 0.005154332881355932,
            "min": 0,
            "med": 0,
            "max": 1.147844,
            "p(90)": 0,
            "p(95)": 0
        },
        "http_req_sending": {
            "avg": 0.020302760847457597,
            "min": 0.002202,
            "med": 0.0154255,
            "max": 1.081046,
            "p(90)": 0.0298741,
            "p(95)": 0.036460650000000004
        },
        "data_sent": {
            "count": 1003783,
            "rate": 16544.2934331839
        },
        "http_req_duration{expected_response:true}": {
            "max": 260.450992,
            "p(90)": 48.408398700000006,
            "p(95)": 74.07454250000005,
            "avg": 26.602178370338944,
            "min": 6.454909,
            "med": 15.056465
        },
        "http_req_waiting": {
            "avg": 26.53569646389837,
            "min": 6.395031,
            "med": 14.998778000000001,
            "max": 260.432918,
            "p(90)": 48.3654482,
            "p(95)": 73.99101315000006
        },
        "http_req_duration": {
            "med": 15.056465,
            "max": 260.450992,
            "p(90)": 48.408398700000006,
            "p(95)": 74.07454250000005,
            "avg": 26.602178370338944,
            "min": 6.454909,
            "thresholds": {
                "p(95)<500": false
            }
        },
        "http_req_blocked": {
            "p(90)": 0.0079802,
            "p(95)": 0.009246100000000002,
            "avg": 0.011557715254237252,
            "min": 0.000831,
            "med": 0.0042605,
            "max": 1.924359
        },
        "http_req_receiving": {
            "avg": 0.0461791455932203,
            "min": 0.004323,
            "med": 0.0362815,
            "max": 2.899145,
            "p(90)": 0.07139980000000001,
            "p(95)": 0.09824960000000015
        },
        "data_received": {
            "count": 542800,
            "rate": 8946.398250948881
        },
        "http_req_tls_handshaking": {
            "avg": 0,
            "min": 0,
            "med": 0,
            "max": 0,
            "p(90)": 0,
            "p(95)": 0
        },
        "iterations": {
            "count": 5900,
            "rate": 97.24345924944437
        },
        "checks": {
            "passes": 5900,
            "fails": 0,
            "value": 1
        },
        "vus": {
            "value": 100,
            "min": 100,
            "max": 100
        },
        "http_req_failed": {
            "passes": 0,
            "fails": 5900,
            "thresholds": {
                "rate<0.01": false
            },
            "value": 0
        },
        "iteration_duration": {
            "avg": 1027.3812950977967,
            "min": 1006.741185,
            "med": 1015.8344075,
            "max": 1261.889103,
            "p(90)": 1049.1364942,
            "p(95)": 1074.830238
        }
    }
}