{
    "root_group": {
        "name": "",
        "path": "",
        "id": "d41d8cd98f00b204e9800998ecf8427e",
        "groups": {},
        "checks": {
                "статус 201": {
                    "id": "c314df9557299c13c0b7848462734a62",
                    "passes": 5900,
                    "fails": 0,
                    "name": "статус 201",
                    "path": "::статус 201"
                }
            }
    },
    "metrics": {
        "http_req_duration": {
            "avg": 20.890136598644023,
            "min": 6.419795,
            "med": 14.812225,
            "max": 200.456724,
            "p(90)": 36.03692950000001,
            "p(95)": 51.715001050000026,
            "thresholds": {
                "p(95)<500": false
            }
        },
        "http_req_duration{expected_response:true}": {
            "min": 6.419795,
            "med": 14.812225,
            "max": 200.456724,
            "p(90)": 36.03692950000001,
            "p(95)": 51.715001050000026,
            "avg": 20.890136598644023
        },
        "iteration_duration": {
            "max": 1202.28689,
            "p(90)": 1037.5792979,
            "p(95)": 1053.41036495,
            "avg": 1021.7211221293238,
            "min": 1006.768241,
            "med": 1015.5651439999999
        },
        "http_req_waiting": {
            "p(95)": 51.67405110000003,
            "avg": 20.817843721525442,
            "min": 6.359568,
            "med": 14.7755495,
            "max": 200.316425,
            "p(90)": 35.959782600000004
        },
        "http_req_receiving": {
            "avg": 0.04757754389830509,
            "min": 0.00465,
            "med": 0.034288,
            "max": 3.017719,
            "p(90)": 0.0731336,
            "p(95)": 0.11280935000000034
        },
        "http_req_tls_handshaking": {
            "avg": 0,
            "min": 0,
            "med": 0,
            "max": 0,
            "p(90)": 0,
            "p(95)": 0
        },
        "iterations": {
            "count": 5900,
            "rate": 97.43245639008039
        },
        "vus": {
            "value": 100,
            "min": 100,
            "max": 100
        },
        "http_req_connecting": {
            "p(95)": 0,
            "avg": 0.004539003050847459,
            "min": 0,
            "med": 0,
            "max": 1.283134,
            "p(90)": 0
        },
        "http_req_sending": {
            "max": 7.219711,
            "p(90)": 0.028914099999999998,
            "p(95)": 0.03569925,
            "avg": 0.024715333220338972,
            "min": 0.002908,
            "med": 0.014880500000000001
        },
        "http_req_failed": {
            "passes": 0,
            "fails": 5900,
            "thresholds": {
                "rate<0.01": false
            },
            "value": 0
        },
        "http_req_blocked": {
            "p(90)": 0.0076611000000000005,
            "p(95)": 0.009165,
            "avg": 0.01127304355932201,
            "min": 0.001062,
            "med": 0.00422,
            "max": 1.319738
        },
        "checks": {
            "passes": 5900,
            "fails": 0,
            "value": 1
        },
        "vus_max": {
            "min": 100,
            "max": 100,
            "value": 100
        },
        "http_reqs": {
            "count": 5900,
            "rate": 97.43245639008039,
            "thresholds": {
                "count>1000": false
            }
        },
        "data_sent": {
            "count": 1003286,
            "rate": 16568.240583352235
        },
        "data_received": {
            "count": 542800,
            "rate": 8963.785987887397
        }
    }
}