{
    "metrics": {
        "http_req_waiting": {
            "p(90)": 32.405112800000005,
            "p(95)": 51.41920885000001,
            "avg": 23.130909697627185,
            "min": 6.41584,
            "med": 16.089004000000003,
            "max": 405.253083
        },
        "iteration_duration": {
            "avg": 1024.0269616488113,
            "min": 1006.633253,
            "med": 1016.9499659999999,
            "max": 1406.586734,
            "p(90)": 1033.569468,
            "p(95)": 1053.3708477
        },
        "http_reqs": {
            "count": 5900,
            "rate": 97.28801321138373,
            "thresholds": {
                "count>1000": false
            }
        },
        "vus_max": {
            "value": 100,
            "min": 100,
            "max": 100
        },
        "http_req_duration": {
            "max": 405.312522,
            "p(90)": 32.5169933,
            "p(95)": 51.49500240000001,
            "avg": 23.200940835254166,
            "min": 6.465181,
            "med": 16.161439,
            "thresholds": {
                "p(95)<500": false
            }
        },
        "iterations": {
            "count": 5900,
            "rate": 97.28801321138373
        },
        "http_req_blocked": {
            "avg": 0.03330944559322033,
            "min": 0.000989,
            "med": 0.00423,
            "max": 7.840099,
            "p(90)": 0.007900300000000002,
            "p(95)": 0.009409200000000005
        },
        "checks": {
            "passes": 5900,
            "fails": 0,
            "value": 1
        },
        "http_req_duration{expected_response:true}": {
            "med": 16.161439,
            "max": 405.312522,
            "p(90)": 32.5169933,
            "p(95)": 51.49500240000001,
            "avg": 23.200940835254166,
            "min": 6.465181
        },
        "http_req_failed": {
            "fails": 5900,
            "passes": 0,
            "thresholds": {
                "rate<0.01": false
            },
            "value": 0
        },
        "data_received": {
            "count": 542800,
            "rate": 8950.497215447303
        },
        "vus": {
            "value": 100,
            "min": 100,
            "max": 100
        },
        "http_req_tls_handshaking": {
            "avg": 0,
            "min": 0,
            "med": 0,
            "max": 0,
            "p(90)": 0,
            "p(95)": 0
        },
        "http_req_receiving": {
            "max": 1.192985,
            "p(90)": 0.0707579,
            "p(95)": 0.10317265000000006,
            "avg": 0.044739773389830526,
            "min": 0.004296,
            "med": 0.0342595
        },
        "http_req_sending": {
            "min": 0.00272,
            "med": 0.0150795,
            "max": 7.790031,
            "p(90)": 0.029689100000000003,
            "p(95)": 0.03708365000000001,
            "avg": 0.025291364237288214
        },
        "data_sent": {
            "count": 1003710,
            "rate": 16550.66978650813
        },
        "http_req_connecting": {
            "avg": 0.002479314237288136,
            "min": 0,
            "med": 0,
            "max": 1.107146,
            "p(90)": 0,
            "p(95)": 0
        }
    },
    "root_group": {
        "name": "",
        "path": "",
        "id": "d41d8cd98f00b204e9800998ecf8427e",
        "groups": {},
        "checks": {
                "статус 201": {
                    "name": "статус 201",
                    "path": "::статус 201",
                    "id": "c314df9557299c13c0b7848462734a62",
                    "passes": 5900,
                    "fails": 0
                }
            }
    }
}