{
    "root_group": {
        "name": "",
        "path": "",
        "id": "d41d8cd98f00b204e9800998ecf8427e",
        "groups": {},
        "checks": {
                "статус 201": {
                    "name": "статус 201",
                    "path": "::статус 201",
                    "id": "c314df9557299c13c0b7848462734a62",
                    "passes": 5854,
                    "fails": 0
                }
            }
    },
    "metrics": {
        "http_req_waiting": {
            "avg": 31.132151985821583,
            "min": 6.06106,
            "med": 14.4347985,
            "max": 625.233734,
            "p(90)": 36.85614679999999,
            "p(95)": 74.01025799999987
        },
        "vus_max": {
            "value": 100,
            "min": 100,
            "max": 100
        },
        "http_req_receiving": {
            "p(90)": 0.07598669999999999,
            "p(95)": 0.10144684999999971,
            "avg": 0.05190325281858558,
            "min": 0.004999,
            "med": 0.041694999999999996,
            "max": 1.852315
        },
        "vus": {
            "value": 100,
            "min": 100,
            "max": 100
        },
        "http_req_tls_handshaking": {
            "min": 0,
            "med": 0,
            "max": 0,
            "p(90)": 0,
            "p(95)": 0,
            "avg": 0
        },
        "iteration_duration": {
            "min": 1006.752984,
            "med": 1015.251424,
            "max": 1628.672919,
            "p(90)": 1037.8192729,
            "p(95)": 1074.7254512499999,
            "avg": 1031.9973398325928
        },
        "http_req_failed": {
            "passes": 0,
            "fails": 5854,
            "thresholds": {
                "rate<0.01": false
            },
            "value": 0
        },
        "http_req_connecting": {
            "p(95)": 0,
            "avg": 0.023829335326272637,
            "min": 0,
            "med": 0,
            "max": 11.184336,
            "p(90)": 0
        },
        "http_req_duration{expected_response:true}": {
            "avg": 31.211674127434286,
            "min": 6.11225,
            "med": 14.519235,
            "max": 625.308331,
            "p(90)": 36.918161399999995,
            "p(95)": 74.04301034999988
        },
        "http_req_duration": {
            "avg": 31.211674127434286,
            "min": 6.11225,
            "med": 14.519235,
            "max": 625.308331,
            "p(90)": 36.918161399999995,
            "p(95)": 74.04301034999988,
            "thresholds": {
                "p(95)<500": false
            }
        },
        "http_req_blocked": {
            "max": 11.248459,
            "p(90)": 0.008574,
            "p(95)": 0.009887099999999996,
            "avg": 0.033919567475230485,
            "min": 0.001092,
            "med": 0.0048045
        },
        "iterations": {
            "count": 5854,
            "rate": 96.27758848306256
        },
        "data_sent": {
            "count": 995931,
            "rate": 16379.541335074304
        },
        "data_received": {
            "count": 538568,
            "rate": 8857.538140441755
        },
        "http_req_sending": {
            "avg": 0.027618888793987093,
            "min": 0.002472,
            "med": 0.017625,
            "max": 3.523291,
            "p(90)": 0.0331712,
            "p(95)": 0.04122834999999999
        },
        "checks": {
            "passes": 5854,
            "fails": 0,
            "value": 1
        },
        "http_reqs": {
            "rate": 96.27758848306256,
            "count": 5854,
            "thresholds": {
                "count>1000": false
            }
        }
    }
}