{
    "metrics": {
        "http_req_receiving": {
            "p(90)": 0.07069260000000002,
            "p(95)": 0.10594020000000004,
            "avg": 0.047488668644067804,
            "min": 0.004901,
            "med": 0.0338305,
            "max": 3.168072
        },
        "http_req_sending": {
            "avg": 0.023044813728813576,
            "min": 0.002756,
            "med": 0.0149885,
            "max": 5.946528,
            "p(90)": 0.0295394,
            "p(95)": 0.03722190000000004
        },
        "http_req_tls_handshaking": {
            "avg": 0,
            "min": 0,
            "med": 0,
            "max": 0,
            "p(90)": 0,
            "p(95)": 0
        },
        "vus_max": {
            "min": 100,
            "max": 100,
            "value": 100
        },
        "http_req_blocked": {
            "avg": 0.029609008474576263,
            "min": 0.000886,
            "med": 0.0041375000000000006,
            "max": 2.691502,
            "p(90)": 0.007674300000000001,
            "p(95)": 0.009083150000000002
        },
        "http_req_connecting": {
            "p(95)": 0,
            "avg": 0.023757816101694917,
            "min": 0,
            "med": 0,
            "max": 2.633595,
            "p(90)": 0
        },
        "iterations": {
            "count": 5900,
            "rate": 97.80271893811094
        },
        "http_req_duration{expected_response:true}": {
            "avg": 20.88273141881353,
            "min": 6.425248,
            "med": 14.851984,
            "max": 152.229941,
            "p(90)": 39.415463000000074,
            "p(95)": 56.937660200000074
        },
        "data_received": {
            "rate": 8997.850142306206,
            "count": 542800
        },
        "http_req_duration": {
            "avg": 20.88273141881353,
            "min": 6.425248,
            "med": 14.851984,
            "max": 152.229941,
            "p(90)": 39.415463000000074,
            "p(95)": 56.937660200000074,
            "thresholds": {
                "p(95)<500": false
            }
        },
        "checks": {
            "passes": 5900,
            "fails": 0,
            "value": 1
        },
        "vus": {
            "value": 100,
            "min": 100,
            "max": 100
        },
        "data_sent": {
            "count": 1003631,
            "rate": 16636.92213738563
        },
        "http_reqs": {
            "count": 5900,
            "rate": 97.80271893811094,
            "thresholds": {
                "count>1000": false
            }
        },
        "http_req_failed": {
            "passes": 0,
            "fails": 5900,
            "thresholds": {
                "rate<0.01": false
            },
            "value": 0
        },
        "iteration_duration": {
            "med": 1015.656701,
            "max": 1152.814502,
            "p(90)": 1040.3974031,
            "p(95)": 1058.6866459999999,
            "avg": 1021.725678512367,
            "min": 1006.687441
        },
        "http_req_waiting": {
            "p(95)": 56.863729600000056,
            "avg": 20.812197936440697,
            "min": 6.367452,
            "med": 14.7794485,
            "max": 152.212556,
            "p(90)": 39.396096000000064
        }
    },
    "root_group": {
        "checks": {
            "статус 201": {
                "name": "статус 201",
                "path": "::статус 201",
                "id": "c314df9557299c13c0b7848462734a62",
                "passes": 5900,
                "fails": 0
            }
        },
        "name": "",
        "path": "",
        "id": "d41d8cd98f00b204e9800998ecf8427e",
        "groups": {}
    }
}