{
    "root_group": {
        "name": "",
        "path": "",
        "id": "d41d8cd98f00b204e9800998ecf8427e",
        "groups": {},
        "checks": {
                "статус 201": {
                    "id": "c314df9557299c13c0b7848462734a62",
                    "passes": 5899,
                    "fails": 0,
                    "name": "статус 201",
                    "path": "::статус 201"
                }
            }
    },
    "metrics": {
        "http_req_duration": {
            "max": 478.191918,
            "p(90)": 33.4093286,
            "p(95)": 51.22340609999999,
            "avg": 21.806538422105437,
            "min": 6.534418,
            "med": 15.708517,
            "thresholds": {
                "p(95)<500": false
            }
        },
        "checks": {
            "fails": 0,
            "passes": 5899,
            "value": 1
        },
        "vus": {
            "value": 100,
            "min": 100,
            "max": 100
        },
        "data_sent": {
            "count": 1003309,
            "rate": 16458.868702494037
        },
        "http_req_connecting": {
            "avg": 0.008065647736904559,
            "min": 0,
            "med": 0,
            "max": 1.464269,
            "p(90)": 0,
            "p(95)": 0
        },
        "http_reqs": {
            "count": 5899,
            "rate": 96.77065238726287,
            "thresholds": {
                "count>1000": false
            }
        },
        "data_received": {
            "count": 542708,
            "rate": 8902.900019628183
        },
        "http_req_receiving": {
            "p(95)": 0.09446889999999986,
            "avg": 0.04549307238514987,
            "min": 0.004779,
            "med": 0.03568,
            "max": 4.090151,
            "p(90)": 0.070595
        },
        "iterations": {
            "rate": 96.77065238726287,
            "count": 5899
        },
        "http_req_failed": {
            "passes": 0,
            "fails": 5899,
            "thresholds": {
                "rate<0.01": false
            },
            "value": 0
        },
        "http_req_duration{expected_response:true}": {
            "avg": 21.806538422105437,
            "min": 6.534418,
            "med": 15.708517,
            "max": 478.191918,
            "p(90)": 33.4093286,
            "p(95)": 51.22340609999999
        },
        "http_req_tls_handshaking": {
            "med": 0,
            "max": 0,
            "p(90)": 0,
            "p(95)": 0,
            "avg": 0,
            "min": 0
        },
        "vus_max": {
            "value": 100,
            "min": 100,
            "max": 100
        },
        "http_req_waiting": {
            "avg": 21.737843646550175,
            "min": 6.470251,
            "med": 15.651868,
            "max": 478.167397,
            "p(90)": 33.288678999999995,
            "p(95)": 51.05235829999996
        },
        "http_req_blocked": {
            "avg": 0.01497435667062215,
            "min": 0.000888,
            "med": 0.004235,
            "max": 2.177774,
            "p(90)": 0.007768799999999999,
            "p(95)": 0.009127499999999997
        },
        "iteration_duration": {
            "p(95)": 1052.3512076,
            "avg": 1022.684437075268,
            "min": 1006.957181,
            "med": 1016.386663,
            "max": 1479.236966,
            "p(90)": 1034.7168954
        },
        "http_req_sending": {
            "avg": 0.02320170317002884,
            "min": 0.002407,
            "med": 0.015313,
            "max": 3.793089,
            "p(90)": 0.0289858,
            "p(95)": 0.03499759999999995
        }
    }
}