{
    "metrics": {
        "http_reqs": {
            "count": 5900,
            "rate": 97.93974293736083,
            "thresholds": {
                "count>1000": false
            }
        },
        "http_req_blocked": {
            "p(90)": 0.006432300000000001,
            "p(95)": 0.008318550000000003,
            "avg": 0.05115092000000022,
            "min": 0.000946,
            "med": 0.0040745,
            "max": 7.13111
        },
        "http_req_waiting": {
            "p(90)": 25.89029680000001,
            "p(95)": 45.79826445000001,
            "avg": 17.683504794915255,
            "min": 5.867482,
            "med": 12.9136605,
            "max": 127.846065
        },
        "iteration_duration": {
            "p(95)": 1046.8061266,
            "avg": 1018.5388477627148,
            "min": 1006.432588,
            "med": 1013.7077815,
            "max": 1135.992899,
            "p(90)": 1026.6610682
        },
        "http_req_sending": {
            "p(90)": 0.02354470000000001,
            "p(95)": 0.031210150000000006,
            "avg": 0.06889435745762683,
            "min": 0.002666,
            "med": 0.0147225,
            "max": 7.625346
        },
        "vus": {
            "value": 100,
            "min": 100,
            "max": 100
        },
        "http_req_duration{expected_response:true}": {
            "p(95)": 45.97354845,
            "avg": 17.79372214305082,
            "min": 5.921542,
            "med": 12.964162,
            "max": 131.633172,
            "p(90)": 25.982644400000016
        },
        "http_req_connecting": {
            "avg": 0.03932740830508474,
            "min": 0,
            "med": 0,
            "max": 6.637185,
            "p(90)": 0,
            "p(95)": 0
        },
        "vus_max": {
            "value": 100,
            "min": 100,
            "max": 100
        },
        "http_req_tls_handshaking": {
            "min": 0,
            "med": 0,
            "max": 0,
            "p(90)": 0,
            "p(95)": 0,
            "avg": 0
        },
        "http_req_duration": {
            "max": 131.633172,
            "p(90)": 25.982644400000016,
            "p(95)": 45.97354845,
            "avg": 17.79372214305082,
            "min": 5.921542,
            "med": 12.964162,
            "thresholds": {
                "p(95)<500": false
            }
        },
        "http_req_failed": {
            "passes": 0,
            "fails": 5900,
            "thresholds": {
                "rate<0.01": false
            },
            "value": 0
        },
        "data_sent": {
            "count": 1003443,
            "rate": 16657.110080049857
        },
        "iterations": {
            "count": 5900,
            "rate": 97.93974293736083
        },
        "checks": {
            "fails": 0,
            "passes": 5900,
            "value": 1
        },
        "http_req_receiving": {
            "avg": 0.04132299067796607,
            "min": 0.005286,
            "med": 0.0318375,
            "max": 3.45389,
            "p(90)": 0.061475900000000014,
            "p(95)": 0.08647125000000001
        },
        "data_received": {
            "count": 542800,
            "rate": 9010.456350237197
        }
    },
    "root_group": {
        "name": "",
        "path": "",
        "id": "d41d8cd98f00b204e9800998ecf8427e",
        "groups": {},
        "checks": {
                "статус 201": {
                    "fails": 0,
                    "name": "статус 201",
                    "path": "::статус 201",
                    "id": "c314df9557299c13c0b7848462734a62",
                    "passes": 5900
                }
            }
    }
}