{
    "metrics": {
        "http_req_sending": {
            "avg": 0.023021113220338948,
            "min": 0.002991,
            "med": 0.015427,
            "max": 5.635864,
            "p(90)": 0.02932850000000001,
            "p(95)": 0.0356416
        },
        "data_sent": {
            "count": 1003602,
            "rate": 16650.978283125634
        },
        "checks": {
            "passes": 5900,
            "fails": 0,
            "value": 1
        },
        "http_req_receiving": {
            "p(90)": 0.0705953,
            "p(95)": 0.09859925000000001,
            "avg": 0.046034761016949144,
            "min": 0.004835,
            "med": 0.036723,
            "max": 3.564252
        },
        "http_req_duration": {
            "min": 6.550595,
            "med": 14.1438885,
            "max": 148.21982,
            "p(90)": 32.81702930000002,
            "p(95)": 46.1132823,
            "avg": 18.92298017796605,
            "thresholds": {
                "p(95)<500": false
            }
        },
        "http_req_waiting": {
            "min": 6.495006,
            "med": 14.087212000000001,
            "max": 148.1382,
            "p(90)": 32.711251100000005,
            "p(95)": 45.98525715000002,
            "avg": 18.85392430372886
        },
        "http_req_duration{expected_response:true}": {
            "p(95)": 46.1132823,
            "avg": 18.92298017796605,
            "min": 6.550595,
            "med": 14.1438885,
            "max": 148.21982,
            "p(90)": 32.81702930000002
        },
        "http_req_connecting": {
            "med": 0,
            "max": 1.553947,
            "p(90)": 0,
            "p(95)": 0,
            "avg": 0.00815741949152543,
            "min": 0
        },
        "http_req_tls_handshaking": {
            "avg": 0,
            "min": 0,
            "med": 0,
            "max": 0,
            "p(90)": 0,
            "p(95)": 0
        },
        "data_received": {
            "rate": 9005.712435886531,
            "count": 542800
        },
        "http_req_blocked": {
            "avg": 0.015388255084745778,
            "min": 0.000966,
            "med": 0.004279,
            "max": 2.583798,
            "p(90)": 0.007924300000000002,
            "p(95)": 0.009695300000000004
        },
        "vus": {
            "min": 100,
            "max": 100,
            "value": 100
        },
        "iterations": {
            "count": 5900,
            "rate": 97.88817865094056
        },
        "vus_max": {
            "value": 100,
            "min": 100,
            "max": 100
        },
        "iteration_duration": {
            "max": 1149.14288,
            "p(90)": 1033.9795641,
            "p(95)": 1046.9993168,
            "avg": 1019.7236888477973,
            "min": 1006.785718,
            "med": 1014.8918105
        },
        "http_reqs": {
            "count": 5900,
            "rate": 97.88817865094056,
            "thresholds": {
                "count>1000": false
            }
        },
        "http_req_failed": {
            "passes": 0,
            "fails": 5900,
            "thresholds": {
                "rate<0.01": false
            },
            "value": 0
        }
    },
    "root_group": {
        "path": "",
        "id": "d41d8cd98f00b204e9800998ecf8427e",
        "groups": {},
        "checks": {
                "статус 201": {
                    "name": "статус 201",
                    "path": "::статус 201",
                    "id": "c314df9557299c13c0b7848462734a62",
                    "passes": 5900,
                    "fails": 0
                }
            },
        "name": ""
    }
}