{
    "root_group": {
        "id": "d41d8cd98f00b204e9800998ecf8427e",
        "groups": {},
        "checks": {
                "статус 201": {
                    "fails": 0,
                    "name": "статус 201",
                    "path": "::статус 201",
                    "id": "c314df9557299c13c0b7848462734a62",
                    "passes": 5900
                }
            },
        "name": "",
        "path": ""
    },
    "metrics": {
        "http_req_receiving": {
            "p(90)": 0.0703077,
            "p(95)": 0.10295535000000007,
            "avg": 0.050315480508474585,
            "min": 0.005027,
            "med": 0.035689,
            "max": 19.769644
        },
        "http_reqs": {
            "count": 5900,
            "rate": 97.54679303996774,
            "thresholds": {
                "count>1000": false
            }
        },
        "checks": {
            "passes": 5900,
            "fails": 0,
            "value": 1
        },
        "vus_max": {
            "value": 100,
            "min": 100,
            "max": 100
        },
        "iterations": {
            "count": 5900,
            "rate": 97.54679303996774
        },
        "http_req_waiting": {
            "p(95)": 66.61501075000002,
            "avg": 21.570223169661062,
            "min": 6.359437,
            "med": 14.101153499999999,
            "max": 129.483292,
            "p(90)": 45.57155790000001
        },
        "data_received": {
            "count": 542800,
            "rate": 8974.30495967703
        },
        "data_sent": {
            "count": 1003699,
            "rate": 16594.511631766538
        },
        "http_req_sending": {
            "med": 0.0152415,
            "max": 9.947575,
            "p(90)": 0.028262900000000004,
            "p(95)": 0.034019650000000005,
            "avg": 0.03361954593220344,
            "min": 0.00293
        },
        "iteration_duration": {
            "min": 1006.849154,
            "med": 1014.8821885,
            "max": 1130.068616,
            "p(90)": 1048.5301918,
            "p(95)": 1068.3767332,
            "avg": 1022.4842568749112
        },
        "http_req_duration{expected_response:true}": {
            "min": 6.416422,
            "med": 14.16399,
            "max": 129.52696,
            "p(90)": 45.69025030000002,
            "p(95)": 66.78058785,
            "avg": 21.654158196101694
        },
        "http_req_connecting": {
            "avg": 0.0175458020338983,
            "min": 0,
            "med": 0,
            "max": 11.194565,
            "p(90)": 0,
            "p(95)": 0
        },
        "http_req_duration": {
            "p(95)": 66.78058785,
            "avg": 21.654158196101694,
            "min": 6.416422,
            "med": 14.16399,
            "max": 129.52696,
            "p(90)": 45.69025030000002,
            "thresholds": {
                "p(95)<500": false
            }
        },
        "http_req_blocked": {
            "avg": 0.035072608305084865,
            "min": 0.000919,
            "med": 0.0042445,
            "max": 12.408055,
            "p(90)": 0.0077906000000000026,
            "p(95)": 0.0092571
        },
        "http_req_tls_handshaking": {
            "avg": 0,
            "min": 0,
            "med": 0,
            "max": 0,
            "p(90)": 0,
            "p(95)": 0
        },
        "vus": {
            "min": 100,
            "max": 100,
            "value": 100
        },
        "http_req_failed": {
            "passes": 0,
            "fails": 5900,
            "thresholds": {
                "rate<0.01": false
            },
            "value": 0
        }
    }
}