{
    "metrics": {
        "vus": {
            "value": 100,
            "min": 100,
            "max": 100
        },
        "data_sent": {
            "count": 1003669,
            "rate": 16610.109272644528
        },
        "http_req_receiving": {
            "min": 0.005122,
            "med": 0.0393415,
            "max": 2.893343,
            "p(90)": 0.07596200000000004,
            "p(95)": 0.11030115000000004,
            "avg": 0.0516782194915256
        },
        "http_req_sending": {
            "max": 1.990575,
            "p(90)": 0.030037000000000005,
            "p(95)": 0.039064000000000036,
            "avg": 0.024120091355932096,
            "min": 0.003084,
            "med": 0.015697
        },
        "http_req_duration{expected_response:true}": {
            "p(90)": 34.575678,
            "p(95)": 53.42992615,
            "avg": 20.80570194338984,
            "min": 5.889355,
            "med": 13.506508,
            "max": 223.712266
        },
        "data_received": {
            "count": 542800,
            "rate": 8983.008654438314
        },
        "http_req_duration": {
            "avg": 20.80570194338984,
            "min": 5.889355,
            "med": 13.506508,
            "max": 223.712266,
            "p(90)": 34.575678,
            "p(95)": 53.42992615,
            "thresholds": {
                "p(95)<500": false
            }
        },
        "http_req_tls_handshaking": {
            "p(90)": 0,
            "p(95)": 0,
            "avg": 0,
            "min": 0,
            "med": 0,
            "max": 0
        },
        "iteration_duration": {
            "p(90)": 1035.7455609,
            "p(95)": 1054.20110495,
            "avg": 1021.5993863671208,
            "min": 1006.718282,
            "med": 1014.280084,
            "max": 1223.929653
        },
        "checks": {
            "passes": 5900,
            "fails": 0,
            "value": 1
        },
        "http_reqs": {
            "count": 5900,
            "rate": 97.64139841780776,
            "thresholds": {
                "count>1000": false
            }
        },
        "http_req_blocked": {
            "med": 0.004403,
            "max": 3.907612,
            "p(90)": 0.0080732,
            "p(95)": 0.00963015,
            "avg": 0.013647271525423721,
            "min": 0.001046
        },
        "vus_max": {
            "value": 100,
            "min": 100,
            "max": 100
        },
        "iterations": {
            "rate": 97.64139841780776,
            "count": 5900
        },
        "http_req_failed": {
            "passes": 0,
            "fails": 5900,
            "thresholds": {
                "rate<0.01": false
            },
            "value": 0
        },
        "http_req_waiting": {
            "avg": 20.72990363254235,
            "min": 5.83107,
            "med": 13.442173499999999,
            "max": 223.665269,
            "p(90)": 34.472755500000005,
            "p(95)": 53.19883700000004
        },
        "http_req_connecting": {
            "med": 0,
            "max": 3.847374,
            "p(90)": 0,
            "p(95)": 0,
            "avg": 0.006242563389830508,
            "min": 0
        }
    },
    "root_group": {
        "checks": {
            "статус 201": {
                "path": "::статус 201",
                "id": "c314df9557299c13c0b7848462734a62",
                "passes": 5900,
                "fails": 0,
                "name": "статус 201"
            }
        },
        "name": "",
        "path": "",
        "id": "d41d8cd98f00b204e9800998ecf8427e",
        "groups": {}
    }
}