{
    "root_group": {
        "id": "d41d8cd98f00b204e9800998ecf8427e",
        "groups": {},
        "checks": {
                "статус 201": {
                    "passes": 5600,
                    "fails": 0,
                    "name": "статус 201",
                    "path": "::статус 201",
                    "id": "c314df9557299c13c0b7848462734a62"
                }
            },
        "name": "",
        "path": ""
    },
    "metrics": {
        "data_sent": {
            "rate": 16056.820147001332,
            "count": 980066
        },
        "checks": {
            "passes": 5600,
            "fails": 0,
            "value": 1
        },
        "http_req_waiting": {
            "max": 263.790733,
            "p(90)": 146.46596530000002,
            "p(95)": 163.41073860000003,
            "avg": 84.4144366260712,
            "min": 8.531117,
            "med": 79.19175050000001
        },
        "http_req_failed": {
            "passes": 0,
            "fails": 5600,
            "thresholds": {
                "rate<0.01": false
            },
            "value": 0
        },
        "http_req_tls_handshaking": {
            "med": 0,
            "max": 0,
            "p(90)": 0,
            "p(95)": 0,
            "avg": 0,
            "min": 0
        },
        "iteration_duration": {
            "avg": 1086.4036648130373,
            "min": 1009.178284,
            "med": 1081.0528275000001,
            "max": 1277.959946,
            "p(90)": 1148.9035741999999,
            "p(95)": 1165.7479026
        },
        "vus_max": {
            "max": 100,
            "value": 100,
            "min": 100
        },
        "http_reqs": {
            "count": 5600,
            "rate": 91.74707909794591,
            "thresholds": {
                "count>1000": false
            }
        },
        "http_req_blocked": {
            "p(90)": 0.0189465,
            "p(95)": 0.023136050000000002,
            "avg": 0.04395434857142855,
            "min": 0.002397,
            "med": 0.0084175,
            "max": 20.029033
        },
        "http_req_sending": {
            "max": 61.609476,
            "p(90)": 0.0996753,
            "p(95)": 0.23861865000000038,
            "avg": 0.10789641249999976,
            "min": 0.00901,
            "med": 0.0354835
        },
        "vus": {
            "min": 45,
            "max": 100,
            "value": 45
        },
        "http_req_connecting": {
            "p(90)": 0,
            "p(95)": 0,
            "avg": 0.017438440357142863,
            "min": 0,
            "med": 0,
            "max": 3.524221
        },
        "iterations": {
            "count": 5600,
            "rate": 91.74707909794591
        },
        "http_req_duration": {
            "avg": 84.60403926589271,
            "min": 8.617659,
            "med": 79.390975,
            "max": 263.89725,
            "p(90)": 146.58205020000003,
            "p(95)": 163.6145916,
            "thresholds": {
                "p(95)<500": false
            }
        },
        "data_received": {
            "count": 515200,
            "rate": 8440.731277011024
        },
        "http_req_duration{expected_response:true}": {
            "med": 79.390975,
            "max": 263.89725,
            "p(90)": 146.58205020000003,
            "p(95)": 163.6145916,
            "avg": 84.60403926589271,
            "min": 8.617659
        },
        "http_req_receiving": {
            "p(90)": 0.14728940000000001,
            "p(95)": 0.2133871,
            "avg": 0.08170622732142832,
            "min": 0.012998,
            "med": 0.0472905,
            "max": 4.992687
        }
    }
}