{
    "metrics": {
        "http_req_connecting": {
            "min": 0,
            "med": 0,
            "max": 2.457941,
            "p(90)": 0,
            "p(95)": 0,
            "avg": 0.01162689518114667
        },
        "data_sent": {
            "count": 995024,
            "rate": 16406.319604360582
        },
        "http_req_waiting": {
            "p(95)": 147.78526725,
            "avg": 63.23487148522693,
            "min": 8.385106,
            "med": 54.17917,
            "max": 240.19695,
            "p(90)": 121.6066035
        },
        "http_reqs": {
            "count": 5686,
            "rate": 93.75284743925198,
            "thresholds": {
                "count>1000": false
            }
        },
        "iterations": {
            "count": 5686,
            "rate": 93.75284743925198
        },
        "http_req_tls_handshaking": {
            "p(90)": 0,
            "p(95)": 0,
            "avg": 0,
            "min": 0,
            "med": 0,
            "max": 0
        },
        "http_req_sending": {
            "min": 0.00951,
            "med": 0.0266705,
            "max": 23.49478,
            "p(90)": 0.070986,
            "p(95)": 0.157056,
            "avg": 0.08236488339781947
        },
        "vus": {
            "max": 100,
            "value": 100,
            "min": 100
        },
        "iteration_duration": {
            "p(90)": 1123.4632455,
            "p(95)": 1149.67574625,
            "avg": 1064.725587556806,
            "min": 1009.481737,
            "med": 1055.6759305,
            "max": 1250.71594
        },
        "http_req_receiving": {
            "p(90)": 0.11952,
            "p(95)": 0.20752075,
            "avg": 0.08488846904678142,
            "min": 0.01201,
            "med": 0.051144999999999996,
            "max": 12.485341
        },
        "http_req_blocked": {
            "avg": 0.048620684839957795,
            "min": 0.002692,
            "med": 0.0068095,
            "max": 10.55461,
            "p(90)": 0.015035,
            "p(95)": 0.020134
        },
        "vus_max": {
            "value": 100,
            "min": 100,
            "max": 100
        },
        "data_received": {
            "count": 523112,
            "rate": 8625.261964411182
        },
        "http_req_duration": {
            "med": 54.261885,
            "max": 240.353899,
            "p(90)": 121.72261549999999,
            "p(95)": 147.86660225,
            "avg": 63.402124837671494,
            "min": 8.45224,
            "thresholds": {
                "p(95)<500": false
            }
        },
        "checks": {
            "passes": 5686,
            "fails": 0,
            "value": 1
        },
        "http_req_duration{expected_response:true}": {
            "p(95)": 147.86660225,
            "avg": 63.402124837671494,
            "min": 8.45224,
            "med": 54.261885,
            "max": 240.353899,
            "p(90)": 121.72261549999999
        },
        "http_req_failed": {
            "passes": 0,
            "fails": 5686,
            "thresholds": {
                "rate<0.01": false
            },
            "value": 0
        }
    },
    "root_group": {
        "name": "",
        "path": "",
        "id": "d41d8cd98f00b204e9800998ecf8427e",
        "groups": {},
        "checks": {
                "статус 201": {
                    "name": "статус 201",
                    "path": "::статус 201",
                    "id": "c314df9557299c13c0b7848462734a62",
                    "passes": 5686,
                    "fails": 0
                }
            }
    }
}