{
    "root_group": {
        "path": "",
        "id": "d41d8cd98f00b204e9800998ecf8427e",
        "groups": {},
        "checks": {
                "статус 201": {
                    "name": "статус 201",
                    "path": "::статус 201",
                    "id": "c314df9557299c13c0b7848462734a62",
                    "passes": 5531,
                    "fails": 0
                }
            },
        "name": ""
    },
    "metrics": {
        "http_req_connecting": {
            "min": 0,
            "med": 0,
            "max": 3.942478,
            "p(90)": 0,
            "p(95)": 0,
            "avg": 0.028614668956789012
        },
        "iterations": {
            "count": 5531,
            "rate": 90.6224319295408
        },
        "http_req_receiving": {
            "avg": 0.07427571271017851,
            "min": 0.012761,
            "med": 0.042758,
            "max": 10.030963,
            "p(90)": 0.113111,
            "p(95)": 0.18899100000000002
        },
        "http_req_duration": {
            "max": 225.053098,
            "p(90)": 137.511321,
            "p(95)": 151.73488650000002,
            "avg": 88.84196146700403,
            "min": 8.677462,
            "med": 88.530626,
            "thresholds": {
                "p(95)<500": false
            }
        },
        "iteration_duration": {
            "p(90)": 1140.390506,
            "p(95)": 1155.8929125,
            "avg": 1091.0966593476755,
            "min": 1008.997206,
            "med": 1090.326493,
            "max": 1248.233651
        },
        "http_req_failed": {
            "fails": 5531,
            "passes": 0,
            "thresholds": {
                "rate<0.01": false
            },
            "value": 0
        },
        "http_reqs": {
            "rate": 90.6224319295408,
            "count": 5531,
            "thresholds": {
                "count>1000": false
            }
        },
        "http_req_sending": {
            "min": 0.007857,
            "med": 0.028478,
            "max": 41.286066,
            "p(90)": 0.095674,
            "p(95)": 0.2486645,
            "avg": 0.1231333444223464
        },
        "data_sent": {
            "count": 967968,
            "rate": 15859.630119322681
        },
        "http_req_blocked": {
            "avg": 0.05789421261977956,
            "min": 0.002409,
            "med": 0.007124,
            "max": 39.94325,
            "p(90)": 0.018128,
            "p(95)": 0.022452
        },
        "vus": {
            "value": 31,
            "min": 31,
            "max": 100
        },
        "data_received": {
            "count": 508852,
            "rate": 8337.263737517753
        },
        "http_req_duration{expected_response:true}": {
            "p(95)": 151.73488650000002,
            "avg": 88.84196146700403,
            "min": 8.677462,
            "med": 88.530626,
            "max": 225.053098,
            "p(90)": 137.511321
        },
        "checks": {
            "passes": 5531,
            "fails": 0,
            "value": 1
        },
        "http_req_tls_handshaking": {
            "p(90)": 0,
            "p(95)": 0,
            "avg": 0,
            "min": 0,
            "med": 0,
            "max": 0
        },
        "http_req_waiting": {
            "min": 8.614341,
            "med": 88.373556,
            "max": 224.970928,
            "p(90)": 137.176159,
            "p(95)": 151.2512255,
            "avg": 88.64455240987158
        },
        "vus_max": {
            "value": 100,
            "min": 100,
            "max": 100
        }
    }
}