{
    "metrics": {
        "data_sent": {
            "count": 981289,
            "rate": 16073.402042714953
        },
        "http_req_duration": {
            "med": 68.0938695,
            "max": 393.64145,
            "p(90)": 140.37219010000004,
            "p(95)": 164.2596632,
            "avg": 75.74422403405882,
            "min": 8.396783,
            "thresholds": {
                "p(95)<500": false
            }
        },
        "http_req_sending": {
            "avg": 0.08007297699714691,
            "min": 0.009123,
            "med": 0.02713,
            "max": 25.551329,
            "p(90)": 0.08285390000000001,
            "p(95)": 0.19530149999999946
        },
        "vus": {
            "value": 6,
            "min": 6,
            "max": 100
        },
        "vus_max": {
            "value": 100,
            "min": 100,
            "max": 100
        },
        "http_req_tls_handshaking": {
            "min": 0,
            "med": 0,
            "max": 0,
            "p(90)": 0,
            "p(95)": 0,
            "avg": 0
        },
        "http_req_connecting": {
            "med": 0,
            "max": 7.224926,
            "p(90)": 0,
            "p(95)": 0,
            "avg": 0.05068543723252498,
            "min": 0
        },
        "http_req_receiving": {
            "max": 7.961874,
            "p(90)": 0.12489880000000002,
            "p(95)": 0.2100607499999993,
            "avg": 0.07821724251069896,
            "min": 0.013669,
            "med": 0.047023
        },
        "data_received": {
            "count": 515936,
            "rate": 8450.972910437376
        },
        "http_req_failed": {
            "passes": 0,
            "fails": 5608,
            "thresholds": {
                "rate<0.01": false
            },
            "value": 0
        },
        "http_req_blocked": {
            "min": 0.002545,
            "med": 0.0068755,
            "max": 11.014227,
            "p(90)": 0.0173158,
            "p(95)": 0.020793649999999993,
            "avg": 0.08023552282453628
        },
        "http_req_waiting": {
            "med": 67.95527150000001,
            "max": 393.560045,
            "p(90)": 140.1209736,
            "p(95)": 163.85315664999996,
            "avg": 75.58593381455086,
            "min": 8.332013
        },
        "http_reqs": {
            "count": 5608,
            "rate": 91.85840120040626,
            "thresholds": {
                "count>1000": false
            }
        },
        "checks": {
            "passes": 5608,
            "fails": 0,
            "value": 1
        },
        "iterations": {
            "count": 5608,
            "rate": 91.85840120040626
        },
        "http_req_duration{expected_response:true}": {
            "p(90)": 140.37219010000004,
            "p(95)": 164.2596632,
            "avg": 75.74422403405882,
            "min": 8.396783,
            "med": 68.0938695,
            "max": 393.64145
        },
        "iteration_duration": {
            "min": 1008.67103,
            "med": 1069.3246239999999,
            "max": 1405.342274,
            "p(90)": 1142.2065224,
            "p(95)": 1166.740782,
            "avg": 1077.4036633416536
        }
    },
    "root_group": {
        "groups": {},
        "checks": {
                "статус 201": {
                    "name": "статус 201",
                    "path": "::статус 201",
                    "id": "c314df9557299c13c0b7848462734a62",
                    "passes": 5608,
                    "fails": 0
                }
            },
        "name": "",
        "path": "",
        "id": "d41d8cd98f00b204e9800998ecf8427e"
    }
}