{
    "metrics": {
        "checks": {
            "passes": 5500,
            "fails": 0,
            "value": 1
        },
        "data_received": {
            "count": 506000,
            "rate": 8388.850275693561
        },
        "http_req_failed": {
            "fails": 5500,
            "passes": 0,
            "thresholds": {
                "rate<0.01": false
            },
            "value": 0
        },
        "http_req_duration": {
            "p(90)": 147.3279226,
            "p(95)": 167.73031535000004,
            "avg": 93.33608634163606,
            "min": 9.07936,
            "med": 90.081822,
            "max": 302.197715,
            "thresholds": {
                "p(95)<500": false
            }
        },
        "http_req_tls_handshaking": {
            "p(95)": 0,
            "avg": 0,
            "min": 0,
            "med": 0,
            "max": 0,
            "p(90)": 0
        },
        "iterations": {
            "count": 5500,
            "rate": 91.1831551705822
        },
        "vus_max": {
            "max": 100,
            "value": 100,
            "min": 100
        },
        "data_sent": {
            "count": 962602,
            "rate": 15958.743187911412
        },
        "http_req_sending": {
            "avg": 0.08219973345454548,
            "min": 0.008229,
            "med": 0.026869499999999998,
            "max": 14.815077,
            "p(90)": 0.08935770000000001,
            "p(95)": 0.21121475000000065
        },
        "http_req_duration{expected_response:true}": {
            "min": 9.07936,
            "med": 90.081822,
            "max": 302.197715,
            "p(90)": 147.3279226,
            "p(95)": 167.73031535000004,
            "avg": 93.33608634163606
        },
        "vus": {
            "value": 100,
            "min": 100,
            "max": 100
        },
        "http_req_waiting": {
            "p(90)": 147.1745869,
            "p(95)": 167.60045620000005,
            "avg": 93.18397132654536,
            "min": 9.018121,
            "med": 89.973709,
            "max": 302.087234
        },
        "http_req_receiving": {
            "p(90)": 0.10934990000000007,
            "p(95)": 0.18925265000000024,
            "avg": 0.0699152816363638,
            "min": 0.013367,
            "med": 0.0422965,
            "max": 9.614954
        },
        "http_reqs": {
            "rate": 91.1831551705822,
            "count": 5500,
            "thresholds": {
                "count>1000": false
            }
        },
        "http_req_connecting": {
            "med": 0,
            "max": 8.825188,
            "p(90)": 0,
            "p(95)": 0,
            "avg": 0.015117726363636367,
            "min": 0
        },
        "http_req_blocked": {
            "p(95)": 0.022422450000000007,
            "avg": 0.03915651109090904,
            "min": 0.002184,
            "med": 0.00684,
            "max": 15.749313,
            "p(90)": 0.0180282
        },
        "iteration_duration": {
            "avg": 1094.9649391809073,
            "min": 1009.480046,
            "med": 1091.668938,
            "max": 1307.638227,
            "p(90)": 1149.4544804,
            "p(95)": 1169.73060225
        }
    },
    "root_group": {
        "groups": {},
        "checks": {
                "статус 201": {
                    "id": "c314df9557299c13c0b7848462734a62",
                    "passes": 5500,
                    "fails": 0,
                    "name": "статус 201",
                    "path": "::статус 201"
                }
            },
        "name": "",
        "path": "",
        "id": "d41d8cd98f00b204e9800998ecf8427e"
    }
}