{
    "metrics": {
        "checks": {
            "passes": 5532,
            "fails": 0,
            "value": 1
        },
        "http_req_duration{expected_response:true}": {
            "min": 9.295562,
            "med": 86.8446965,
            "max": 236.790524,
            "p(90)": 144.8151764,
            "p(95)": 161.47176745,
            "avg": 89.09530670643525
        },
        "http_req_waiting": {
            "avg": 88.89613829501074,
            "min": 9.230829,
            "med": 86.6411555,
            "max": 236.691591,
            "p(90)": 144.67431020000004,
            "p(95)": 160.1394695
        },
        "http_req_sending": {
            "min": 0.008405,
            "med": 0.025803,
            "max": 26.875665,
            "p(90)": 0.07818390000000004,
            "p(95)": 0.17500549999999993,
            "avg": 0.12606415509761335
        },
        "http_req_failed": {
            "passes": 0,
            "fails": 5532,
            "thresholds": {
                "rate<0.01": false
            },
            "value": 0
        },
        "iterations": {
            "count": 5532,
            "rate": 90.64586724983728
        },
        "http_req_duration": {
            "med": 86.8446965,
            "max": 236.790524,
            "p(90)": 144.8151764,
            "p(95)": 161.47176745,
            "avg": 89.09530670643525,
            "min": 9.295562,
            "thresholds": {
                "p(95)<500": false
            }
        },
        "vus_max": {
            "value": 100,
            "min": 100,
            "max": 100
        },
        "http_req_receiving": {
            "avg": 0.07310425632682571,
            "min": 0.012923,
            "med": 0.0433415,
            "max": 26.122274,
            "p(90)": 0.10376810000000007,
            "p(95)": 0.18874004999999996
        },
        "vus": {
            "min": 23,
            "max": 100,
            "value": 23
        },
        "http_req_tls_handshaking": {
            "p(90)": 0,
            "p(95)": 0,
            "avg": 0,
            "min": 0,
            "med": 0,
            "max": 0
        },
        "data_received": {
            "count": 508944,
            "rate": 8339.41978698503
        },
        "iteration_duration": {
            "med": 1088.744474,
            "max": 1237.51431,
            "p(90)": 1146.9686966000002,
            "p(95)": 1164.61226805,
            "avg": 1090.9617948778023,
            "min": 1009.60522
        },
        "data_sent": {
            "count": 968131,
            "rate": 15863.53472640134
        },
        "http_req_connecting": {
            "avg": 0.08802719974692695,
            "min": 0,
            "med": 0,
            "max": 14.982854,
            "p(90)": 0,
            "p(95)": 0
        },
        "http_reqs": {
            "count": 5532,
            "rate": 90.64586724983728,
            "thresholds": {
                "count>1000": false
            }
        },
        "http_req_blocked": {
            "avg": 0.12572478362255962,
            "min": 0.002395,
            "med": 0.0067735,
            "max": 32.779343,
            "p(90)": 0.01712940000000001,
            "p(95)": 0.02046615
        }
    },
    "root_group": {
        "path": "",
        "id": "d41d8cd98f00b204e9800998ecf8427e",
        "groups": {},
        "checks": {
                "статус 201": {
                    "name": "статус 201",
                    "path": "::статус 201",
                    "id": "c314df9557299c13c0b7848462734a62",
                    "passes": 5532,
                    "fails": 0
                }
            },
        "name": ""
    }
}