{
    "metrics": {
        "data_sent": {
            "count": 983409,
            "rate": 16120.123457029891
        },
        "http_req_duration{expected_response:true}": {
            "avg": 74.52997304182254,
            "min": 8.425838,
            "med": 68.575929,
            "max": 313.008145,
            "p(90)": 130.214304,
            "p(95)": 148.2824814
        },
        "http_req_tls_handshaking": {
            "p(90)": 0,
            "p(95)": 0,
            "avg": 0,
            "min": 0,
            "med": 0,
            "max": 0
        },
        "http_req_sending": {
            "med": 0.038888,
            "max": 25.222068,
            "p(90)": 0.1048918,
            "p(95)": 0.30749609999999705,
            "avg": 0.15122507385655853,
            "min": 0.008596
        },
        "http_req_blocked": {
            "avg": 0.04893228741768991,
            "min": 0.002484,
            "med": 0.009574,
            "max": 14.401993,
            "p(90)": 0.019661399999999996,
            "p(95)": 0.02478
        },
        "checks": {
            "passes": 5619,
            "fails": 0,
            "value": 1
        },
        "iterations": {
            "count": 5619,
            "rate": 92.10712298245284
        },
        "http_req_receiving": {
            "avg": 0.08557014806905132,
            "min": 0.010922,
            "med": 0.049655,
            "max": 6.95978,
            "p(90)": 0.1532218,
            "p(95)": 0.22264929999999988
        },
        "data_received": {
            "count": 516948,
            "rate": 8473.85531438566
        },
        "http_req_waiting": {
            "avg": 74.29317781989678,
            "min": 8.37544,
            "med": 68.394741,
            "max": 312.856875,
            "p(90)": 129.8103472,
            "p(95)": 148.12105159999996
        },
        "http_req_failed": {
            "passes": 0,
            "fails": 5619,
            "thresholds": {
                "rate<0.01": false
            },
            "value": 0
        },
        "http_reqs": {
            "count": 5619,
            "rate": 92.10712298245284,
            "thresholds": {
                "count>1000": false
            }
        },
        "http_req_connecting": {
            "max": 6.443556,
            "p(90)": 0,
            "p(95)": 0,
            "avg": 0.019347337248620755,
            "min": 0,
            "med": 0
        },
        "vus": {
            "value": 14,
            "min": 14,
            "max": 100
        },
        "vus_max": {
            "value": 100,
            "min": 100,
            "max": 100
        },
        "http_req_duration": {
            "p(90)": 130.214304,
            "p(95)": 148.2824814,
            "avg": 74.52997304182254,
            "min": 8.425838,
            "med": 68.575929,
            "max": 313.008145,
            "thresholds": {
                "p(95)<500": false
            }
        },
        "iteration_duration": {
            "min": 1008.873519,
            "med": 1070.158906,
            "max": 1314.621982,
            "p(90)": 1134.1888606,
            "p(95)": 1152.9979894,
            "avg": 1076.901506127423
        }
    },
    "root_group": {
        "checks": {
            "статус 201": {
                "name": "статус 201",
                "path": "::статус 201",
                "id": "c314df9557299c13c0b7848462734a62",
                "passes": 5619,
                "fails": 0
            }
        },
        "name": "",
        "path": "",
        "id": "d41d8cd98f00b204e9800998ecf8427e",
        "groups": {}
    }
}