{
    "metrics": {
        "iteration_duration": {
            "p(95)": 1165.77690585,
            "avg": 1087.1673545057129,
            "min": 1009.395203,
            "med": 1083.4740035,
            "max": 1260.235168,
            "p(90)": 1145.9301864
        },
        "http_req_sending": {
            "p(90)": 0.09648770000000008,
            "p(95)": 0.2874008000000001,
            "avg": 0.15407389285714265,
            "min": 0.008828,
            "med": 0.026377499999999998,
            "max": 66.329382
        },
        "http_req_blocked": {
            "min": 0.00241,
            "med": 0.0067115000000000005,
            "max": 13.423842,
            "p(90)": 0.017694400000000002,
            "p(95)": 0.02159035000000001,
            "avg": 0.028164283571428517
        },
        "http_req_duration{expected_response:true}": {
            "avg": 85.38681627821444,
            "min": 8.89761,
            "med": 81.9990185,
            "max": 259.194763,
            "p(90)": 143.4789638,
            "p(95)": 162.68907250000004
        },
        "vus": {
            "value": 16,
            "min": 16,
            "max": 100
        },
        "http_req_tls_handshaking": {
            "med": 0,
            "max": 0,
            "p(90)": 0,
            "p(95)": 0,
            "avg": 0,
            "min": 0
        },
        "http_req_waiting": {
            "max": 259.129724,
            "p(90)": 142.84619030000002,
            "p(95)": 161.93520075,
            "avg": 85.16138208357141,
            "min": 8.825786,
            "med": 81.836034
        },
        "checks": {
            "passes": 5600,
            "fails": 0,
            "value": 1
        },
        "vus_max": {
            "min": 100,
            "max": 100,
            "value": 100
        },
        "http_req_failed": {
            "passes": 0,
            "fails": 5600,
            "thresholds": {
                "rate<0.01": false
            },
            "value": 0
        },
        "http_reqs": {
            "count": 5600,
            "rate": 91.8254561122618,
            "thresholds": {
                "count>1000": false
            }
        },
        "http_req_receiving": {
            "max": 7.391619,
            "p(90)": 0.11170950000000014,
            "p(95)": 0.20353015000000008,
            "avg": 0.07136030178571429,
            "min": 0.012415,
            "med": 0.0453985
        },
        "iterations": {
            "count": 5600,
            "rate": 91.8254561122618
        },
        "http_req_duration": {
            "avg": 85.38681627821444,
            "min": 8.89761,
            "med": 81.9990185,
            "max": 259.194763,
            "p(90)": 143.4789638,
            "p(95)": 162.68907250000004,
            "thresholds": {
                "p(95)<500": false
            }
        },
        "http_req_connecting": {
            "med": 0,
            "max": 1.994298,
            "p(90)": 0,
            "p(95)": 0,
            "avg": 0.01000567142857143,
            "min": 0
        },
        "data_received": {
            "count": 515200,
            "rate": 8447.941962328086
        },
        "data_sent": {
            "count": 980006,
            "rate": 16069.55320406308
        }
    },
    "root_group": {
        "name": "",
        "path": "",
        "id": "d41d8cd98f00b204e9800998ecf8427e",
        "groups": {},
        "checks": {
                "статус 201": {
                    "id": "c314df9557299c13c0b7848462734a62",
                    "passes": 5600,
                    "fails": 0,
                    "name": "статус 201",
                    "path": "::статус 201"
                }
            }
    }
}