{
    "root_group": {
        "name": "",
        "path": "",
        "id": "d41d8cd98f00b204e9800998ecf8427e",
        "groups": {},
        "checks": {
                "статус 201": {
                    "passes": 5599,
                    "fails": 1,
                    "name": "статус 201",
                    "path": "::статус 201",
                    "id": "c314df9557299c13c0b7848462734a62"
                }
            }
    },
    "metrics": {
        "http_req_duration{expected_response:true}": {
            "med": 65.391124,
            "max": 630.232651,
            "p(90)": 113.5990446,
            "p(95)": 138.04701759999995,
            "avg": 75.23159457528135,
            "min": 9.196232
        },
        "http_req_sending": {
            "avg": 0.08173016017857111,
            "min": 0.008877,
            "med": 0.025992,
            "max": 33.56132,
            "p(90)": 0.07536310000000004,
            "p(95)": 0.17715315000000004
        },
        "iterations": {
            "count": 5600,
            "rate": 91.98879967444641
        },
        "http_req_blocked": {
            "p(95)": 0.020163,
            "avg": 0.04845773964285711,
            "min": 0.002466,
            "med": 0.006618,
            "max": 7.398438,
            "p(90)": 0.014604100000000023
        },
        "data_sent": {
            "rate": 16098.089222742234,
            "count": 980003
        },
        "data_received": {
            "rate": 8466.977653463457,
            "count": 515444
        },
        "http_req_connecting": {
            "min": 0,
            "med": 0,
            "max": 5.018772,
            "p(90)": 0,
            "p(95)": 0,
            "avg": 0.03213007017857144
        },
        "vus_max": {
            "value": 100,
            "min": 100,
            "max": 100
        },
        "iteration_duration": {
            "min": 1010.14681,
            "med": 1066.9860509999999,
            "max": 1633.530768,
            "p(90)": 1114.695325,
            "p(95)": 1139.7844211499998,
            "avg": 1076.5562156103576
        },
        "http_reqs": {
            "count": 5600,
            "rate": 91.98879967444641,
            "thresholds": {
                "count>1000": false
            }
        },
        "vus": {
            "value": 100,
            "min": 100,
            "max": 100
        },
        "http_req_tls_handshaking": {
            "p(95)": 0,
            "avg": 0,
            "min": 0,
            "med": 0,
            "max": 0,
            "p(90)": 0
        },
        "http_req_duration": {
            "med": 65.3991495,
            "max": 630.232651,
            "p(90)": 113.62305090000001,
            "p(95)": 138.16898885000003,
            "avg": 75.26769118125004,
            "min": 9.196232,
            "thresholds": {
                "p(95)<500": false
            }
        },
        "http_req_receiving": {
            "min": 0.012964,
            "med": 0.0502555,
            "max": 2.644471,
            "p(90)": 0.1222347,
            "p(95)": 0.21206515000000015,
            "avg": 0.0765563912500002
        },
        "http_req_failed": {
            "fails": 5599,
            "passes": 1,
            "thresholds": {
                "rate<0.01": false
            },
            "value": 0.00017857142857142857
        },
        "http_req_waiting": {
            "min": 9.124068,
            "med": 65.25218899999999,
            "max": 629.697581,
            "p(90)": 113.424306,
            "p(95)": 138.08216545000002,
            "avg": 75.10940462982148
        },
        "checks": {
            "fails": 1,
            "passes": 5599,
            "value": 0.9998214285714285
        }
    }
}