{
    "root_group": {
        "path": "",
        "id": "d41d8cd98f00b204e9800998ecf8427e",
        "groups": {},
        "checks": {
                "статус 200": {
                    "name": "статус 200",
                    "path": "::статус 200",
                    "id": "63fd587a2004924fac2f18b343720cda",
                    "passes": 5834,
                    "fails": 0
                },
                "ответ не пустой": {
                    "id": "1c568cf298ad7d73e64d124a4ad0618f",
                    "passes": 5834,
                    "fails": 0,
                    "name": "ответ не пустой",
                    "path": "::ответ не пустой"
                }
            },
        "name": ""
    },
    "metrics": {
        "http_req_failed": {
            "passes": 0,
            "fails": 5834,
            "thresholds": {
                "rate<0.01": false
            },
            "value": 0
        },
        "http_req_blocked": {
            "min": 0.002698,
            "med": 0.007046500000000001,
            "max": 90.470948,
            "p(90)": 0.010375699999999998,
            "p(95)": 0.014042699999999977,
            "avg": 0.04978151559821752
        },
        "http_req_waiting": {
            "min": 9.666194,
            "med": 23.444656000000002,
            "max": 426.593905,
            "p(90)": 46.793876999999995,
            "p(95)": 72.75619274999994,
            "avg": 33.562710475488636
        },
        "vus": {
            "value": 100,
            "min": 100,
            "max": 100
        },
        "iteration_duration": {
            "avg": 1034.8093029057266,
            "min": 1010.359307,
            "med": 1024.525608,
            "max": 1450.958623,
            "p(90)": 1048.2687742,
            "p(95)": 1074.0764044499997
        },
        "http_req_receiving": {
            "max": 9.374907,
            "p(90)": 0.19377489999999997,
            "p(95)": 0.32351989999999947,
            "avg": 0.13466330373671598,
            "min": 0.029581,
            "med": 0.0957555
        },
        "iterations": {
            "rate": 95.73904790812287,
            "count": 5834
        },
        "vus_max": {
            "value": 100,
            "min": 100,
            "max": 100
        },
        "http_reqs": {
            "rate": 95.73904790812287,
            "count": 5834,
            "thresholds": {
                "count>1000": false
            }
        },
        "http_req_connecting": {
            "med": 0,
            "max": 90.397437,
            "p(90)": 0,
            "p(95)": 0,
            "avg": 0.03212432841960918,
            "min": 0
        },
        "checks": {
            "passes": 11668,
            "fails": 0,
            "value": 1
        },
        "http_req_duration": {
            "med": 23.5958115,
            "max": 426.751812,
            "p(90)": 47.041439399999994,
            "p(95)": 73.09296209999988,
            "avg": 33.733862778196745,
            "min": 9.772618,
            "thresholds": {
                "p(95)<300": false
            }
        },
        "http_req_tls_handshaking": {
            "avg": 0,
            "min": 0,
            "med": 0,
            "max": 0,
            "p(90)": 0,
            "p(95)": 0
        },
        "data_received": {
            "count": 37647727,
            "rate": 617819.255893886
        },
        "data_sent": {
            "count": 611887,
            "rate": 10041.391636502842
        },
        "http_req_duration{expected_response:true}": {
            "med": 23.5958115,
            "max": 426.751812,
            "p(90)": 47.041439399999994,
            "p(95)": 73.09296209999988,
            "avg": 33.733862778196745,
            "min": 9.772618
        },
        "http_req_sending": {
            "avg": 0.03648899897154617,
            "min": 0.008601,
            "med": 0.021811999999999998,
            "max": 15.685832,
            "p(90)": 0.036261499999999995,
            "p(95)": 0.04950084999999997
        }
    }
}