{
    "metrics": {
        "http_reqs": {
            "count": 5852,
            "rate": 95.89660142173848,
            "thresholds": {
                "count>1000": false
            }
        },
        "vus": {
            "value": 12,
            "min": 12,
            "max": 100
        },
        "iterations": {
            "count": 5852,
            "rate": 95.89660142173848
        },
        "http_req_duration{expected_response:true}": {
            "avg": 31.830985664046494,
            "min": 9.99368,
            "med": 23.0554535,
            "max": 399.031772,
            "p(90)": 42.5003579,
            "p(95)": 61.036619299999934
        },
        "vus_max": {
            "value": 100,
            "min": 100,
            "max": 100
        },
        "http_req_blocked": {
            "avg": 0.10591381869446304,
            "min": 0.003009,
            "med": 0.007062499999999999,
            "max": 80.635552,
            "p(90)": 0.010433600000000003,
            "p(95)": 0.015001199999999998
        },
        "http_req_sending": {
            "min": 0.008684,
            "med": 0.0216295,
            "max": 86.71156,
            "p(90)": 0.03650700000000003,
            "p(95)": 0.05176345,
            "avg": 0.06071237987012989
        },
        "iteration_duration": {
            "avg": 1032.8951442088178,
            "min": 1010.260833,
            "med": 1024.0058804999999,
            "max": 1404.311917,
            "p(90)": 1043.5077689,
            "p(95)": 1062.12364925
        },
        "http_req_receiving": {
            "avg": 0.13660847522214664,
            "min": 0.028897,
            "med": 0.095504,
            "max": 6.084161,
            "p(90)": 0.19642900000000013,
            "p(95)": 0.31132364999999984
        },
        "http_req_connecting": {
            "max": 80.564695,
            "p(90)": 0,
            "p(95)": 0,
            "avg": 0.09315130382775122,
            "min": 0,
            "med": 0
        },
        "checks": {
            "passes": 11704,
            "fails": 0,
            "value": 1
        },
        "data_received": {
            "count": 37748665,
            "rate": 618586.5826568233
        },
        "data_sent": {
            "count": 613845,
            "rate": 10059.06515716457
        },
        "http_req_waiting": {
            "avg": 31.63366480895442,
            "min": 9.899637,
            "med": 22.884399000000002,
            "max": 398.772365,
            "p(90)": 42.12856410000004,
            "p(95)": 60.816348399999974
        },
        "http_req_tls_handshaking": {
            "med": 0,
            "max": 0,
            "p(90)": 0,
            "p(95)": 0,
            "avg": 0,
            "min": 0
        },
        "http_req_failed": {
            "passes": 0,
            "fails": 5852,
            "thresholds": {
                "rate<0.01": false
            },
            "value": 0
        },
        "http_req_duration": {
            "avg": 31.830985664046494,
            "min": 9.99368,
            "med": 23.0554535,
            "max": 399.031772,
            "p(90)": 42.5003579,
            "p(95)": 61.036619299999934,
            "thresholds": {
                "p(95)<300": false
            }
        }
    },
    "root_group": {
        "groups": {},
        "checks": {
                "статус 200": {
                    "name": "статус 200",
                    "path": "::статус 200",
                    "id": "63fd587a2004924fac2f18b343720cda",
                    "passes": 5852,
                    "fails": 0
                },
                "ответ не пустой": {
                    "name": "ответ не пустой",
                    "path": "::ответ не пустой",
                    "id": "1c568cf298ad7d73e64d124a4ad0618f",
                    "passes": 5852,
                    "fails": 0
                }
            },
        "name": "",
        "path": "",
        "id": "d41d8cd98f00b204e9800998ecf8427e"
    }
}