{
    "root_group": {
        "name": "",
        "path": "",
        "id": "d41d8cd98f00b204e9800998ecf8427e",
        "groups": {},
        "checks": {
                "статус 200": {
                    "fails": 0,
                    "name": "статус 200",
                    "path": "::статус 200",
                    "id": "63fd587a2004924fac2f18b343720cda",
                    "passes": 5838
                },
                "ответ не пустой": {
                    "name": "ответ не пустой",
                    "path": "::ответ не пустой",
                    "id": "1c568cf298ad7d73e64d124a4ad0618f",
                    "passes": 5838,
                    "fails": 0
                }
            }
    },
    "metrics": {
        "http_req_duration{expected_response:true}": {
            "min": 9.859348,
            "med": 25.426305499999998,
            "max": 502.023557,
            "p(90)": 58.800684000000004,
            "p(95)": 89.77384194999993,
            "avg": 37.68197423072974
        },
        "http_req_sending": {
            "max": 9.085074,
            "p(90)": 0.0395247,
            "p(95)": 0.054384949999999994,
            "avg": 0.03243338420692016,
            "min": 0.008873,
            "med": 0.0216515
        },
        "http_req_tls_handshaking": {
            "p(90)": 0,
            "p(95)": 0,
            "avg": 0,
            "min": 0,
            "med": 0,
            "max": 0
        },
        "http_req_failed": {
            "passes": 0,
            "fails": 5838,
            "thresholds": {
                "rate<0.01": false
            },
            "value": 0
        },
        "http_req_waiting": {
            "p(95)": 89.69862904999994,
            "avg": 37.499699478759695,
            "min": 9.76804,
            "med": 25.275567,
            "max": 498.294271,
            "p(90)": 58.61575270000001
        },
        "http_req_blocked": {
            "avg": 0.056247481843096796,
            "min": 0.002857,
            "med": 0.007078,
            "max": 32.037013,
            "p(90)": 0.011541299999999999,
            "p(95)": 0.015507799999999997
        },
        "data_received": {
            "count": 37637134,
            "rate": 616707.123431891
        },
        "iteration_duration": {
            "avg": 1038.751577084445,
            "min": 1010.226069,
            "med": 1026.388465,
            "max": 1505.613147,
            "p(90)": 1060.0669573,
            "p(95)": 1091.0181939
        },
        "checks": {
            "fails": 0,
            "passes": 11676,
            "value": 1
        },
        "http_req_receiving": {
            "max": 23.483622,
            "p(90)": 0.2062373,
            "p(95)": 0.3536815499999996,
            "avg": 0.1498413677629327,
            "min": 0.029849,
            "med": 0.095551
        },
        "vus": {
            "min": 22,
            "max": 100,
            "value": 22
        },
        "data_sent": {
            "rate": 10034.13343618577,
            "count": 612375
        },
        "http_req_duration": {
            "avg": 37.68197423072974,
            "min": 9.859348,
            "med": 25.426305499999998,
            "max": 502.023557,
            "p(90)": 58.800684000000004,
            "p(95)": 89.77384194999993,
            "thresholds": {
                "p(95)<300": false
            }
        },
        "iterations": {
            "count": 5838,
            "rate": 95.65914839837113
        },
        "http_req_connecting": {
            "avg": 0.017700477218225423,
            "min": 0,
            "med": 0,
            "max": 30.507639,
            "p(90)": 0,
            "p(95)": 0
        },
        "vus_max": {
            "value": 100,
            "min": 100,
            "max": 100
        },
        "http_reqs": {
            "count": 5838,
            "rate": 95.65914839837113,
            "thresholds": {
                "count>1000": false
            }
        }
    }
}