{
    "metrics": {
        "http_req_receiving": {
            "p(90)": 0.23883830000000003,
            "p(95)": 0.37596034999999983,
            "avg": 0.15766258580801082,
            "min": 0.030742,
            "med": 0.09723699999999999,
            "max": 44.503965
        },
        "vus_max": {
            "max": 100,
            "value": 100,
            "min": 100
        },
        "http_req_tls_handshaking": {
            "min": 0,
            "med": 0,
            "max": 0,
            "p(90)": 0,
            "p(95)": 0,
            "avg": 0
        },
        "data_sent": {
            "count": 607544,
            "rate": 9957.43378343505
        },
        "http_req_sending": {
            "p(90)": 0.0437163,
            "p(95)": 0.0643161999999999,
            "avg": 0.03806926519337012,
            "min": 0.008839,
            "med": 0.0219075,
            "max": 3.879265
        },
        "checks": {
            "passes": 11584,
            "fails": 0,
            "value": 1
        },
        "vus": {
            "max": 100,
            "value": 11,
            "min": 11
        },
        "iterations": {
            "rate": 94.92885531526244,
            "count": 5792
        },
        "http_req_waiting": {
            "p(90)": 77.18244140000003,
            "p(95)": 104.91648304999998,
            "avg": 42.53940344319745,
            "min": 9.91177,
            "med": 29.075948,
            "max": 421.1345
        },
        "http_reqs": {
            "count": 5792,
            "rate": 94.92885531526244,
            "thresholds": {
                "count>1000": false
            }
        },
        "http_req_duration{expected_response:true}": {
            "p(90)": 77.57500930000006,
            "p(95)": 105.48006459999998,
            "avg": 42.73513529419884,
            "min": 10.012987,
            "med": 29.2622705,
            "max": 421.382561
        },
        "http_req_blocked": {
            "avg": 0.07133087931629827,
            "min": 0.002748,
            "med": 0.007448,
            "max": 9.787053,
            "p(90)": 0.013366,
            "p(95)": 0.016916149999999994
        },
        "data_received": {
            "count": 37349584,
            "rate": 612146.6256252143
        },
        "http_req_failed": {
            "passes": 0,
            "fails": 5792,
            "thresholds": {
                "rate<0.01": false
            },
            "value": 0
        },
        "http_req_connecting": {
            "avg": 0.05455297047651934,
            "min": 0,
            "med": 0,
            "max": 6.215429,
            "p(90)": 0,
            "p(95)": 0
        },
        "http_req_duration": {
            "min": 10.012987,
            "med": 29.2622705,
            "max": 421.382561,
            "p(90)": 77.57500930000006,
            "p(95)": 105.48006459999998,
            "avg": 42.73513529419884,
            "thresholds": {
                "p(95)<300": false
            }
        },
        "iteration_duration": {
            "p(90)": 1078.8347682,
            "p(95)": 1107.0592437,
            "avg": 1043.9393260927113,
            "min": 1010.392087,
            "med": 1030.306034,
            "max": 1426.889074
        }
    },
    "root_group": {
        "name": "",
        "path": "",
        "id": "d41d8cd98f00b204e9800998ecf8427e",
        "groups": {},
        "checks": {
                "статус 200": {
                    "name": "статус 200",
                    "path": "::статус 200",
                    "id": "63fd587a2004924fac2f18b343720cda",
                    "passes": 5792,
                    "fails": 0
                },
                "ответ не пустой": {
                    "name": "ответ не пустой",
                    "path": "::ответ не пустой",
                    "id": "1c568cf298ad7d73e64d124a4ad0618f",
                    "passes": 5792,
                    "fails": 0
                }
            }
    }
}