{
    "root_group": {
        "checks": {
            "статус 200": {
                "name": "статус 200",
                "path": "::статус 200",
                "id": "63fd587a2004924fac2f18b343720cda",
                "passes": 5829,
                "fails": 0
            },
            "ответ не пустой": {
                "name": "ответ не пустой",
                "path": "::ответ не пустой",
                "id": "1c568cf298ad7d73e64d124a4ad0618f",
                "passes": 5829,
                "fails": 0
            }
        },
        "name": "",
        "path": "",
        "id": "d41d8cd98f00b204e9800998ecf8427e",
        "groups": {}
    },
    "metrics": {
        "http_req_waiting": {
            "med": 24.018459,
            "max": 404.788621,
            "p(90)": 52.8374766,
            "p(95)": 111.88835819999996,
            "avg": 37.012025438497204,
            "min": 9.599529
        },
        "vus": {
            "max": 100,
            "value": 5,
            "min": 5
        },
        "http_reqs": {
            "rate": 95.53549480384339,
            "count": 5829,
            "thresholds": {
                "count>1000": false
            }
        },
        "http_req_connecting": {
            "avg": 0.005974989706639219,
            "min": 0,
            "med": 0,
            "max": 3.131421,
            "p(90)": 0,
            "p(95)": 0
        },
        "http_req_receiving": {
            "avg": 0.14090757797220813,
            "min": 0.026879,
            "med": 0.095795,
            "max": 13.475365,
            "p(90)": 0.19545259999999992,
            "p(95)": 0.3162021999999998
        },
        "iterations": {
            "count": 5829,
            "rate": 95.53549480384339
        },
        "http_req_tls_handshaking": {
            "p(90)": 0,
            "p(95)": 0,
            "avg": 0,
            "min": 0,
            "med": 0,
            "max": 0
        },
        "vus_max": {
            "value": 100,
            "min": 100,
            "max": 100
        },
        "http_req_duration": {
            "avg": 37.18184303962942,
            "min": 9.682548,
            "med": 24.164129,
            "max": 404.911786,
            "p(90)": 53.12343879999999,
            "p(95)": 111.99336559999996,
            "thresholds": {
                "p(95)<300": false
            }
        },
        "http_req_sending": {
            "p(95)": 0.04595979999999989,
            "avg": 0.028910023160061745,
            "min": 0.008405,
            "med": 0.021042,
            "max": 7.067719,
            "p(90)": 0.035691799999999996
        },
        "http_req_duration{expected_response:true}": {
            "max": 404.911786,
            "p(90)": 53.12343879999999,
            "p(95)": 111.99336559999996,
            "avg": 37.18184303962942,
            "min": 9.682548,
            "med": 24.164129
        },
        "data_sent": {
            "count": 611419,
            "rate": 10020.967009344848
        },
        "iteration_duration": {
            "min": 1010.519817,
            "med": 1025.055263,
            "max": 1407.245083,
            "p(90)": 1054.104785,
            "p(95)": 1113.1865671999997,
            "avg": 1038.215125829643
        },
        "http_req_blocked": {
            "min": 0.002699,
            "med": 0.006965,
            "max": 3.181767,
            "p(90)": 0.010334399999999999,
            "p(95)": 0.014131,
            "avg": 0.016383166237776574
        },
        "data_received": {
            "count": 37606440,
            "rate": 616357.8406606704
        },
        "http_req_failed": {
            "fails": 5829,
            "passes": 0,
            "thresholds": {
                "rate<0.01": false
            },
            "value": 0
        },
        "checks": {
            "passes": 11658,
            "fails": 0,
            "value": 1
        }
    }
}