{
    "root_group": {
        "name": "",
        "path": "",
        "id": "d41d8cd98f00b204e9800998ecf8427e",
        "groups": {},
        "checks": {
                "статус 200": {
                    "id": "63fd587a2004924fac2f18b343720cda",
                    "passes": 5835,
                    "fails": 0,
                    "name": "статус 200",
                    "path": "::статус 200"
                },
                "ответ не пустой": {
                    "name": "ответ не пустой",
                    "path": "::ответ не пустой",
                    "id": "1c568cf298ad7d73e64d124a4ad0618f",
                    "passes": 5835,
                    "fails": 0
                }
            }
    },
    "metrics": {
        "vus": {
            "value": 7,
            "min": 7,
            "max": 100
        },
        "checks": {
            "passes": 11670,
            "fails": 0,
            "value": 1
        },
        "http_req_blocked": {
            "avg": 0.037119307797771985,
            "min": 0.002185,
            "med": 0.007064,
            "max": 4.698593,
            "p(90)": 0.010949200000000001,
            "p(95)": 0.015343600000000004
        },
        "http_req_waiting": {
            "max": 406.427305,
            "p(90)": 48.48288060000001,
            "p(95)": 65.63635630000005,
            "avg": 33.85709396383899,
            "min": 10.002005,
            "med": 25.255026
        },
        "http_reqs": {
            "count": 5835,
            "rate": 95.62913969348496,
            "thresholds": {
                "count>1000": false
            }
        },
        "http_req_duration": {
            "p(90)": 48.80861180000001,
            "p(95)": 65.9660769,
            "avg": 34.03021166512427,
            "min": 10.110415,
            "med": 25.470579,
            "max": 406.82548,
            "thresholds": {
                "p(95)<300": false
            }
        },
        "http_req_failed": {
            "fails": 5835,
            "passes": 0,
            "thresholds": {
                "rate<0.01": false
            },
            "value": 0
        },
        "http_req_tls_handshaking": {
            "avg": 0,
            "min": 0,
            "med": 0,
            "max": 0,
            "p(90)": 0,
            "p(95)": 0
        },
        "http_req_receiving": {
            "max": 5.390392,
            "p(90)": 0.21530720000000012,
            "p(95)": 0.3588581000000001,
            "avg": 0.14033531122536377,
            "min": 0.029711,
            "med": 0.095551
        },
        "iterations": {
            "count": 5835,
            "rate": 95.62913969348496
        },
        "vus_max": {
            "max": 100,
            "value": 100,
            "min": 100
        },
        "data_received": {
            "count": 37679681,
            "rate": 617527.931097678
        },
        "iteration_duration": {
            "p(90)": 1050.1007184,
            "p(95)": 1067.2533341,
            "avg": 1035.0269578049686,
            "min": 1010.612835,
            "med": 1026.370344,
            "max": 1407.526079
        },
        "http_req_duration{expected_response:true}": {
            "p(95)": 65.9660769,
            "avg": 34.03021166512427,
            "min": 10.110415,
            "med": 25.470579,
            "max": 406.82548,
            "p(90)": 48.80861180000001
        },
        "http_req_sending": {
            "p(95)": 0.05395910000000004,
            "avg": 0.03278239005998298,
            "min": 0.006633,
            "med": 0.021389,
            "max": 7.84511,
            "p(90)": 0.03898020000000003
        },
        "http_req_connecting": {
            "avg": 0.023103969323050554,
            "min": 0,
            "med": 0,
            "max": 4.192528,
            "p(90)": 0,
            "p(95)": 0
        },
        "data_sent": {
            "count": 611985,
            "rate": 10029.751337672218
        }
    }
}