{
    "root_group": {
        "name": "",
        "path": "",
        "id": "d41d8cd98f00b204e9800998ecf8427e",
        "groups": {},
        "checks": {
                "статус 201": {
                    "name": "статус 201",
                    "path": "::статус 201",
                    "id": "c314df9557299c13c0b7848462734a62",
                    "passes": 5866,
                    "fails": 0
                }
            }
    },
    "metrics": {
        "http_reqs": {
            "rate": 96.20894069109835,
            "count": 5866,
            "thresholds": {
                "count>1000": false
            }
        },
        "http_req_tls_handshaking": {
            "avg": 0,
            "min": 0,
            "med": 0,
            "max": 0,
            "p(90)": 0,
            "p(95)": 0
        },
        "http_req_duration{expected_response:true}": {
            "min": 11.582288,
            "med": 25.006808499999998,
            "max": 410.810698,
            "p(90)": 49.7104725,
            "p(95)": 73.946161,
            "avg": 33.10596191442199
        },
        "http_req_sending": {
            "med": 0.018272999999999998,
            "max": 3.707679,
            "p(90)": 0.027549999999999998,
            "p(95)": 0.032602000000000006,
            "avg": 0.02539102966246163,
            "min": 0.003346
        },
        "data_received": {
            "count": 539672,
            "rate": 8851.222543581049
        },
        "http_req_waiting": {
            "med": 24.9310045,
            "max": 410.718575,
            "p(90)": 49.651337,
            "p(95)": 73.899893,
            "avg": 33.036241216161066,
            "min": 11.536173
        },
        "iteration_duration": {
            "p(95)": 1074.33774025,
            "avg": 1033.899333852027,
            "min": 1012.102222,
            "med": 1025.8228749999998,
            "max": 1411.350551,
            "p(90)": 1050.54312
        },
        "http_req_blocked": {
            "p(95)": 0.00896975,
            "avg": 0.01287257313331061,
            "min": 0.000961,
            "med": 0.004996,
            "max": 1.802713,
            "p(90)": 0.00737
        },
        "iterations": {
            "count": 5866,
            "rate": 96.20894069109835
        },
        "http_req_connecting": {
            "avg": 0.005723039890896693,
            "min": 0,
            "med": 0,
            "max": 1.382513,
            "p(90)": 0,
            "p(95)": 0
        },
        "http_req_duration": {
            "p(95)": 73.946161,
            "avg": 33.10596191442199,
            "min": 11.582288,
            "med": 25.006808499999998,
            "max": 410.810698,
            "p(90)": 49.7104725,
            "thresholds": {
                "p(95)<500": false
            }
        },
        "checks": {
            "passes": 5866,
            "fails": 0,
            "value": 1
        },
        "vus": {
            "value": 100,
            "min": 100,
            "max": 100
        },
        "http_req_failed": {
            "passes": 0,
            "fails": 5866,
            "thresholds": {
                "rate<0.01": false
            },
            "value": 0
        },
        "vus_max": {
            "value": 100,
            "min": 100,
            "max": 100
        },
        "data_sent": {
            "count": 997975,
            "rate": 16367.902759324732
        },
        "http_req_receiving": {
            "min": 0.00572,
            "med": 0.0391405,
            "max": 1.392954,
            "p(90)": 0.06501,
            "p(95)": 0.078046,
            "avg": 0.044329668598704464
        }
    }
}