{
    "root_group": {
        "name": "",
        "path": "",
        "id": "d41d8cd98f00b204e9800998ecf8427e",
        "groups": {},
        "checks": {
                "статус 201": {
                    "id": "c314df9557299c13c0b7848462734a62",
                    "passes": 5810,
                    "fails": 0,
                    "name": "статус 201",
                    "path": "::статус 201"
                }
            }
    },
    "metrics": {
        "http_reqs": {
            "count": 5810,
            "rate": 95.46005039883157,
            "thresholds": {
                "count>1000": false
            }
        },
        "http_req_waiting": {
            "avg": 37.78775451445784,
            "min": 12.559167,
            "med": 24.439081,
            "max": 364.564514,
            "p(90)": 67.3938423,
            "p(95)": 117.75784545000002
        },
        "iterations": {
            "count": 5810,
            "rate": 95.46005039883157
        },
        "http_req_receiving": {
            "avg": 0.04479678519793466,
            "min": 0.004774,
            "med": 0.041299,
            "max": 4.319618,
            "p(90)": 0.0649195,
            "p(95)": 0.07753610000000001
        },
        "http_req_duration{expected_response:true}": {
            "min": 12.612951,
            "med": 24.5021225,
            "max": 365.161605,
            "p(90)": 67.5268532,
            "p(95)": 117.84905075,
            "avg": 37.85807353166954
        },
        "http_req_connecting": {
            "avg": 0.01366947022375215,
            "min": 0,
            "med": 0,
            "max": 2.621519,
            "p(90)": 0,
            "p(95)": 0
        },
        "vus": {
            "max": 100,
            "value": 100,
            "min": 100
        },
        "iteration_duration": {
            "avg": 1038.7436569843394,
            "min": 1013.062377,
            "med": 1025.2205905,
            "max": 1365.802323,
            "p(90)": 1069.7119119,
            "p(95)": 1118.9589813
        },
        "http_req_duration": {
            "avg": 37.85807353166954,
            "min": 12.612951,
            "med": 24.5021225,
            "max": 365.161605,
            "p(90)": 67.5268532,
            "p(95)": 117.84905075,
            "thresholds": {
                "p(95)<500": false
            }
        },
        "vus_max": {
            "value": 100,
            "min": 100,
            "max": 100
        },
        "data_received": {
            "count": 534520,
            "rate": 8782.324636692503
        },
        "data_sent": {
            "count": 988004,
            "rate": 16233.203379388498
        },
        "http_req_tls_handshaking": {
            "min": 0,
            "med": 0,
            "max": 0,
            "p(90)": 0,
            "p(95)": 0,
            "avg": 0
        },
        "checks": {
            "passes": 5810,
            "fails": 0,
            "value": 1
        },
        "http_req_failed": {
            "passes": 0,
            "fails": 5810,
            "thresholds": {
                "rate<0.01": false
            },
            "value": 0
        },
        "http_req_sending": {
            "avg": 0.025522232013769405,
            "min": 0.003156,
            "med": 0.018604000000000002,
            "max": 4.996297,
            "p(90)": 0.028257200000000003,
            "p(95)": 0.034043800000000006
        },
        "http_req_blocked": {
            "avg": 0.021681625989672996,
            "min": 0.001039,
            "med": 0.005143,
            "max": 2.733159,
            "p(90)": 0.0077412,
            "p(95)": 0.009362950000000002
        }
    }
}