{
    "root_group": {
        "name": "",
        "path": "",
        "id": "d41d8cd98f00b204e9800998ecf8427e",
        "groups": {},
        "checks": {
                "статус 201": {
                    "name": "статус 201",
                    "path": "::статус 201",
                    "id": "c314df9557299c13c0b7848462734a62",
                    "passes": 5900,
                    "fails": 0
                }
            }
    },
    "metrics": {
        "http_req_duration": {
            "p(95)": 42.85235735000001,
            "avg": 25.27942402254245,
            "min": 10.94868,
            "med": 19.6193175,
            "max": 199.097196,
            "p(90)": 33.687675000000006,
            "thresholds": {
                "p(95)<500": false
            }
        },
        "http_req_sending": {
            "p(90)": 0.02266200000000001,
            "p(95)": 0.02739185000000001,
            "avg": 0.018524286779660986,
            "min": 0.002578,
            "med": 0.0148285,
            "max": 1.133337
        },
        "data_received": {
            "count": 542800,
            "rate": 8937.03309375748
        },
        "iterations": {
            "count": 5900,
            "rate": 97.1416640625813
        },
        "http_req_waiting": {
            "min": 10.901708,
            "med": 19.567932,
            "max": 198.923579,
            "p(90)": 33.608196400000004,
            "p(95)": 42.79192455000002,
            "avg": 25.225281819491432
        },
        "vus": {
            "value": 100,
            "min": 100,
            "max": 100
        },
        "http_req_failed": {
            "passes": 0,
            "fails": 5900,
            "thresholds": {
                "rate<0.01": false
            },
            "value": 0
        },
        "vus_max": {
            "value": 100,
            "min": 100,
            "max": 100
        },
        "http_req_blocked": {
            "avg": 0.007864647288135596,
            "min": 0.000904,
            "med": 0.004128,
            "max": 1.38707,
            "p(90)": 0.006083400000000001,
            "p(95)": 0.007286250000000001
        },
        "iteration_duration": {
            "min": 1011.312858,
            "med": 1020.317702,
            "max": 1201.439453,
            "p(90)": 1034.3601254999999,
            "p(95)": 1043.4223729999999,
            "avg": 1026.0131328686473
        },
        "http_req_tls_handshaking": {
            "max": 0,
            "p(90)": 0,
            "p(95)": 0,
            "avg": 0,
            "min": 0,
            "med": 0
        },
        "http_req_receiving": {
            "avg": 0.0356179162711865,
            "min": 0.004975,
            "med": 0.0308875,
            "max": 1.054131,
            "p(90)": 0.052495400000000005,
            "p(95)": 0.06334925000000001
        },
        "http_req_duration{expected_response:true}": {
            "avg": 25.27942402254245,
            "min": 10.94868,
            "med": 19.6193175,
            "max": 199.097196,
            "p(90)": 33.687675000000006,
            "p(95)": 42.85235735000001
        },
        "http_req_connecting": {
            "p(95)": 0,
            "avg": 0.002546963050847456,
            "min": 0,
            "med": 0,
            "max": 0.659794,
            "p(90)": 0
        },
        "checks": {
            "passes": 5900,
            "fails": 0,
            "value": 1
        },
        "http_reqs": {
            "count": 5900,
            "rate": 97.1416640625813,
            "thresholds": {
                "count>1000": false
            }
        },
        "data_sent": {
            "count": 1003474,
            "rate": 16521.887153141473
        }
    }
}