{
    "metrics": {
        "iteration_duration": {
            "p(95)": 1096.7795955000001,
            "avg": 1044.7128866840362,
            "min": 1011.987506,
            "med": 1032.4180405,
            "max": 1440.368189,
            "p(90)": 1072.1580785
        },
        "http_req_connecting": {
            "p(90)": 0,
            "p(95)": 0,
            "avg": 0.007590872229916899,
            "min": 0,
            "med": 0,
            "max": 1.142342
        },
        "iterations": {
            "count": 5776,
            "rate": 94.96672260608078
        },
        "http_req_duration{expected_response:true}": {
            "avg": 43.83907056855953,
            "min": 11.453431,
            "med": 31.6485335,
            "max": 439.950631,
            "p(90)": 71.1224675,
            "p(95)": 92.70733924999999
        },
        "http_req_blocked": {
            "p(90)": 0.0072975,
            "p(95)": 0.008953000000000001,
            "avg": 0.01402836513157902,
            "min": 0.001087,
            "med": 0.0048415,
            "max": 1.782515
        },
        "http_req_waiting": {
            "avg": 43.77466820948752,
            "min": 11.374856,
            "med": 31.537959999999998,
            "max": 439.918583,
            "p(90)": 71.0187195,
            "p(95)": 92.66230825000001
        },
        "vus_max": {
            "value": 100,
            "min": 100,
            "max": 100
        },
        "http_req_sending": {
            "max": 0.956088,
            "p(90)": 0.0269695,
            "p(95)": 0.03291925,
            "avg": 0.020730190270083094,
            "min": 0.003029,
            "med": 0.0172845
        },
        "http_req_tls_handshaking": {
            "p(95)": 0,
            "avg": 0,
            "min": 0,
            "med": 0,
            "max": 0,
            "p(90)": 0
        },
        "data_sent": {
            "count": 982556,
            "rate": 16154.799705148944
        },
        "data_received": {
            "count": 531392,
            "rate": 8736.938479759432
        },
        "checks": {
            "passes": 5776,
            "fails": 0,
            "value": 1
        },
        "http_req_failed": {
            "passes": 0,
            "fails": 5776,
            "thresholds": {
                "rate<0.01": false
            },
            "value": 0
        },
        "http_req_receiving": {
            "avg": 0.04367216880193904,
            "min": 0.006055,
            "med": 0.0376275,
            "max": 1.61051,
            "p(90)": 0.0656395,
            "p(95)": 0.08113075
        },
        "vus": {
            "value": 100,
            "min": 100,
            "max": 100
        },
        "http_req_duration": {
            "min": 11.453431,
            "med": 31.6485335,
            "max": 439.950631,
            "p(90)": 71.1224675,
            "p(95)": 92.70733924999999,
            "avg": 43.83907056855953,
            "thresholds": {
                "p(95)<500": false
            }
        },
        "http_reqs": {
            "rate": 94.96672260608078,
            "count": 5776,
            "thresholds": {
                "count>1000": false
            }
        }
    },
    "root_group": {
        "path": "",
        "id": "d41d8cd98f00b204e9800998ecf8427e",
        "groups": {},
        "checks": {
                "статус 201": {
                    "name": "статус 201",
                    "path": "::статус 201",
                    "id": "c314df9557299c13c0b7848462734a62",
                    "passes": 5776,
                    "fails": 0
                }
            },
        "name": ""
    }
}