{
    "root_group": {
        "id": "d41d8cd98f00b204e9800998ecf8427e",
        "groups": {},
        "checks": {
                "статус 201": {
                    "id": "c314df9557299c13c0b7848462734a62",
                    "passes": 5900,
                    "fails": 0,
                    "name": "статус 201",
                    "path": "::статус 201"
                }
            },
        "name": "",
        "path": ""
    },
    "metrics": {
        "http_req_sending": {
            "max": 1.516999,
            "p(90)": 0.0249229,
            "p(95)": 0.0311872,
            "avg": 0.02075896288135588,
            "min": 0.003094,
            "med": 0.0159265
        },
        "iterations": {
            "count": 5900,
            "rate": 96.91650445643312
        },
        "http_req_failed": {
            "passes": 0,
            "fails": 5900,
            "thresholds": {
                "rate<0.01": false
            },
            "value": 0
        },
        "http_req_tls_handshaking": {
            "med": 0,
            "max": 0,
            "p(90)": 0,
            "p(95)": 0,
            "avg": 0,
            "min": 0
        },
        "http_req_receiving": {
            "avg": 0.038516342881355914,
            "min": 0.005008,
            "med": 0.0357065,
            "max": 1.363445,
            "p(90)": 0.057525700000000006,
            "p(95)": 0.06912430000000001
        },
        "http_reqs": {
            "count": 5900,
            "rate": 96.91650445643312,
            "thresholds": {
                "count>1000": false
            }
        },
        "data_received": {
            "count": 542800,
            "rate": 8916.318409991847
        },
        "http_req_duration": {
            "avg": 26.377128788813533,
            "min": 10.265311,
            "med": 19.322568500000003,
            "max": 169.129587,
            "p(90)": 42.303933300000004,
            "p(95)": 78.87629345000003,
            "thresholds": {
                "p(95)<500": false
            }
        },
        "vus": {
            "min": 100,
            "max": 100,
            "value": 100
        },
        "data_sent": {
            "count": 1003570,
            "rate": 16485.16887751569
        },
        "http_req_blocked": {
            "max": 1.805793,
            "p(90)": 0.006880700000000003,
            "p(95)": 0.008675150000000001,
            "avg": 0.013108502542372913,
            "min": 0.001152,
            "med": 0.004397
        },
        "checks": {
            "passes": 5900,
            "fails": 0,
            "value": 1
        },
        "http_req_duration{expected_response:true}": {
            "min": 10.265311,
            "med": 19.322568500000003,
            "max": 169.129587,
            "p(90)": 42.303933300000004,
            "p(95)": 78.87629345000003,
            "avg": 26.377128788813533
        },
        "http_req_waiting": {
            "p(90)": 42.2643513,
            "p(95)": 78.79241650000002,
            "avg": 26.317853483050886,
            "min": 10.205861,
            "med": 19.2682465,
            "max": 169.102197
        },
        "iteration_duration": {
            "p(90)": 1043.0941034999998,
            "p(95)": 1084.1667461,
            "avg": 1027.1684815574583,
            "min": 1010.957305,
            "med": 1020.0144645,
            "max": 1169.718595
        },
        "vus_max": {
            "value": 100,
            "min": 100,
            "max": 100
        },
        "http_req_connecting": {
            "avg": 0.005216987457627118,
            "min": 0,
            "med": 0,
            "max": 1.139469,
            "p(90)": 0,
            "p(95)": 0
        }
    }
}