{
    "metrics": {
        "http_req_duration": {
            "p(95)": 99.73206164999932,
            "avg": 42.670270956085744,
            "min": 10.926201,
            "med": 27.603189999999998,
            "max": 352.492597,
            "p(90)": 75.7934472999999,
            "thresholds": {
                "p(95)<500": false
            }
        },
        "http_req_receiving": {
            "avg": 0.04739707295988949,
            "min": 0.005703,
            "med": 0.039379,
            "max": 5.118178,
            "p(90)": 0.06911439999999999,
            "p(95)": 0.08601654999999998
        },
        "vus_max": {
            "value": 100,
            "min": 100,
            "max": 100
        },
        "http_req_failed": {
            "passes": 0,
            "fails": 5784,
            "thresholds": {
                "rate<0.01": false
            },
            "value": 0
        },
        "iteration_duration": {
            "avg": 1043.5376564049118,
            "min": 1011.287554,
            "med": 1028.5438225,
            "max": 1353.368871,
            "p(90)": 1076.6051674,
            "p(95)": 1100.7595498499995
        },
        "vus": {
            "value": 100,
            "min": 100,
            "max": 100
        },
        "iterations": {
            "count": 5784,
            "rate": 94.904697521925
        },
        "checks": {
            "fails": 0,
            "passes": 5784,
            "value": 1
        },
        "http_reqs": {
            "rate": 94.904697521925,
            "count": 5784,
            "thresholds": {
                "count>1000": false
            }
        },
        "data_received": {
            "count": 532128,
            "rate": 8731.2321720171
        },
        "http_req_tls_handshaking": {
            "avg": 0,
            "min": 0,
            "med": 0,
            "max": 0,
            "p(90)": 0,
            "p(95)": 0
        },
        "http_req_duration{expected_response:true}": {
            "avg": 42.670270956085744,
            "min": 10.926201,
            "med": 27.603189999999998,
            "max": 352.492597,
            "p(90)": 75.7934472999999,
            "p(95)": 99.73206164999932
        },
        "http_req_blocked": {
            "max": 1.273923,
            "p(90)": 0.007625399999999999,
            "p(95)": 0.009256799999999996,
            "avg": 0.01012756846473027,
            "min": 0.001074,
            "med": 0.0049125
        },
        "http_req_connecting": {
            "p(90)": 0,
            "p(95)": 0,
            "avg": 0.0027241521438450896,
            "min": 0,
            "med": 0,
            "max": 0.584826
        },
        "http_req_sending": {
            "p(90)": 0.028570999999999996,
            "p(95)": 0.035493799999999985,
            "avg": 0.023412382434301535,
            "min": 0.003035,
            "med": 0.017795,
            "max": 6.010002
        },
        "data_sent": {
            "count": 983815,
            "rate": 16142.576935085175
        },
        "http_req_waiting": {
            "min": 10.872676,
            "med": 27.540784000000002,
            "max": 352.382342,
            "p(90)": 75.58760339999995,
            "p(95)": 99.68783154999933,
            "avg": 42.59946150069152
        }
    },
    "root_group": {
        "name": "",
        "path": "",
        "id": "d41d8cd98f00b204e9800998ecf8427e",
        "groups": {},
        "checks": {
                "статус 201": {
                    "id": "c314df9557299c13c0b7848462734a62",
                    "passes": 5784,
                    "fails": 0,
                    "name": "статус 201",
                    "path": "::статус 201"
                }
            }
    }
}