{
    "metrics": {
        "data_sent": {
            "count": 997193,
            "rate": 16379.913916887263
        },
        "data_received": {
            "rate": 8858.619239237507,
            "count": 539304
        },
        "http_req_duration": {
            "p(90)": 41.488755800000014,
            "p(95)": 97.97828014999999,
            "avg": 29.444568950699455,
            "min": 11.300745,
            "med": 21.3461745,
            "max": 224.544807,
            "thresholds": {
                "p(95)<500": false
            }
        },
        "http_req_waiting": {
            "min": 11.238775,
            "med": 21.275708,
            "max": 224.452945,
            "p(90)": 41.38721680000005,
            "p(95)": 97.89411859999998,
            "avg": 29.378572135107603
        },
        "http_req_blocked": {
            "p(90)": 0.007399400000000004,
            "p(95)": 0.008920899999999999,
            "avg": 0.00950239969293753,
            "min": 0.001174,
            "med": 0.005085,
            "max": 1.418188
        },
        "http_req_sending": {
            "avg": 0.021873579836233357,
            "min": 0.003247,
            "med": 0.018533,
            "max": 2.162417,
            "p(90)": 0.027894300000000018,
            "p(95)": 0.033195
        },
        "vus_max": {
            "value": 100,
            "min": 100,
            "max": 100
        },
        "http_req_failed": {
            "passes": 0,
            "fails": 5862,
            "thresholds": {
                "rate<0.01": false
            },
            "value": 0
        },
        "http_reqs": {
            "count": 5862,
            "rate": 96.28933955692943,
            "thresholds": {
                "count>1000": false
            }
        },
        "http_req_tls_handshaking": {
            "min": 0,
            "med": 0,
            "max": 0,
            "p(90)": 0,
            "p(95)": 0,
            "avg": 0
        },
        "checks": {
            "passes": 5862,
            "fails": 0,
            "value": 1
        },
        "iteration_duration": {
            "avg": 1030.2226222615088,
            "min": 1011.788019,
            "med": 1022.091475,
            "max": 1225.871225,
            "p(90)": 1042.3614684000001,
            "p(95)": 1099.5026738999998
        },
        "iterations": {
            "count": 5862,
            "rate": 96.28933955692943
        },
        "http_req_receiving": {
            "med": 0.042484999999999995,
            "max": 0.561775,
            "p(90)": 0.06389800000000011,
            "p(95)": 0.07456285,
            "avg": 0.044123235755714814,
            "min": 0.005378
        },
        "http_req_duration{expected_response:true}": {
            "med": 21.3461745,
            "max": 224.544807,
            "p(90)": 41.488755800000014,
            "p(95)": 97.97828014999999,
            "avg": 29.444568950699455,
            "min": 11.300745
        },
        "http_req_connecting": {
            "p(95)": 0,
            "avg": 0.0030720109177755045,
            "min": 0,
            "med": 0,
            "max": 1.35677,
            "p(90)": 0
        },
        "vus": {
            "value": 100,
            "min": 100,
            "max": 100
        }
    },
    "root_group": {
        "checks": {
            "статус 201": {
                "id": "c314df9557299c13c0b7848462734a62",
                "passes": 5862,
                "fails": 0,
                "name": "статус 201",
                "path": "::статус 201"
            }
        },
        "name": "",
        "path": "",
        "id": "d41d8cd98f00b204e9800998ecf8427e",
        "groups": {}
    }
}