{
    "root_group": {
        "name": "",
        "path": "",
        "id": "d41d8cd98f00b204e9800998ecf8427e",
        "groups": {},
        "checks": {
                "статус 201": {
                    "path": "::статус 201",
                    "id": "c314df9557299c13c0b7848462734a62",
                    "passes": 5790,
                    "fails": 0,
                    "name": "статус 201"
                }
            }
    },
    "metrics": {
        "http_req_failed": {
            "passes": 0,
            "fails": 5790,
            "thresholds": {
                "rate<0.01": false
            },
            "value": 0
        },
        "iteration_duration": {
            "avg": 1042.7215580214163,
            "min": 1009.397142,
            "med": 1024.4599165,
            "max": 1524.6262,
            "p(90)": 1072.0345824000003,
            "p(95)": 1162.7404970999999
        },
        "iterations": {
            "count": 5790,
            "rate": 95.41155631162127
        },
        "data_sent": {
            "count": 984959,
            "rate": 16230.824022994502
        },
        "http_req_sending": {
            "min": 0.002761,
            "med": 0.015345999999999999,
            "max": 1.0617,
            "p(90)": 0.027362,
            "p(95)": 0.03606890000000003,
            "avg": 0.020608137823834267
        },
        "vus_max": {
            "value": 100,
            "min": 100,
            "max": 100
        },
        "vus": {
            "value": 100,
            "min": 100,
            "max": 100
        },
        "http_reqs": {
            "rate": 95.41155631162127,
            "count": 5790,
            "thresholds": {
                "count>1000": false
            }
        },
        "http_req_blocked": {
            "avg": 0.022388629360967235,
            "min": 0.000988,
            "med": 0.004170500000000001,
            "max": 1.789489,
            "p(90)": 0.0070681,
            "p(95)": 0.008890250000000002
        },
        "checks": {
            "passes": 5790,
            "fails": 0,
            "value": 1
        },
        "http_req_receiving": {
            "p(90)": 0.0576223,
            "p(95)": 0.07174720000000001,
            "avg": 0.03632400207253885,
            "min": 0.004288,
            "med": 0.0299415,
            "max": 1.180386
        },
        "data_received": {
            "rate": 8777.863180669157,
            "count": 532680
        },
        "http_req_duration": {
            "min": 8.772549,
            "med": 23.7443275,
            "max": 522.747429,
            "p(90)": 70.84120400000039,
            "p(95)": 161.94817035,
            "avg": 41.91581937392041,
            "thresholds": {
                "p(95)<500": false
            }
        },
        "http_req_connecting": {
            "avg": 0.01686097841105354,
            "min": 0,
            "med": 0,
            "max": 1.764773,
            "p(90)": 0,
            "p(95)": 0
        },
        "http_req_waiting": {
            "avg": 41.858887234024095,
            "min": 8.711907,
            "med": 23.680723,
            "max": 522.723728,
            "p(90)": 70.7826640000004,
            "p(95)": 161.8829747
        },
        "http_req_duration{expected_response:true}": {
            "p(90)": 70.84120400000039,
            "p(95)": 161.94817035,
            "avg": 41.91581937392041,
            "min": 8.772549,
            "med": 23.7443275,
            "max": 522.747429
        },
        "http_req_tls_handshaking": {
            "p(95)": 0,
            "avg": 0,
            "min": 0,
            "med": 0,
            "max": 0,
            "p(90)": 0
        }
    }
}