{
    "metrics": {
        "http_req_duration{expected_response:true}": {
            "med": 24.288439,
            "max": 441.820596,
            "p(90)": 63.55523020000001,
            "p(95)": 117.25284119999976,
            "avg": 37.56057781315462,
            "min": 12.029439
        },
        "http_req_connecting": {
            "p(95)": 0,
            "avg": 0.009740514854885803,
            "min": 0,
            "med": 0,
            "max": 1.433059,
            "p(90)": 0
        },
        "http_req_failed": {
            "passes": 0,
            "fails": 5823,
            "thresholds": {
                "rate<0.01": false
            },
            "value": 0
        },
        "data_sent": {
            "rate": 16236.137772430136,
            "count": 990424
        },
        "data_received": {
            "rate": 8782.055748745166,
            "count": 535716
        },
        "http_req_tls_handshaking": {
            "avg": 0,
            "min": 0,
            "med": 0,
            "max": 0,
            "p(90)": 0,
            "p(95)": 0
        },
        "iteration_duration": {
            "p(90)": 1064.1233468,
            "p(95)": 1117.4299420999998,
            "avg": 1038.3377133359102,
            "min": 1012.80213,
            "med": 1025.147241,
            "max": 1442.286172
        },
        "http_reqs": {
            "count": 5823,
            "rate": 95.45712770375181,
            "thresholds": {
                "count>1000": false
            }
        },
        "http_req_sending": {
            "avg": 0.02164324849733814,
            "min": 0.003064,
            "med": 0.018689,
            "max": 1.798359,
            "p(90)": 0.027954200000000005,
            "p(95)": 0.0341707
        },
        "iterations": {
            "count": 5823,
            "rate": 95.45712770375181
        },
        "http_req_waiting": {
            "avg": 37.4949951360124,
            "min": 11.96543,
            "med": 24.231371,
            "max": 441.796221,
            "p(90)": 63.49741940000001,
            "p(95)": 117.22392879999975
        },
        "checks": {
            "passes": 5823,
            "fails": 0,
            "value": 1
        },
        "http_req_receiving": {
            "avg": 0.043939428645028214,
            "min": 0.004965,
            "med": 0.040902,
            "max": 1.536216,
            "p(90)": 0.06510200000000002,
            "p(95)": 0.0774622
        },
        "vus": {
            "value": 2,
            "min": 2,
            "max": 100
        },
        "http_req_duration": {
            "avg": 37.56057781315462,
            "min": 12.029439,
            "med": 24.288439,
            "max": 441.820596,
            "p(90)": 63.55523020000001,
            "p(95)": 117.25284119999976,
            "thresholds": {
                "p(95)<500": false
            }
        },
        "http_req_blocked": {
            "med": 0.005043,
            "max": 1.679947,
            "p(90)": 0.007295000000000001,
            "p(95)": 0.008916199999999997,
            "avg": 0.016158724368881997,
            "min": 0.001166
        },
        "vus_max": {
            "max": 100,
            "value": 100,
            "min": 100
        }
    },
    "root_group": {
        "path": "",
        "id": "d41d8cd98f00b204e9800998ecf8427e",
        "groups": {},
        "checks": {
                "статус 201": {
                    "name": "статус 201",
                    "path": "::статус 201",
                    "id": "c314df9557299c13c0b7848462734a62",
                    "passes": 5823,
                    "fails": 0
                }
            },
        "name": ""
    }
}