{
    "root_group": {
        "name": "",
        "path": "",
        "id": "d41d8cd98f00b204e9800998ecf8427e",
        "groups": {},
        "checks": {
                "статус 201": {
                    "name": "статус 201",
                    "path": "::статус 201",
                    "id": "c314df9557299c13c0b7848462734a62",
                    "passes": 5870,
                    "fails": 0
                }
            }
    },
    "metrics": {
        "http_req_sending": {
            "max": 4.306173,
            "p(90)": 0.0221362,
            "p(95)": 0.025475,
            "avg": 0.0348781257240205,
            "min": 0.002389,
            "med": 0.0137795
        },
        "http_req_receiving": {
            "avg": 0.03443151839863716,
            "min": 0.004589,
            "med": 0.027542999999999998,
            "max": 1.658487,
            "p(90)": 0.053389800000000015,
            "p(95)": 0.06462070000000002
        },
        "vus": {
            "value": 9,
            "min": 9,
            "max": 100
        },
        "vus_max": {
            "max": 100,
            "value": 100,
            "min": 100
        },
        "http_req_duration{expected_response:true}": {
            "p(90)": 51.907508400000026,
            "p(95)": 78.31099050000002,
            "avg": 31.167752578534934,
            "min": 11.580924,
            "med": 22.5551015,
            "max": 350.636673
        },
        "iterations": {
            "rate": 96.20739572013176,
            "count": 5870
        },
        "http_req_duration": {
            "avg": 31.167752578534934,
            "min": 11.580924,
            "med": 22.5551015,
            "max": 350.636673,
            "p(90)": 51.907508400000026,
            "p(95)": 78.31099050000002,
            "thresholds": {
                "p(95)<500": false
            }
        },
        "http_req_blocked": {
            "p(95)": 0.007061250000000006,
            "avg": 0.02769528057921641,
            "min": 0.00096,
            "med": 0.0040254999999999996,
            "max": 4.612829,
            "p(90)": 0.005956200000000001
        },
        "iteration_duration": {
            "avg": 1031.9584125139688,
            "min": 1012.295915,
            "med": 1023.2726865,
            "max": 1352.36526,
            "p(90)": 1052.3289417,
            "p(95)": 1079.8634745
        },
        "data_sent": {
            "count": 998360,
            "rate": 16362.796523194334
        },
        "data_received": {
            "count": 540040,
            "rate": 8851.080406252122
        },
        "http_reqs": {
            "count": 5870,
            "rate": 96.20739572013176,
            "thresholds": {
                "count>1000": false
            }
        },
        "http_req_connecting": {
            "med": 0,
            "max": 0.985974,
            "p(90)": 0,
            "p(95)": 0,
            "avg": 0.0032901068143100514,
            "min": 0
        },
        "checks": {
            "passes": 5870,
            "fails": 0,
            "value": 1
        },
        "http_req_failed": {
            "passes": 0,
            "fails": 5870,
            "thresholds": {
                "rate<0.01": false
            },
            "value": 0
        },
        "http_req_tls_handshaking": {
            "p(95)": 0,
            "avg": 0,
            "min": 0,
            "med": 0,
            "max": 0,
            "p(90)": 0
        },
        "http_req_waiting": {
            "p(90)": 51.09017590000009,
            "p(95)": 77.36277445000002,
            "avg": 31.09844293441234,
            "min": 11.541786,
            "med": 22.491591,
            "max": 350.604458
        }
    }
}