{
    "root_group": {
        "name": "",
        "path": "",
        "id": "d41d8cd98f00b204e9800998ecf8427e",
        "groups": {},
        "checks": {
                "📦 статус 201": {
                    "name": "📦 статус 201",
                    "path": "::📦 статус 201",
                    "id": "70a1e9b1e2064741c325237b51506fdc",
                    "passes": 5900,
                    "fails": 0
                }
            }
    },
    "metrics": {
        "http_req_blocked": {
            "avg": 0.025483625762711976,
            "min": 0.001045,
            "med": 0.0062065,
            "max": 4.485723,
            "p(90)": 0.008495100000000002,
            "p(95)": 0.00965305
        },
        "http_reqs": {
            "count": 5900,
            "rate": 97.37929441526421
        },
        "http_req_tls_handshaking": {
            "avg": 0,
            "min": 0,
            "med": 0,
            "max": 0,
            "p(90)": 0,
            "p(95)": 0
        },
        "iterations": {
            "count": 5900,
            "rate": 97.37929441526421
        },
        "http_req_duration{expected_response:true}": {
            "p(95)": 62.559176500000014,
            "avg": 24.293454481694923,
            "min": 4.451102,
            "med": 15.561919,
            "max": 356.221202,
            "p(90)": 34.97717590000001
        },
        "http_req_connecting": {
            "max": 4.430461,
            "p(90)": 0,
            "p(95)": 0,
            "avg": 0.01683917694915254,
            "min": 0,
            "med": 0
        },
        "http_req_waiting": {
            "avg": 24.21428834406776,
            "min": 4.410134,
            "med": 15.4857115,
            "max": 356.15018,
            "p(90)": 34.917667200000004,
            "p(95)": 62.48901140000001
        },
        "http_req_sending": {
            "avg": 0.029570959491525422,
            "min": 0.002882,
            "med": 0.0239125,
            "max": 1.534601,
            "p(90)": 0.03481150000000001,
            "p(95)": 0.04011390000000001
        },
        "http_req_duration": {
            "min": 4.451102,
            "med": 15.561919,
            "max": 356.221202,
            "p(90)": 34.97717590000001,
            "p(95)": 62.559176500000014,
            "avg": 24.293454481694923,
            "thresholds": {
                "p(95)<300": false
            }
        },
        "http_req_failed": {
            "passes": 0,
            "fails": 5900,
            "thresholds": {
                "rate<0.01": false
            },
            "value": 0
        },
        "iteration_duration": {
            "p(90)": 1035.6891875000001,
            "p(95)": 1063.53309775,
            "avg": 1025.0007417396598,
            "min": 1004.696224,
            "med": 1016.251597,
            "max": 1356.697504
        },
        "http_req_receiving": {
            "avg": 0.04959517813559322,
            "min": 0.005512,
            "med": 0.049037,
            "max": 0.465589,
            "p(90)": 0.07511860000000001,
            "p(95)": 0.08272225000000001
        },
        "vus_max": {
            "value": 100,
            "min": 100,
            "max": 100
        },
        "data_sent": {
            "count": 1796165,
            "rate": 29645.64073786323
        },
        "checks": {
            "passes": 5900,
            "fails": 0,
            "value": 1
        },
        "vus": {
            "value": 100,
            "min": 100,
            "max": 100
        },
        "data_received": {
            "count": 885000,
            "rate": 14606.894162289633
        }
    }
}