{
    "root_group": {
        "checks": {
            "📦 статус 201": {
                "name": "📦 статус 201",
                "path": "::📦 статус 201",
                "id": "70a1e9b1e2064741c325237b51506fdc",
                "passes": 5900,
                "fails": 0
            }
        },
        "name": "",
        "path": "",
        "id": "d41d8cd98f00b204e9800998ecf8427e",
        "groups": {}
    },
    "metrics": {
        "http_req_blocked": {
            "p(90)": 0.008455200000000001,
            "p(95)": 0.009471350000000002,
            "avg": 0.020341982033898438,
            "min": 0.001257,
            "med": 0.006275,
            "max": 3.544911
        },
        "http_req_failed": {
            "fails": 5900,
            "passes": 0,
            "thresholds": {
                "rate<0.01": false
            },
            "value": 0
        },
        "vus": {
            "max": 100,
            "value": 100,
            "min": 100
        },
        "data_received": {
            "count": 885000,
            "rate": 14698.68876434535
        },
        "http_req_duration": {
            "max": 164.062069,
            "p(90)": 28.442364700000002,
            "p(95)": 35.13127810000002,
            "avg": 18.17545968389831,
            "min": 4.561766,
            "med": 14.7189575,
            "thresholds": {
                "p(95)<300": false
            }
        },
        "http_req_waiting": {
            "p(90)": 28.335887800000013,
            "p(95)": 35.06067320000002,
            "avg": 18.093513554915305,
            "min": 4.520625,
            "med": 14.6423185,
            "max": 163.645936
        },
        "checks": {
            "fails": 0,
            "passes": 5900,
            "value": 1
        },
        "http_req_sending": {
            "med": 0.02461,
            "max": 1.62391,
            "p(90)": 0.0351678,
            "p(95)": 0.0408275,
            "avg": 0.0320441047457627,
            "min": 0.002959
        },
        "data_sent": {
            "rate": 29736.609978421497,
            "count": 1790425
        },
        "http_req_tls_handshaking": {
            "min": 0,
            "med": 0,
            "max": 0,
            "p(90)": 0,
            "p(95)": 0,
            "avg": 0
        },
        "iteration_duration": {
            "avg": 1018.8689454998284,
            "min": 1004.910296,
            "med": 1015.4575825,
            "max": 1165.295086,
            "p(90)": 1029.1104947000001,
            "p(95)": 1035.7704738000002
        },
        "http_reqs": {
            "count": 5900,
            "rate": 97.991258428969
        },
        "http_req_connecting": {
            "avg": 0.011967685762711863,
            "min": 0,
            "med": 0,
            "max": 2.639732,
            "p(90)": 0,
            "p(95)": 0
        },
        "http_req_duration{expected_response:true}": {
            "p(90)": 28.442364700000002,
            "p(95)": 35.13127810000002,
            "avg": 18.17545968389831,
            "min": 4.561766,
            "med": 14.7189575,
            "max": 164.062069
        },
        "iterations": {
            "count": 5900,
            "rate": 97.991258428969
        },
        "http_req_receiving": {
            "avg": 0.04990202423728804,
            "min": 0.005462,
            "med": 0.049095,
            "max": 0.616053,
            "p(90)": 0.07384800000000002,
            "p(95)": 0.08264825
        },
        "vus_max": {
            "value": 100,
            "min": 100,
            "max": 100
        }
    }
}