{
    "root_group": {
        "checks": {
            "📦 статус 201": {
                "name": "📦 статус 201",
                "path": "::📦 статус 201",
                "id": "70a1e9b1e2064741c325237b51506fdc",
                "passes": 5900,
                "fails": 0
            }
        },
        "name": "",
        "path": "",
        "id": "d41d8cd98f00b204e9800998ecf8427e",
        "groups": {}
    },
    "metrics": {
        "http_req_connecting": {
            "p(90)": 0,
            "p(95)": 0,
            "avg": 0.01189030644067797,
            "min": 0,
            "med": 0,
            "max": 2.461897
        },
        "checks": {
            "passes": 5900,
            "fails": 0,
            "value": 1
        },
        "http_reqs": {
            "count": 5900,
            "rate": 97.26412321062172
        },
        "iteration_duration": {
            "max": 1408.613057,
            "p(90)": 1035.0855649,
            "p(95)": 1051.0043013,
            "avg": 1022.8423758044048,
            "min": 1004.669162,
            "med": 1014.8653345
        },
        "http_req_duration{expected_response:true}": {
            "avg": 22.161883146440704,
            "min": 4.46905,
            "med": 14.167821,
            "max": 407.519395,
            "p(90)": 34.3832408,
            "p(95)": 50.15346710000002
        },
        "http_req_sending": {
            "med": 0.020482,
            "max": 2.644246,
            "p(90)": 0.034271300000000005,
            "p(95)": 0.0397212,
            "avg": 0.02502267203389831,
            "min": 0.003112
        },
        "http_req_receiving": {
            "min": 0.005376,
            "med": 0.0428505,
            "max": 0.451932,
            "p(90)": 0.0731672,
            "p(95)": 0.08218075000000001,
            "avg": 0.04469644949152528
        },
        "iterations": {
            "count": 5900,
            "rate": 97.26412321062172
        },
        "http_req_blocked": {
            "p(90)": 0.0083101,
            "p(95)": 0.0093331,
            "avg": 0.019333363559322088,
            "min": 0.001057,
            "med": 0.005284,
            "max": 3.864637
        },
        "http_req_waiting": {
            "med": 14.116184,
            "max": 407.459246,
            "p(90)": 34.29400340000001,
            "p(95)": 50.106818300000015,
            "avg": 22.092164024915196,
            "min": 4.428501
        },
        "http_req_failed": {
            "passes": 0,
            "fails": 5900,
            "thresholds": {
                "rate<0.01": false
            },
            "value": 0
        },
        "vus_max": {
            "min": 100,
            "max": 100,
            "value": 100
        },
        "data_sent": {
            "count": 1790547,
            "rate": 29517.96339362866
        },
        "http_req_tls_handshaking": {
            "med": 0,
            "max": 0,
            "p(90)": 0,
            "p(95)": 0,
            "avg": 0,
            "min": 0
        },
        "vus": {
            "value": 100,
            "min": 100,
            "max": 100
        },
        "data_received": {
            "count": 885000,
            "rate": 14589.61848159326
        },
        "http_req_duration": {
            "avg": 22.161883146440704,
            "min": 4.46905,
            "med": 14.167821,
            "max": 407.519395,
            "p(90)": 34.3832408,
            "p(95)": 50.15346710000002,
            "thresholds": {
                "p(95)<300": false
            }
        }
    }
}