{
    "metrics": {
        "vus_max": {
            "value": 100,
            "min": 100,
            "max": 100
        },
        "http_req_failed": {
            "passes": 0,
            "fails": 5933,
            "thresholds": {
                "rate<0.01": false
            },
            "value": 0
        },
        "http_reqs": {
            "count": 5933,
            "rate": 97.25114792422139,
            "thresholds": {
                "count>1000": false
            }
        },
        "http_req_blocked": {
            "avg": 0.013201439575257,
            "min": 0.001091,
            "med": 0.005429,
            "max": 1.516324,
            "p(90)": 0.0088286,
            "p(95)": 0.010211599999999998
        },
        "http_req_sending": {
            "p(95)": 0.030856799999999997,
            "avg": 0.019115500252823166,
            "min": 0.002702,
            "med": 0.01532,
            "max": 0.998445,
            "p(90)": 0.026489200000000004
        },
        "http_req_waiting": {
            "avg": 18.801540335243512,
            "min": 5.521062,
            "med": 13.130299,
            "max": 208.297445,
            "p(90)": 27.424871400000022,
            "p(95)": 65.81438179999998
        },
        "http_req_duration": {
            "med": 13.249893,
            "max": 208.429344,
            "p(90)": 27.560534000000004,
            "p(95)": 66.22393039999974,
            "avg": 18.90371102797907,
            "min": 5.576732,
            "thresholds": {
                "p(95)<300": false
            }
        },
        "http_req_duration{expected_response:true}": {
            "p(90)": 27.560534000000004,
            "p(95)": 66.22393039999974,
            "avg": 18.90371102797907,
            "min": 5.576732,
            "med": 13.249893,
            "max": 208.429344
        },
        "http_req_tls_handshaking": {
            "max": 0,
            "p(90)": 0,
            "p(95)": 0,
            "avg": 0,
            "min": 0,
            "med": 0
        },
        "iteration_duration": {
            "avg": 1019.6579322966443,
            "min": 1005.855691,
            "med": 1013.971722,
            "max": 1211.253887,
            "p(90)": 1028.2151664,
            "p(95)": 1067.5281916
        },
        "iterations": {
            "count": 5933,
            "rate": 97.25114792422139
        },
        "http_req_receiving": {
            "avg": 0.08305519248272401,
            "min": 0.010096,
            "med": 0.067664,
            "max": 7.029089,
            "p(90)": 0.11968300000000001,
            "p(95)": 0.1422774
        },
        "data_sent": {
            "count": 622308,
            "rate": 10200.60127463785
        },
        "data_received": {
            "rate": 882862.0173717166,
            "count": 53860756
        },
        "checks": {
            "passes": 11866,
            "fails": 0,
            "value": 1
        },
        "http_req_connecting": {
            "min": 0,
            "med": 0,
            "max": 1.213295,
            "p(90)": 0,
            "p(95)": 0,
            "avg": 0.0050079182538344865
        },
        "vus": {
            "value": 6,
            "min": 6,
            "max": 100
        }
    },
    "root_group": {
        "name": "",
        "path": "",
        "id": "d41d8cd98f00b204e9800998ecf8427e",
        "groups": {},
        "checks": {
                "статус 200": {
                    "name": "статус 200",
                    "path": "::статус 200",
                    "id": "63fd587a2004924fac2f18b343720cda",
                    "passes": 5933,
                    "fails": 0
                },
                "ответ не пустой": {
                    "passes": 5933,
                    "fails": 0,
                    "name": "ответ не пустой",
                    "path": "::ответ не пустой",
                    "id": "1c568cf298ad7d73e64d124a4ad0618f"
                }
            }
    }
}