{
    "root_group": {
        "name": "",
        "path": "",
        "id": "d41d8cd98f00b204e9800998ecf8427e",
        "groups": {},
        "checks": {
                "статус 200": {
                    "name": "статус 200",
                    "path": "::статус 200",
                    "id": "63fd587a2004924fac2f18b343720cda",
                    "passes": 5911,
                    "fails": 0
                },
                "ответ не пустой": {
                    "id": "1c568cf298ad7d73e64d124a4ad0618f",
                    "passes": 5911,
                    "fails": 0,
                    "name": "ответ не пустой",
                    "path": "::ответ не пустой"
                }
            }
    },
    "metrics": {
        "iterations": {
            "count": 5911,
            "rate": 96.88875143285603
        },
        "http_req_receiving": {
            "p(90)": 0.11875,
            "p(95)": 0.1419435,
            "avg": 0.07654021316190168,
            "min": 0.009022,
            "med": 0.064487,
            "max": 2.355783
        },
        "vus_max": {
            "value": 100,
            "min": 100,
            "max": 100
        },
        "data_received": {
            "count": 53682242,
            "rate": 879919.709270246
        },
        "http_req_waiting": {
            "p(95)": 41.197153,
            "avg": 18.230758801218087,
            "min": 5.308841,
            "med": 11.99083,
            "max": 194.535863,
            "p(90)": 26.597517
        },
        "vus": {
            "value": 3,
            "min": 3,
            "max": 100
        },
        "http_req_blocked": {
            "p(95)": 0.0102415,
            "avg": 0.014109737946202015,
            "min": 0.001058,
            "med": 0.005013,
            "max": 3.936771,
            "p(90)": 0.008741
        },
        "http_req_tls_handshaking": {
            "avg": 0,
            "min": 0,
            "med": 0,
            "max": 0,
            "p(90)": 0,
            "p(95)": 0
        },
        "checks": {
            "passes": 11822,
            "fails": 0,
            "value": 1
        },
        "http_req_failed": {
            "passes": 0,
            "fails": 5911,
            "thresholds": {
                "rate<0.01": false
            },
            "value": 0
        },
        "data_sent": {
            "count": 619925,
            "rate": 10161.353278973655
        },
        "http_req_duration{expected_response:true}": {
            "avg": 18.326928095077008,
            "min": 5.353179,
            "med": 12.092236,
            "max": 194.736263,
            "p(90)": 26.800917,
            "p(95)": 41.316519
        },
        "http_req_connecting": {
            "avg": 0.004855594146506515,
            "min": 0,
            "med": 0,
            "max": 1.295355,
            "p(90)": 0,
            "p(95)": 0
        },
        "http_req_duration": {
            "avg": 18.326928095077008,
            "min": 5.353179,
            "med": 12.092236,
            "max": 194.736263,
            "p(90)": 26.800917,
            "p(95)": 41.316519,
            "thresholds": {
                "p(95)<300": false
            }
        },
        "http_reqs": {
            "count": 5911,
            "rate": 96.88875143285603,
            "thresholds": {
                "count>1000": false
            }
        },
        "http_req_sending": {
            "min": 0.00259,
            "med": 0.014588,
            "max": 0.919121,
            "p(90)": 0.026659,
            "p(95)": 0.031837000000000004,
            "avg": 0.01962908069700566
        },
        "iteration_duration": {
            "med": 1012.784593,
            "max": 1196.372782,
            "p(90)": 1027.351956,
            "p(95)": 1042.157166,
            "avg": 1019.0507480106612,
            "min": 1005.979781
        }
    }
}