{
    "root_group": {
        "checks": {
            "статус 200": {
                "name": "статус 200",
                "path": "::статус 200",
                "id": "63fd587a2004924fac2f18b343720cda",
                "passes": 5924,
                "fails": 0
            },
            "ответ не пустой": {
                "name": "ответ не пустой",
                "path": "::ответ не пустой",
                "id": "1c568cf298ad7d73e64d124a4ad0618f",
                "passes": 5924,
                "fails": 0
            }
        },
        "name": "",
        "path": "",
        "id": "d41d8cd98f00b204e9800998ecf8427e",
        "groups": {}
    },
    "metrics": {
        "iterations": {
            "count": 5924,
            "rate": 97.14884917020409
        },
        "vus": {
            "max": 100,
            "value": 100,
            "min": 100
        },
        "data_sent": {
            "count": 621324,
            "rate": 10189.215321037793
        },
        "http_req_duration": {
            "med": 13.012647,
            "max": 235.460466,
            "p(90)": 32.387851999999995,
            "p(95)": 59.525022599999545,
            "avg": 19.44134999848071,
            "min": 5.475843,
            "thresholds": {
                "p(95)<300": false
            }
        },
        "vus_max": {
            "value": 100,
            "min": 100,
            "max": 100
        },
        "http_req_failed": {
            "passes": 0,
            "fails": 5924,
            "thresholds": {
                "rate<0.01": false
            },
            "value": 0
        },
        "iteration_duration": {
            "p(90)": 1032.9654623,
            "p(95)": 1060.8616762499998,
            "avg": 1020.1855102061119,
            "min": 1005.802816,
            "med": 1013.7272290000001,
            "max": 1235.94841
        },
        "http_req_receiving": {
            "p(90)": 0.1121071,
            "p(95)": 0.13614089999999993,
            "avg": 0.07966500371370697,
            "min": 0.011407,
            "med": 0.063265,
            "max": 6.628352
        },
        "http_reqs": {
            "count": 5924,
            "rate": 97.14884917020409,
            "thresholds": {
                "count>1000": false
            }
        },
        "http_req_blocked": {
            "p(95)": 0.009697699999999998,
            "avg": 0.01198201215395003,
            "min": 0.000913,
            "med": 0.004909,
            "max": 0.957243,
            "p(90)": 0.0084847
        },
        "http_req_tls_handshaking": {
            "avg": 0,
            "min": 0,
            "med": 0,
            "max": 0,
            "p(90)": 0,
            "p(95)": 0
        },
        "http_req_duration{expected_response:true}": {
            "min": 5.475843,
            "med": 13.012647,
            "max": 235.460466,
            "p(90)": 32.387851999999995,
            "p(95)": 59.525022599999545,
            "avg": 19.44134999848071
        },
        "data_received": {
            "count": 53885323,
            "rate": 883676.0831557612
        },
        "http_req_connecting": {
            "max": 0.925208,
            "p(90)": 0,
            "p(95)": 0,
            "avg": 0.00532766796083727,
            "min": 0,
            "med": 0
        },
        "http_req_sending": {
            "p(95)": 0.02988874999999998,
            "avg": 0.019099180283592195,
            "min": 0.002258,
            "med": 0.014202,
            "max": 1.794141,
            "p(90)": 0.025743499999999996
        },
        "checks": {
            "passes": 11848,
            "fails": 0,
            "value": 1
        },
        "http_req_waiting": {
            "min": 5.427071,
            "med": 12.928089499999999,
            "max": 235.406701,
            "p(90)": 32.023767799999995,
            "p(95)": 59.385170999999566,
            "avg": 19.34258581448342
        }
    }
}