{
    "root_group": {
        "name": "",
        "path": "",
        "id": "d41d8cd98f00b204e9800998ecf8427e",
        "groups": {},
        "checks": {
                "статус 200": {
                    "passes": 5947,
                    "fails": 0,
                    "name": "статус 200",
                    "path": "::статус 200",
                    "id": "63fd587a2004924fac2f18b343720cda"
                },
                "ответ не пустой": {
                    "name": "ответ не пустой",
                    "path": "::ответ не пустой",
                    "id": "1c568cf298ad7d73e64d124a4ad0618f",
                    "passes": 5947,
                    "fails": 0
                }
            }
    },
    "metrics": {
        "http_req_tls_handshaking": {
            "max": 0,
            "p(90)": 0,
            "p(95)": 0,
            "avg": 0,
            "min": 0,
            "med": 0
        },
        "vus": {
            "value": 7,
            "min": 7,
            "max": 100
        },
        "http_req_connecting": {
            "avg": 0.0068384425760887844,
            "min": 0,
            "med": 0,
            "max": 2.107907,
            "p(90)": 0,
            "p(95)": 0
        },
        "http_req_duration{expected_response:true}": {
            "avg": 16.138768502438154,
            "min": 5.300274,
            "med": 10.460383,
            "max": 105.100527,
            "p(90)": 29.244817600000005,
            "p(95)": 41.7117438
        },
        "checks": {
            "passes": 11894,
            "fails": 0,
            "value": 1
        },
        "data_received": {
            "rate": 886142.7624467062,
            "count": 54061904
        },
        "http_req_failed": {
            "fails": 5947,
            "passes": 0,
            "thresholds": {
                "rate<0.01": false
            },
            "value": 0
        },
        "http_req_duration": {
            "med": 10.460383,
            "max": 105.100527,
            "p(90)": 29.244817600000005,
            "p(95)": 41.7117438,
            "avg": 16.138768502438154,
            "min": 5.300274,
            "thresholds": {
                "p(95)<300": false
            }
        },
        "vus_max": {
            "value": 100,
            "min": 100,
            "max": 100
        },
        "http_req_sending": {
            "min": 0.002713,
            "med": 0.013347,
            "max": 1.889396,
            "p(90)": 0.024784400000000005,
            "p(95)": 0.030319699999999998,
            "avg": 0.017056404069278604
        },
        "data_sent": {
            "count": 623765,
            "rate": 10224.294731047017
        },
        "iteration_duration": {
            "med": 1011.077403,
            "max": 1105.490667,
            "p(90)": 1030.1278758,
            "p(95)": 1042.2988857999999,
            "avg": 1016.8606044269396,
            "min": 1005.636934
        },
        "http_reqs": {
            "count": 5947,
            "rate": 97.47882738777682,
            "thresholds": {
                "count>1000": false
            }
        },
        "http_req_receiving": {
            "min": 0.009207,
            "med": 0.060283,
            "max": 3.531143,
            "p(90)": 0.11143960000000001,
            "p(95)": 0.13788319999999996,
            "avg": 0.07178857070791982
        },
        "iterations": {
            "count": 5947,
            "rate": 97.47882738777682
        },
        "http_req_waiting": {
            "med": 10.398746,
            "max": 105.006135,
            "p(90)": 29.1252992,
            "p(95)": 41.631307899999996,
            "avg": 16.049923527660994,
            "min": 5.254535
        },
        "http_req_blocked": {
            "min": 0.001082,
            "med": 0.004634,
            "max": 2.129893,
            "p(90)": 0.008212200000000001,
            "p(95)": 0.0095297,
            "avg": 0.01311635278291577
        }
    }
}