{
    "root_group": {
        "groups": {},
        "checks": {
                "статус 200": {
                    "path": "::статус 200",
                    "id": "63fd587a2004924fac2f18b343720cda",
                    "passes": 5944,
                    "fails": 0,
                    "name": "статус 200"
                },
                "ответ не пустой": {
                    "name": "ответ не пустой",
                    "path": "::ответ не пустой",
                    "id": "1c568cf298ad7d73e64d124a4ad0618f",
                    "passes": 5944,
                    "fails": 0
                }
            },
        "name": "",
        "path": "",
        "id": "d41d8cd98f00b204e9800998ecf8427e"
    },
    "metrics": {
        "http_reqs": {
            "count": 5944,
            "rate": 97.47676265287832,
            "thresholds": {
                "count>1000": false
            }
        },
        "vus_max": {
            "value": 100,
            "min": 100,
            "max": 100
        },
        "http_req_tls_handshaking": {
            "p(90)": 0,
            "p(95)": 0,
            "avg": 0,
            "min": 0,
            "med": 0,
            "max": 0
        },
        "http_req_failed": {
            "fails": 5944,
            "passes": 0,
            "thresholds": {
                "rate<0.01": false
            },
            "value": 0
        },
        "http_req_sending": {
            "avg": 0.01733969751009422,
            "min": 0.002156,
            "med": 0.0136,
            "max": 2.014391,
            "p(90)": 0.025298099999999997,
            "p(95)": 0.03056
        },
        "iteration_duration": {
            "avg": 1017.7079456522513,
            "min": 1006.103401,
            "med": 1010.998587,
            "max": 1220.882275,
            "p(90)": 1027.7580645,
            "p(95)": 1039.7185677
        },
        "http_req_duration{expected_response:true}": {
            "avg": 16.97924530635932,
            "min": 5.692647,
            "med": 10.32394,
            "max": 220.396121,
            "p(90)": 26.9719284,
            "p(95)": 39.24565964999995
        },
        "http_req_waiting": {
            "avg": 16.885416936911227,
            "min": 5.626553,
            "med": 10.2555575,
            "max": 220.294681,
            "p(90)": 26.861084199999997,
            "p(95)": 39.19912954999995
        },
        "iterations": {
            "count": 5944,
            "rate": 97.47676265287832
        },
        "http_req_duration": {
            "avg": 16.97924530635932,
            "min": 5.692647,
            "med": 10.32394,
            "max": 220.396121,
            "p(90)": 26.9719284,
            "p(95)": 39.24565964999995,
            "thresholds": {
                "p(95)<300": false
            }
        },
        "data_sent": {
            "count": 623495,
            "rate": 10224.810587189833
        },
        "checks": {
            "passes": 11888,
            "fails": 0,
            "value": 1
        },
        "http_req_receiving": {
            "med": 0.061908500000000005,
            "max": 4.428358,
            "p(90)": 0.11625319999999999,
            "p(95)": 0.14187375,
            "avg": 0.07648867193808881,
            "min": 0.011316
        },
        "vus": {
            "value": 100,
            "min": 100,
            "max": 100
        },
        "data_received": {
            "count": 54055820,
            "rate": 886471.4562830944
        },
        "http_req_blocked": {
            "p(90)": 0.008387,
            "p(95)": 0.010105699999999999,
            "avg": 0.010793384925975806,
            "min": 0.000829,
            "med": 0.0047480000000000005,
            "max": 2.007427
        },
        "http_req_connecting": {
            "min": 0,
            "med": 0,
            "max": 1.961577,
            "p(90)": 0,
            "p(95)": 0,
            "avg": 0.00315478751682369
        }
    }
}