{
    "metrics": {
        "data_sent": {
            "count": 587622,
            "rate": 9681.06887157441
        },
        "http_req_sending": {
            "min": 0.002556,
            "med": 0.0141765,
            "max": 1.882161,
            "p(90)": 0.026359500000000004,
            "p(95)": 0.031859099999999994,
            "avg": 0.01913820760442699
        },
        "http_req_duration{expected_response:true}": {
            "max": 3473.486927,
            "p(90)": 27.17875780000001,
            "p(95)": 62.140997700000064,
            "avg": 76.73721832482143,
            "min": 5.16628,
            "med": 9.997717
        },
        "vus_max": {
            "value": 100,
            "min": 100,
            "max": 100
        },
        "vus": {
            "value": 100,
            "min": 100,
            "max": 100
        },
        "iteration_duration": {
            "max": 4475.880827,
            "p(90)": 1028.111223,
            "p(95)": 1064.15969825,
            "avg": 1078.3161254700085,
            "min": 1005.755931,
            "med": 1010.6742865
        },
        "http_req_failed": {
            "passes": 2,
            "fails": 5600,
            "thresholds": {
                "rate<0.01": false
            },
            "value": 0.0003570153516601214
        },
        "http_req_waiting": {
            "p(90)": 27.087697000000023,
            "p(95)": 62.83486189999991,
            "avg": 77.47238998589809,
            "min": 5.125264,
            "med": 9.940018,
            "max": 3473.335235
        },
        "http_req_duration": {
            "med": 9.9997475,
            "max": 3473.486927,
            "p(90)": 27.250663300000028,
            "p(95)": 62.89293314999992,
            "avg": 77.58656070474831,
            "min": 5.16628,
            "thresholds": {
                "p(95)<300": false
            }
        },
        "checks": {
            "passes": 11200,
            "fails": 4,
            "value": 0.9996429846483399
        },
        "http_req_blocked": {
            "avg": 0.02759270385576579,
            "min": 0.001051,
            "med": 0.004873,
            "max": 2.495267,
            "p(90)": 0.008665500000000003,
            "p(95)": 0.010505449999999998
        },
        "http_req_tls_handshaking": {
            "p(95)": 0,
            "avg": 0,
            "min": 0,
            "med": 0,
            "max": 0,
            "p(90)": 0
        },
        "http_req_connecting": {
            "avg": 0.019872187076044264,
            "min": 0,
            "med": 0,
            "max": 2.372317,
            "p(90)": 0,
            "p(95)": 0
        },
        "http_req_receiving": {
            "min": 0.010253,
            "med": 0.0631825,
            "max": 15.275146,
            "p(90)": 0.11793270000000002,
            "p(95)": 0.14401075,
            "avg": 0.09503251124598343
        },
        "data_received": {
            "count": 50902787,
            "rate": 838623.105843693
        },
        "iterations": {
            "count": 5602,
            "rate": 92.29291588565412
        },
        "http_reqs": {
            "count": 5602,
            "rate": 92.29291588565412,
            "thresholds": {
                "count>1000": false
            }
        }
    },
    "root_group": {
        "name": "",
        "path": "",
        "id": "d41d8cd98f00b204e9800998ecf8427e",
        "groups": {},
        "checks": {
                "статус 200": {
                    "fails": 2,
                    "name": "статус 200",
                    "path": "::статус 200",
                    "id": "63fd587a2004924fac2f18b343720cda",
                    "passes": 5600
                },
                "ответ не пустой": {
                    "fails": 2,
                    "name": "ответ не пустой",
                    "path": "::ответ не пустой",
                    "id": "1c568cf298ad7d73e64d124a4ad0618f",
                    "passes": 5600
                }
            }
    }
}