{
    "root_group": {
        "path": "",
        "id": "d41d8cd98f00b204e9800998ecf8427e",
        "groups": {},
        "checks": {
                "статус 200": {
                    "id": "63fd587a2004924fac2f18b343720cda",
                    "passes": 5943,
                    "fails": 0,
                    "name": "статус 200",
                    "path": "::статус 200"
                },
                "ответ не пустой": {
                    "fails": 0,
                    "name": "ответ не пустой",
                    "path": "::ответ не пустой",
                    "id": "1c568cf298ad7d73e64d124a4ad0618f",
                    "passes": 5943
                }
            },
        "name": ""
    },
    "metrics": {
        "data_sent": {
            "count": 623390,
            "rate": 10218.01141768411
        },
        "vus": {
            "value": 6,
            "min": 6,
            "max": 100
        },
        "checks": {
            "passes": 11886,
            "fails": 0,
            "value": 1
        },
        "http_req_connecting": {
            "avg": 0.009355948174322736,
            "min": 0,
            "med": 0,
            "max": 1.762122,
            "p(90)": 0,
            "p(95)": 0
        },
        "http_req_duration": {
            "avg": 17.32002284199896,
            "min": 5.337812,
            "med": 14.010242,
            "max": 194.901137,
            "p(90)": 31.38106100000001,
            "p(95)": 44.3115848,
            "thresholds": {
                "p(95)<300": false
            }
        },
        "data_received": {
            "count": 54074612,
            "rate": 886339.214332662
        },
        "iteration_duration": {
            "avg": 1018.0725476081078,
            "min": 1005.770983,
            "med": 1014.686172,
            "max": 1196.075105,
            "p(90)": 1032.0260592,
            "p(95)": 1045.1169611999999
        },
        "iterations": {
            "count": 5943,
            "rate": 97.41196017789292
        },
        "vus_max": {
            "value": 100,
            "min": 100,
            "max": 100
        },
        "http_reqs": {
            "count": 5943,
            "rate": 97.41196017789292,
            "thresholds": {
                "count>1000": false
            }
        },
        "http_req_waiting": {
            "avg": 17.215147706377234,
            "min": 5.28466,
            "med": 13.90862,
            "max": 194.815115,
            "p(90)": 31.2148024,
            "p(95)": 44.199707299999986
        },
        "http_req_blocked": {
            "p(90)": 0.0087028,
            "p(95)": 0.010142599999999998,
            "avg": 0.016581565371024714,
            "min": 0.001225,
            "med": 0.005344,
            "max": 1.798963
        },
        "http_req_tls_handshaking": {
            "med": 0,
            "max": 0,
            "p(90)": 0,
            "p(95)": 0,
            "avg": 0,
            "min": 0
        },
        "http_req_failed": {
            "passes": 0,
            "fails": 5943,
            "thresholds": {
                "rate<0.01": false
            },
            "value": 0
        },
        "http_req_duration{expected_response:true}": {
            "max": 194.901137,
            "p(90)": 31.38106100000001,
            "p(95)": 44.3115848,
            "avg": 17.32002284199896,
            "min": 5.337812,
            "med": 14.010242
        },
        "http_req_receiving": {
            "med": 0.066057,
            "max": 8.65814,
            "p(90)": 0.1177526,
            "p(95)": 0.14252859999999998,
            "avg": 0.08218221958606772,
            "min": 0.010296
        },
        "http_req_sending": {
            "avg": 0.022692916035672268,
            "min": 0.002633,
            "med": 0.015332,
            "max": 7.445256,
            "p(90)": 0.0263942,
            "p(95)": 0.0312638
        }
    }
}