{
    "root_group": {
        "path": "",
        "id": "d41d8cd98f00b204e9800998ecf8427e",
        "groups": {},
        "checks": {
                "статус 200": {
                    "fails": 0,
                    "name": "статус 200",
                    "path": "::статус 200",
                    "id": "63fd587a2004924fac2f18b343720cda",
                    "passes": 5920
                },
                "ответ не пустой": {
                    "name": "ответ не пустой",
                    "path": "::ответ не пустой",
                    "id": "1c568cf298ad7d73e64d124a4ad0618f",
                    "passes": 5920,
                    "fails": 0
                }
            },
        "name": ""
    },
    "metrics": {
        "http_req_duration{expected_response:true}": {
            "min": 5.215761,
            "med": 13.110059,
            "max": 385.430197,
            "p(90)": 29.960759700000008,
            "p(95)": 68.38647340000003,
            "avg": 22.654179937668964
        },
        "http_req_connecting": {
            "max": 1.190582,
            "p(90)": 0,
            "p(95)": 0,
            "avg": 0.004238521959459458,
            "min": 0,
            "med": 0
        },
        "checks": {
            "passes": 11840,
            "fails": 0,
            "value": 1
        },
        "iterations": {
            "count": 5920,
            "rate": 97.10864976209182
        },
        "vus_max": {
            "value": 100,
            "min": 100,
            "max": 100
        },
        "data_sent": {
            "rate": 10185.959203077335,
            "count": 620963
        },
        "http_reqs": {
            "count": 5920,
            "rate": 97.10864976209182,
            "thresholds": {
                "count>1000": false
            }
        },
        "http_req_receiving": {
            "min": 0.010618,
            "med": 0.066636,
            "max": 3.571129,
            "p(90)": 0.1196199,
            "p(95)": 0.1434268,
            "avg": 0.07986350624999995
        },
        "data_received": {
            "count": 53841695,
            "rate": 883191.6051270895
        },
        "iteration_duration": {
            "avg": 1023.4043557768618,
            "min": 1005.344167,
            "med": 1013.816566,
            "max": 1386.437673,
            "p(90)": 1030.7861263,
            "p(95)": 1069.05823315
        },
        "http_req_tls_handshaking": {
            "avg": 0,
            "min": 0,
            "med": 0,
            "max": 0,
            "p(90)": 0,
            "p(95)": 0
        },
        "http_req_blocked": {
            "avg": 0.012024245101351338,
            "min": 0.001011,
            "med": 0.0051865,
            "max": 3.791123,
            "p(90)": 0.0086612,
            "p(95)": 0.00998745
        },
        "http_req_sending": {
            "avg": 0.018856383445945892,
            "min": 0.002878,
            "med": 0.015059,
            "max": 2.302013,
            "p(90)": 0.02635450000000001,
            "p(95)": 0.030852300000000003
        },
        "http_req_failed": {
            "passes": 0,
            "fails": 5920,
            "thresholds": {
                "rate<0.01": false
            },
            "value": 0
        },
        "http_req_duration": {
            "p(90)": 29.960759700000008,
            "p(95)": 68.38647340000003,
            "avg": 22.654179937668964,
            "min": 5.215761,
            "med": 13.110059,
            "max": 385.430197,
            "thresholds": {
                "p(95)<300": false
            }
        },
        "http_req_waiting": {
            "avg": 22.555460047972986,
            "min": 5.155456,
            "med": 13.0208795,
            "max": 385.308011,
            "p(90)": 29.861425500000006,
            "p(95)": 68.10188255000004
        },
        "vus": {
            "value": 100,
            "min": 100,
            "max": 100
        }
    }
}