{
    "metrics": {
        "http_req_connecting": {
            "p(90)": 0,
            "p(95)": 0,
            "avg": 0.003107937838753389,
            "min": 0,
            "med": 0,
            "max": 1.729884
        },
        "http_req_receiving": {
            "min": 0.009898,
            "med": 0.062230999999999995,
            "max": 1.82598,
            "p(90)": 0.1124898,
            "p(95)": 0.14261329999999997,
            "avg": 0.07490115328590785
        },
        "vus_max": {
            "value": 100,
            "min": 100,
            "max": 100
        },
        "http_req_sending": {
            "med": 0.0135935,
            "max": 1.955327,
            "p(90)": 0.0248811,
            "p(95)": 0.02973385,
            "avg": 0.018299729166666705,
            "min": 0.002694
        },
        "http_req_waiting": {
            "max": 248.987092,
            "p(90)": 38.584522099999994,
            "p(95)": 75.40106764999996,
            "avg": 20.598130120934965,
            "min": 5.321918,
            "med": 9.8585335
        },
        "http_reqs": {
            "count": 5904,
            "rate": 96.93356580415683,
            "thresholds": {
                "count>1000": false
            }
        },
        "http_req_blocked": {
            "avg": 0.009999988143631497,
            "min": 0.001134,
            "med": 0.004754,
            "max": 1.768752,
            "p(90)": 0.0084304,
            "p(95)": 0.009948099999999996
        },
        "vus": {
            "value": 100,
            "min": 100,
            "max": 100
        },
        "iteration_duration": {
            "min": 1005.852952,
            "med": 1010.60517,
            "max": 1249.498042,
            "p(90)": 1039.5277273,
            "p(95)": 1076.31190195,
            "avg": 1021.3997900259156
        },
        "checks": {
            "passes": 11808,
            "fails": 0,
            "value": 1
        },
        "http_req_duration{expected_response:true}": {
            "avg": 20.691331003387507,
            "min": 5.373375,
            "med": 9.921883,
            "max": 249.093872,
            "p(90)": 38.7197227,
            "p(95)": 75.55085064999994
        },
        "iterations": {
            "count": 5904,
            "rate": 96.93356580415683
        },
        "http_req_duration": {
            "avg": 20.691331003387507,
            "min": 5.373375,
            "med": 9.921883,
            "max": 249.093872,
            "p(90)": 38.7197227,
            "p(95)": 75.55085064999994,
            "thresholds": {
                "p(95)<300": false
            }
        },
        "data_sent": {
            "count": 619261,
            "rate": 10167.204758375332
        },
        "data_received": {
            "count": 53732177,
            "rate": 882190.2972611961
        },
        "http_req_failed": {
            "fails": 5904,
            "passes": 0,
            "thresholds": {
                "rate<0.01": false
            },
            "value": 0
        },
        "http_req_tls_handshaking": {
            "avg": 0,
            "min": 0,
            "med": 0,
            "max": 0,
            "p(90)": 0,
            "p(95)": 0
        }
    },
    "root_group": {
        "name": "",
        "path": "",
        "id": "d41d8cd98f00b204e9800998ecf8427e",
        "groups": {},
        "checks": {
                "статус 200": {
                    "path": "::статус 200",
                    "id": "63fd587a2004924fac2f18b343720cda",
                    "passes": 5904,
                    "fails": 0,
                    "name": "статус 200"
                },
                "ответ не пустой": {
                    "name": "ответ не пустой",
                    "path": "::ответ не пустой",
                    "id": "1c568cf298ad7d73e64d124a4ad0618f",
                    "passes": 5904,
                    "fails": 0
                }
            }
    }
}