{
    "root_group": {
        "name": "",
        "path": "",
        "id": "d41d8cd98f00b204e9800998ecf8427e",
        "groups": {},
        "checks": {
                "статус 200": {
                    "name": "статус 200",
                    "path": "::статус 200",
                    "id": "63fd587a2004924fac2f18b343720cda",
                    "passes": 5965,
                    "fails": 0
                },
                "ответ не пустой": {
                    "name": "ответ не пустой",
                    "path": "::ответ не пустой",
                    "id": "1c568cf298ad7d73e64d124a4ad0618f",
                    "passes": 5965,
                    "fails": 0
                }
            }
    },
    "metrics": {
        "http_req_duration{expected_response:true}": {
            "avg": 15.25354064626993,
            "min": 5.310899,
            "med": 9.729387,
            "max": 190.273471,
            "p(90)": 22.440000200000004,
            "p(95)": 27.919015400000003
        },
        "http_req_waiting": {
            "max": 190.140831,
            "p(90)": 22.309776600000003,
            "p(95)": 27.7865062,
            "avg": 15.158014887678087,
            "min": 5.261158,
            "med": 9.657513
        },
        "data_received": {
            "count": 54231585,
            "rate": 889232.6026496597
        },
        "http_req_connecting": {
            "avg": 0.0063526477787091366,
            "min": 0,
            "med": 0,
            "max": 2.407794,
            "p(90)": 0,
            "p(95)": 0
        },
        "vus_max": {
            "value": 100,
            "min": 100,
            "max": 100
        },
        "checks": {
            "passes": 11930,
            "fails": 0,
            "value": 1
        },
        "iteration_duration": {
            "p(90)": 1023.1484078,
            "p(95)": 1028.6715772,
            "avg": 1015.9710953165173,
            "min": 1005.773135,
            "med": 1010.414904,
            "max": 1191.550918
        },
        "http_req_tls_handshaking": {
            "med": 0,
            "max": 0,
            "p(90)": 0,
            "p(95)": 0,
            "avg": 0,
            "min": 0
        },
        "http_req_blocked": {
            "avg": 0.01431544040234708,
            "min": 0.000944,
            "med": 0.004789,
            "max": 2.475336,
            "p(90)": 0.008429,
            "p(95)": 0.009905200000000001
        },
        "data_sent": {
            "count": 625716,
            "rate": 10259.834139082132
        },
        "http_req_duration": {
            "p(90)": 22.440000200000004,
            "p(95)": 27.919015400000003,
            "avg": 15.25354064626993,
            "min": 5.310899,
            "med": 9.729387,
            "max": 190.273471,
            "thresholds": {
                "p(95)<300": false
            }
        },
        "http_req_sending": {
            "med": 0.013561,
            "max": 2.205633,
            "p(90)": 0.025283600000000003,
            "p(95)": 0.0297472,
            "avg": 0.02334164727577531,
            "min": 0.002381
        },
        "iterations": {
            "count": 5965,
            "rate": 97.80780839809901
        },
        "http_req_failed": {
            "passes": 0,
            "fails": 5965,
            "thresholds": {
                "rate<0.01": false
            },
            "value": 0
        },
        "vus": {
            "value": 5,
            "min": 5,
            "max": 100
        },
        "http_req_receiving": {
            "avg": 0.07218411131601009,
            "min": 0.01258,
            "med": 0.061571,
            "max": 2.602724,
            "p(90)": 0.112806,
            "p(95)": 0.13566460000000002
        },
        "http_reqs": {
            "count": 5965,
            "rate": 97.80780839809901,
            "thresholds": {
                "count>1000": false
            }
        }
    }
}