{
    "root_group": {
        "path": "",
        "id": "d41d8cd98f00b204e9800998ecf8427e",
        "groups": {},
        "checks": {
                "статус 200": {
                    "passes": 6000,
                    "fails": 0,
                    "name": "статус 200",
                    "path": "::статус 200",
                    "id": "63fd587a2004924fac2f18b343720cda"
                },
                "ответ содержит orderId": {
                    "name": "ответ содержит orderId",
                    "path": "::ответ содержит orderId",
                    "id": "9b0caa480d77dd97e7e57f2f6d3f304a",
                    "passes": 6000,
                    "fails": 0
                }
            },
        "name": ""
    },
    "metrics": {
        "vus": {
            "value": 100,
            "min": 100,
            "max": 100
        },
        "http_req_duration": {
            "avg": 11.898602943000018,
            "min": 3.251959,
            "med": 9.69794,
            "max": 187.554332,
            "p(90)": 15.7083606,
            "p(95)": 19.23557625,
            "thresholds": {
                "p(95)<300": false
            }
        },
        "http_req_failed": {
            "passes": 0,
            "fails": 6000,
            "thresholds": {
                "rate<0.01": false
            },
            "value": 0
        },
        "http_req_receiving": {
            "avg": 0.07236138716666679,
            "min": 0.00975,
            "med": 0.062219,
            "max": 5.356997,
            "p(90)": 0.10128290000000001,
            "p(95)": 0.12720460000000006
        },
        "data_sent": {
            "count": 509364,
            "rate": 8361.480318188656
        },
        "http_reqs": {
            "count": 6000,
            "rate": 98.49318347808628,
            "thresholds": {
                "count>1000": false
            }
        },
        "http_req_connecting": {
            "avg": 0.026690875499999996,
            "min": 0,
            "med": 0,
            "max": 10.458198,
            "p(90)": 0,
            "p(95)": 0
        },
        "vus_max": {
            "value": 100,
            "min": 100,
            "max": 100
        },
        "data_received": {
            "count": 6102068,
            "rate": 100168.68385329317
        },
        "http_req_duration{expected_response:true}": {
            "p(90)": 15.7083606,
            "p(95)": 19.23557625,
            "avg": 11.898602943000018,
            "min": 3.251959,
            "med": 9.69794,
            "max": 187.554332
        },
        "iterations": {
            "count": 6000,
            "rate": 98.49318347808628
        },
        "iteration_duration": {
            "med": 1010.3907670000001,
            "max": 1192.686103,
            "p(90)": 1016.4554337,
            "p(95)": 1019.99928115,
            "avg": 1012.6498209126656,
            "min": 1003.655346
        },
        "http_req_blocked": {
            "max": 10.529768,
            "p(90)": 0.008625400000000002,
            "p(95)": 0.010752600000000001,
            "avg": 0.03815159716666673,
            "min": 0.001047,
            "med": 0.006088
        },
        "http_req_tls_handshaking": {
            "avg": 0,
            "min": 0,
            "med": 0,
            "max": 0,
            "p(90)": 0,
            "p(95)": 0
        },
        "checks": {
            "fails": 0,
            "passes": 12000,
            "value": 1
        },
        "http_req_sending": {
            "avg": 0.038383107166666604,
            "min": 0.002459,
            "med": 0.016579999999999998,
            "max": 8.935889,
            "p(90)": 0.026169200000000004,
            "p(95)": 0.03436690000000001
        },
        "http_req_waiting": {
            "p(90)": 15.596586300000004,
            "p(95)": 19.141345750000003,
            "avg": 11.787858448666647,
            "min": 3.214504,
            "med": 9.601302,
            "max": 184.171179
        }
    }
}