{
    "metrics": {
        "http_req_receiving": {
            "p(95)": 0.12991195000000003,
            "avg": 0.07801509066666655,
            "min": 0.008914,
            "med": 0.064343,
            "max": 14.102084,
            "p(90)": 0.10517130000000001
        },
        "http_req_failed": {
            "passes": 0,
            "fails": 6000,
            "thresholds": {
                "rate<0.01": false
            },
            "value": 0
        },
        "vus": {
            "min": 100,
            "max": 100,
            "value": 100
        },
        "vus_max": {
            "value": 100,
            "min": 100,
            "max": 100
        },
        "data_sent": {
            "count": 509332,
            "rate": 8369.623874802532
        },
        "http_req_connecting": {
            "avg": 0.005384122666666666,
            "min": 0,
            "med": 0,
            "max": 1.342367,
            "p(90)": 0,
            "p(95)": 0
        },
        "http_reqs": {
            "count": 6000,
            "rate": 98.59530374846896,
            "thresholds": {
                "count>1000": false
            }
        },
        "http_req_duration{expected_response:true}": {
            "min": 3.326133,
            "med": 9.504054499999999,
            "max": 120.062961,
            "p(90)": 15.263381300000002,
            "p(95)": 20.638388850000016,
            "avg": 11.153066658500009
        },
        "iterations": {
            "count": 6000,
            "rate": 98.59530374846896
        },
        "http_req_sending": {
            "avg": 0.031720690833333266,
            "min": 0.002383,
            "med": 0.016975,
            "max": 6.323367,
            "p(90)": 0.026155700000000004,
            "p(95)": 0.032656149999999995
        },
        "http_req_blocked": {
            "avg": 0.016802242166666634,
            "min": 0.000982,
            "med": 0.006101499999999999,
            "max": 5.327695,
            "p(90)": 0.008541100000000001,
            "p(95)": 0.010949
        },
        "http_req_tls_handshaking": {
            "avg": 0,
            "min": 0,
            "med": 0,
            "max": 0,
            "p(90)": 0,
            "p(95)": 0
        },
        "http_req_duration": {
            "max": 120.062961,
            "p(90)": 15.263381300000002,
            "p(95)": 20.638388850000016,
            "avg": 11.153066658500009,
            "min": 3.326133,
            "med": 9.504054499999999,
            "thresholds": {
                "p(95)<300": false
            }
        },
        "http_req_waiting": {
            "avg": 11.043330877000015,
            "min": 3.276377,
            "med": 9.39901,
            "max": 119.953411,
            "p(90)": 15.130539000000002,
            "p(95)": 20.475776800000006
        },
        "iteration_duration": {
            "avg": 1011.8735754056672,
            "min": 1003.680247,
            "med": 1010.2429875,
            "max": 1121.302935,
            "p(90)": 1016.0240542,
            "p(95)": 1021.30448515
        },
        "data_received": {
            "count": 6098474,
            "rate": 100213.48273869009
        },
        "checks": {
            "passes": 12000,
            "fails": 0,
            "value": 1
        }
    },
    "root_group": {
        "name": "",
        "path": "",
        "id": "d41d8cd98f00b204e9800998ecf8427e",
        "groups": {},
        "checks": {
                "статус 200": {
                    "fails": 0,
                    "name": "статус 200",
                    "path": "::статус 200",
                    "id": "63fd587a2004924fac2f18b343720cda",
                    "passes": 6000
                },
                "ответ содержит orderId": {
                    "path": "::ответ содержит orderId",
                    "id": "9b0caa480d77dd97e7e57f2f6d3f304a",
                    "passes": 6000,
                    "fails": 0,
                    "name": "ответ содержит orderId"
                }
            }
    }
}