{
    "metrics": {
        "http_req_sending": {
            "avg": 0.02032727383333332,
            "min": 0.002402,
            "med": 0.016779500000000003,
            "max": 4.59257,
            "p(90)": 0.026229099999999998,
            "p(95)": 0.0325287
        },
        "vus_max": {
            "value": 100,
            "min": 100,
            "max": 100
        },
        "http_req_duration": {
            "avg": 11.268272007833273,
            "min": 3.403629,
            "med": 9.304839999999999,
            "max": 169.858838,
            "p(90)": 14.942757000000006,
            "p(95)": 18.571032000000002,
            "thresholds": {
                "p(95)<300": false
            }
        },
        "data_sent": {
            "count": 509360,
            "rate": 8371.767711809485
        },
        "iteration_duration": {
            "avg": 1011.9910696969986,
            "min": 1003.71662,
            "med": 1010.03521,
            "max": 1171.059333,
            "p(90)": 1015.7153978,
            "p(95)": 1019.3565237
        },
        "vus": {
            "value": 100,
            "min": 100,
            "max": 100
        },
        "data_received": {
            "count": 6060400,
            "rate": 99607.86288803637
        },
        "http_req_duration{expected_response:true}": {
            "p(90)": 14.942757000000006,
            "p(95)": 18.571032000000002,
            "avg": 11.268272007833273,
            "min": 3.403629,
            "med": 9.304839999999999,
            "max": 169.858838
        },
        "iterations": {
            "count": 6000,
            "rate": 98.61513717381992
        },
        "http_reqs": {
            "count": 6000,
            "rate": 98.61513717381992,
            "thresholds": {
                "count>1000": false
            }
        },
        "http_req_receiving": {
            "avg": 0.07422821566666706,
            "min": 0.00976,
            "med": 0.063955,
            "max": 4.127455,
            "p(90)": 0.1060861,
            "p(95)": 0.13120785
        },
        "http_req_waiting": {
            "min": 3.36505,
            "med": 9.202245999999999,
            "max": 169.64278,
            "p(90)": 14.844711400000001,
            "p(95)": 18.4444765,
            "avg": 11.173716518333347
        },
        "http_req_blocked": {
            "avg": 0.014705461666666697,
            "min": 0.001091,
            "med": 0.006067,
            "max": 4.999652,
            "p(90)": 0.008570500000000002,
            "p(95)": 0.01114915
        },
        "http_req_connecting": {
            "min": 0,
            "med": 0,
            "max": 1.806738,
            "p(90)": 0,
            "p(95)": 0,
            "avg": 0.005934832833333334
        },
        "http_req_tls_handshaking": {
            "max": 0,
            "p(90)": 0,
            "p(95)": 0,
            "avg": 0,
            "min": 0,
            "med": 0
        },
        "http_req_failed": {
            "passes": 0,
            "fails": 6000,
            "thresholds": {
                "rate<0.01": false
            },
            "value": 0
        },
        "checks": {
            "passes": 12000,
            "fails": 0,
            "value": 1
        }
    },
    "root_group": {
        "path": "",
        "id": "d41d8cd98f00b204e9800998ecf8427e",
        "groups": {},
        "checks": {
                "статус 200": {
                    "passes": 6000,
                    "fails": 0,
                    "name": "статус 200",
                    "path": "::статус 200",
                    "id": "63fd587a2004924fac2f18b343720cda"
                },
                "ответ содержит orderId": {
                    "id": "9b0caa480d77dd97e7e57f2f6d3f304a",
                    "passes": 6000,
                    "fails": 0,
                    "name": "ответ содержит orderId",
                    "path": "::ответ содержит orderId"
                }
            },
        "name": ""
    }
}