{
    "metrics": {
        "http_req_receiving": {
            "p(95)": 0.12955655000000002,
            "avg": 0.06874946416666633,
            "min": 0.009768,
            "med": 0.058271500000000004,
            "max": 1.907241,
            "p(90)": 0.10151030000000003
        },
        "checks": {
            "passes": 12000,
            "fails": 0,
            "value": 1
        },
        "vus_max": {
            "value": 100,
            "min": 100,
            "max": 100
        },
        "data_sent": {
            "count": 509330,
            "rate": 8381.12355155799
        },
        "http_req_duration": {
            "avg": 10.538032727666682,
            "min": 3.352942,
            "med": 9.359285499999999,
            "max": 116.104257,
            "p(90)": 14.433553900000003,
            "p(95)": 18.256578800000003,
            "thresholds": {
                "p(95)<300": false
            }
        },
        "data_received": {
            "count": 6066883,
            "rate": 99831.73187490781
        },
        "iterations": {
            "rate": 98.73115918824327,
            "count": 6000
        },
        "http_reqs": {
            "count": 6000,
            "rate": 98.73115918824327,
            "thresholds": {
                "count>1000": false
            }
        },
        "http_req_blocked": {
            "avg": 0.011070775499999977,
            "min": 0.000955,
            "med": 0.00573,
            "max": 0.839173,
            "p(90)": 0.008442100000000001,
            "p(95)": 0.010640400000000001
        },
        "iteration_duration": {
            "max": 1119.808339,
            "p(90)": 1015.2051327,
            "p(95)": 1018.9712537,
            "avg": 1011.2343593610015,
            "min": 1003.639737,
            "med": 1010.0949065
        },
        "http_req_failed": {
            "passes": 0,
            "fails": 6000,
            "thresholds": {
                "rate<0.01": false
            },
            "value": 0
        },
        "http_req_duration{expected_response:true}": {
            "p(90)": 14.433553900000003,
            "p(95)": 18.256578800000003,
            "avg": 10.538032727666682,
            "min": 3.352942,
            "med": 9.359285499999999,
            "max": 116.104257
        },
        "http_req_sending": {
            "avg": 0.019529445333333346,
            "min": 0.002333,
            "med": 0.0155785,
            "max": 1.317351,
            "p(90)": 0.025830900000000004,
            "p(95)": 0.03342585000000001
        },
        "http_req_tls_handshaking": {
            "avg": 0,
            "min": 0,
            "med": 0,
            "max": 0,
            "p(90)": 0,
            "p(95)": 0
        },
        "http_req_waiting": {
            "min": 3.322311,
            "med": 9.257376,
            "max": 115.913877,
            "p(90)": 14.295219300000008,
            "p(95)": 18.160633150000002,
            "avg": 10.44975381816667
        },
        "http_req_connecting": {
            "p(90)": 0,
            "p(95)": 0,
            "avg": 0.0037377826666666653,
            "min": 0,
            "med": 0,
            "max": 0.770758
        },
        "vus": {
            "value": 100,
            "min": 100,
            "max": 100
        }
    },
    "root_group": {
        "name": "",
        "path": "",
        "id": "d41d8cd98f00b204e9800998ecf8427e",
        "groups": {},
        "checks": {
                "статус 200": {
                    "id": "63fd587a2004924fac2f18b343720cda",
                    "passes": 6000,
                    "fails": 0,
                    "name": "статус 200",
                    "path": "::статус 200"
                },
                "ответ содержит orderId": {
                    "name": "ответ содержит orderId",
                    "path": "::ответ содержит orderId",
                    "id": "9b0caa480d77dd97e7e57f2f6d3f304a",
                    "passes": 6000,
                    "fails": 0
                }
            }
    }
}