{
    "metrics": {
        "http_req_sending": {
            "med": 0.017463,
            "max": 4.063078,
            "p(90)": 0.0270665,
            "p(95)": 0.035318700000000015,
            "avg": 0.02816202305084751,
            "min": 0.002633
        },
        "vus": {
            "value": 100,
            "min": 100,
            "max": 100
        },
        "http_req_failed": {
            "passes": 1,
            "fails": 5899,
            "thresholds": {
                "rate<0.01": false
            },
            "value": 0.00016949152542372882
        },
        "http_req_waiting": {
            "max": 579.045841,
            "p(90)": 15.685421300000005,
            "p(95)": 20.08107585000003,
            "avg": 19.569871924406815,
            "min": 3.403147,
            "med": 10.189059499999999
        },
        "http_req_connecting": {
            "avg": 0.009746622033898308,
            "min": 0,
            "med": 0,
            "max": 4.125551,
            "p(90)": 0,
            "p(95)": 0
        },
        "http_req_tls_handshaking": {
            "avg": 0,
            "min": 0,
            "med": 0,
            "max": 0,
            "p(90)": 0,
            "p(95)": 0
        },
        "http_reqs": {
            "count": 5900,
            "rate": 97.8373894246474,
            "thresholds": {
                "count>1000": false
            }
        },
        "vus_max": {
            "value": 100,
            "min": 100,
            "max": 100
        },
        "http_req_duration{expected_response:true}": {
            "avg": 19.59028489337185,
            "min": 3.440827,
            "med": 10.285781,
            "max": 579.249646,
            "p(90)": 15.780870799999997,
            "p(95)": 20.126160499999983
        },
        "http_req_blocked": {
            "p(90)": 0.008894300000000003,
            "p(95)": 0.01245825,
            "avg": 0.024706842203389832,
            "min": 0.00112,
            "med": 0.006304000000000001,
            "max": 9.706722
        },
        "http_req_receiving": {
            "avg": 0.07755560762711874,
            "min": 0.009012,
            "med": 0.0651765,
            "max": 3.962064,
            "p(90)": 0.10815340000000004,
            "p(95)": 0.1396299
        },
        "data_received": {
            "count": 5977966,
            "rate": 99130.26906937317
        },
        "iteration_duration": {
            "max": 1587.167893,
            "p(90)": 1016.5783893,
            "p(95)": 1021.1430746,
            "avg": 1020.4018340501706,
            "min": 1003.662085,
            "med": 1011.0152555
        },
        "checks": {
            "passes": 11799,
            "fails": 1,
            "value": 0.9999152542372881
        },
        "iterations": {
            "count": 5900,
            "rate": 97.8373894246474
        },
        "http_req_duration": {
            "avg": 19.675589555084844,
            "min": 3.440827,
            "med": 10.285884,
            "max": 579.249646,
            "p(90)": 15.792861900000002,
            "p(95)": 20.161167050000028,
            "thresholds": {
                "p(95)<300": false
            }
        },
        "data_sent": {
            "count": 500806,
            "rate": 8304.66977088135
        }
    },
    "root_group": {
        "groups": {},
        "checks": {
                "статус 200": {
                    "fails": 1,
                    "name": "статус 200",
                    "path": "::статус 200",
                    "id": "63fd587a2004924fac2f18b343720cda",
                    "passes": 5899
                },
                "ответ содержит orderId": {
                    "name": "ответ содержит orderId",
                    "path": "::ответ содержит orderId",
                    "id": "9b0caa480d77dd97e7e57f2f6d3f304a",
                    "passes": 5900,
                    "fails": 0
                }
            },
        "name": "",
        "path": "",
        "id": "d41d8cd98f00b204e9800998ecf8427e"
    }
}