{
    "root_group": {
        "checks": {
            "статус 200": {
                "name": "статус 200",
                "path": "::статус 200",
                "id": "63fd587a2004924fac2f18b343720cda",
                "passes": 6000,
                "fails": 0
            },
            "ответ содержит orderId": {
                "name": "ответ содержит orderId",
                "path": "::ответ содержит orderId",
                "id": "9b0caa480d77dd97e7e57f2f6d3f304a",
                "passes": 6000,
                "fails": 0
            }
        },
        "name": "",
        "path": "",
        "id": "d41d8cd98f00b204e9800998ecf8427e",
        "groups": {}
    },
    "metrics": {
        "http_req_connecting": {
            "avg": 0.013389970000000005,
            "min": 0,
            "med": 0,
            "max": 2.313302,
            "p(90)": 0,
            "p(95)": 0
        },
        "vus": {
            "value": 100,
            "min": 100,
            "max": 100
        },
        "http_req_failed": {
            "passes": 0,
            "fails": 6000,
            "thresholds": {
                "rate<0.01": false
            },
            "value": 0
        },
        "iterations": {
            "count": 6000,
            "rate": 98.614619021733
        },
        "http_req_blocked": {
            "p(95)": 0.010926850000000007,
            "avg": 0.022374721333333403,
            "min": 0.000939,
            "med": 0.0061455,
            "max": 2.737489,
            "p(90)": 0.008574
        },
        "checks": {
            "passes": 12000,
            "fails": 0,
            "value": 1
        },
        "iteration_duration": {
            "avg": 1012.2508356828317,
            "min": 1003.469157,
            "med": 1010.743538,
            "max": 1117.181583,
            "p(90)": 1015.3337107,
            "p(95)": 1020.47921125
        },
        "data_sent": {
            "count": 509336,
            "rate": 8371.329265675568
        },
        "http_reqs": {
            "count": 6000,
            "rate": 98.614619021733,
            "thresholds": {
                "count>1000": false
            }
        },
        "http_req_tls_handshaking": {
            "avg": 0,
            "min": 0,
            "med": 0,
            "max": 0,
            "p(90)": 0,
            "p(95)": 0
        },
        "http_req_sending": {
            "avg": 0.020150477499999965,
            "min": 0.002273,
            "med": 0.016972,
            "max": 0.66169,
            "p(90)": 0.0259038,
            "p(95)": 0.03269505000000001
        },
        "http_req_receiving": {
            "p(95)": 0.13286585000000012,
            "avg": 0.07500471033333321,
            "min": 0.010221,
            "med": 0.0639635,
            "max": 4.567544,
            "p(90)": 0.10483200000000002
        },
        "vus_max": {
            "max": 100,
            "value": 100,
            "min": 100
        },
        "http_req_duration": {
            "avg": 11.525970110166663,
            "min": 3.329172,
            "med": 10.036425000000001,
            "max": 116.134314,
            "p(90)": 14.601364500000003,
            "p(95)": 19.6546594,
            "thresholds": {
                "p(95)<300": false
            }
        },
        "http_req_duration{expected_response:true}": {
            "avg": 11.525970110166663,
            "min": 3.329172,
            "med": 10.036425000000001,
            "max": 116.134314,
            "p(90)": 14.601364500000003,
            "p(95)": 19.6546594
        },
        "http_req_waiting": {
            "med": 9.929915999999999,
            "max": 115.977696,
            "p(90)": 14.4922335,
            "p(95)": 19.5769022,
            "avg": 11.43081492233336,
            "min": 3.281616
        },
        "data_received": {
            "count": 6084351,
            "rate": 100000.99264325004
        }
    }
}