{
    "root_group": {
        "checks": {
            "статус 200": {
                "name": "статус 200",
                "path": "::статус 200",
                "id": "63fd587a2004924fac2f18b343720cda",
                "passes": 6000,
                "fails": 0
            },
            "ответ содержит orderId": {
                "name": "ответ содержит orderId",
                "path": "::ответ содержит orderId",
                "id": "9b0caa480d77dd97e7e57f2f6d3f304a",
                "passes": 6000,
                "fails": 0
            }
        },
        "name": "",
        "path": "",
        "id": "d41d8cd98f00b204e9800998ecf8427e",
        "groups": {}
    },
    "metrics": {
        "http_reqs": {
            "count": 6000,
            "rate": 98.68887098975671,
            "thresholds": {
                "count>1000": false
            }
        },
        "http_req_waiting": {
            "max": 65.692482,
            "p(90)": 16.04292420000001,
            "p(95)": 22.387244700000018,
            "avg": 10.975180816166622,
            "min": 3.380829,
            "med": 10.1914715
        },
        "checks": {
            "passes": 12000,
            "fails": 0,
            "value": 1
        },
        "iteration_duration": {
            "avg": 1011.7706446575015,
            "min": 1003.59184,
            "med": 1010.9700345,
            "max": 1066.804931,
            "p(90)": 1016.9141518,
            "p(95)": 1023.3432125500001
        },
        "vus": {
            "min": 100,
            "max": 100,
            "value": 100
        },
        "data_received": {
            "count": 6073823,
            "rate": 99903.12241026951
        },
        "http_req_connecting": {
            "med": 0,
            "max": 0.611121,
            "p(90)": 0,
            "p(95)": 0,
            "avg": 0.001604712166666666,
            "min": 0
        },
        "http_req_sending": {
            "max": 1.527606,
            "p(90)": 0.026070900000000004,
            "p(95)": 0.03202325,
            "avg": 0.01953761916666667,
            "min": 0.002403,
            "med": 0.016424
        },
        "data_sent": {
            "count": 509346,
            "rate": 8377.796947191437
        },
        "http_req_duration": {
            "avg": 11.066737738500029,
            "min": 3.414843,
            "med": 10.2905975,
            "max": 65.75304,
            "p(90)": 16.162290900000006,
            "p(95)": 22.516419700000004,
            "thresholds": {
                "p(95)<300": false
            }
        },
        "http_req_duration{expected_response:true}": {
            "p(90)": 16.162290900000006,
            "p(95)": 22.516419700000004,
            "avg": 11.066737738500029,
            "min": 3.414843,
            "med": 10.2905975,
            "max": 65.75304
        },
        "http_req_blocked": {
            "min": 0.000979,
            "med": 0.005996,
            "max": 0.831589,
            "p(90)": 0.008629800000000002,
            "p(95)": 0.010937500000000005,
            "avg": 0.008810917500000032
        },
        "http_req_failed": {
            "passes": 0,
            "fails": 6000,
            "thresholds": {
                "rate<0.01": false
            },
            "value": 0
        },
        "http_req_tls_handshaking": {
            "avg": 0,
            "min": 0,
            "med": 0,
            "max": 0,
            "p(90)": 0,
            "p(95)": 0
        },
        "http_req_receiving": {
            "max": 2.150584,
            "p(90)": 0.1069872,
            "p(95)": 0.14273565000000007,
            "avg": 0.07201930316666671,
            "min": 0.008251,
            "med": 0.0604135
        },
        "vus_max": {
            "value": 100,
            "min": 100,
            "max": 100
        },
        "iterations": {
            "rate": 98.68887098975671,
            "count": 6000
        }
    }
}