{
    "root_group": {
        "id": "d41d8cd98f00b204e9800998ecf8427e",
        "groups": {},
        "checks": {
                "статус 200": {
                    "passes": 6000,
                    "fails": 0,
                    "name": "статус 200",
                    "path": "::статус 200",
                    "id": "63fd587a2004924fac2f18b343720cda"
                },
                "ответ содержит orderId": {
                    "name": "ответ содержит orderId",
                    "path": "::ответ содержит orderId",
                    "id": "9b0caa480d77dd97e7e57f2f6d3f304a",
                    "passes": 6000,
                    "fails": 0
                }
            },
        "name": "",
        "path": ""
    },
    "metrics": {
        "http_reqs": {
            "count": 6000,
            "rate": 98.56491650004104,
            "thresholds": {
                "count>1000": false
            }
        },
        "data_received": {
            "count": 6087984,
            "rate": 100010.27243559764
        },
        "http_req_duration{expected_response:true}": {
            "max": 137.268501,
            "p(90)": 15.334137400000003,
            "p(95)": 24.7205564,
            "avg": 11.743420992666671,
            "min": 3.366725,
            "med": 9.372392999999999
        },
        "http_req_receiving": {
            "avg": 0.07151753100000009,
            "min": 0.010633,
            "med": 0.062352,
            "max": 5.23476,
            "p(90)": 0.10119580000000002,
            "p(95)": 0.12486570000000001
        },
        "iteration_duration": {
            "p(90)": 1016.0510015,
            "p(95)": 1025.86938555,
            "avg": 1012.4698231093366,
            "min": 1003.657362,
            "med": 1010.0826565,
            "max": 1138.507444
        },
        "http_req_connecting": {
            "med": 0,
            "max": 1.208751,
            "p(90)": 0,
            "p(95)": 0,
            "avg": 0.005432519999999999,
            "min": 0
        },
        "http_req_sending": {
            "max": 1.450961,
            "p(90)": 0.026161200000000003,
            "p(95)": 0.0328391,
            "avg": 0.021351637666666732,
            "min": 0.002673,
            "med": 0.0167625
        },
        "http_req_blocked": {
            "min": 0.00105,
            "med": 0.006040500000000001,
            "max": 1.264772,
            "p(90)": 0.008622800000000002,
            "p(95)": 0.011454300000000002,
            "avg": 0.01306134683333338
        },
        "vus": {
            "value": 100,
            "min": 100,
            "max": 100
        },
        "vus_max": {
            "value": 100,
            "min": 100,
            "max": 100
        },
        "iterations": {
            "count": 6000,
            "rate": 98.56491650004104
        },
        "checks": {
            "passes": 12000,
            "fails": 0,
            "value": 1
        },
        "data_sent": {
            "count": 509384,
            "rate": 8367.89857107615
        },
        "http_req_failed": {
            "passes": 0,
            "fails": 6000,
            "thresholds": {
                "rate<0.01": false
            },
            "value": 0
        },
        "http_req_duration": {
            "med": 9.372392999999999,
            "max": 137.268501,
            "p(90)": 15.334137400000003,
            "p(95)": 24.7205564,
            "avg": 11.743420992666671,
            "min": 3.366725,
            "thresholds": {
                "p(95)<300": false
            }
        },
        "http_req_waiting": {
            "avg": 11.650551824000019,
            "min": 3.33468,
            "med": 9.2667195,
            "max": 137.01461,
            "p(90)": 15.2156502,
            "p(95)": 24.59083435000001
        },
        "http_req_tls_handshaking": {
            "avg": 0,
            "min": 0,
            "med": 0,
            "max": 0,
            "p(90)": 0,
            "p(95)": 0
        }
    }
}