{
    "root_group": {
        "name": "",
        "path": "",
        "id": "d41d8cd98f00b204e9800998ecf8427e",
        "groups": {},
        "checks": {
                "статус 200": {
                    "fails": 0,
                    "name": "статус 200",
                    "path": "::статус 200",
                    "id": "63fd587a2004924fac2f18b343720cda",
                    "passes": 6000
                },
                "ответ содержит orderId": {
                    "passes": 6000,
                    "fails": 0,
                    "name": "ответ содержит orderId",
                    "path": "::ответ содержит orderId",
                    "id": "9b0caa480d77dd97e7e57f2f6d3f304a"
                }
            }
    },
    "metrics": {
        "iterations": {
            "count": 6000,
            "rate": 98.67783162123793
        },
        "http_req_connecting": {
            "max": 1.714301,
            "p(90)": 0,
            "p(95)": 0,
            "avg": 0.010569709833333335,
            "min": 0,
            "med": 0
        },
        "http_req_duration{expected_response:true}": {
            "avg": 10.416852802833326,
            "min": 3.316293,
            "med": 8.4004675,
            "max": 90.18849,
            "p(90)": 14.064018000000003,
            "p(95)": 35.879844450000014
        },
        "vus_max": {
            "max": 100,
            "value": 100,
            "min": 100
        },
        "iteration_duration": {
            "p(95)": 1036.6370438000001,
            "avg": 1011.1280315738333,
            "min": 1003.570291,
            "med": 1009.1109635,
            "max": 1090.443458,
            "p(90)": 1014.8149478
        },
        "checks": {
            "fails": 0,
            "passes": 12000,
            "value": 1
        },
        "vus": {
            "min": 100,
            "max": 100,
            "value": 100
        },
        "http_req_receiving": {
            "min": 0.008652,
            "med": 0.055704000000000004,
            "max": 8.218696,
            "p(90)": 0.097492,
            "p(95)": 0.12038990000000001,
            "avg": 0.06598651066666689
        },
        "data_received": {
            "count": 6063737,
            "rate": 99726.06978024506
        },
        "http_req_tls_handshaking": {
            "p(90)": 0,
            "p(95)": 0,
            "avg": 0,
            "min": 0,
            "med": 0,
            "max": 0
        },
        "http_req_duration": {
            "med": 8.4004675,
            "max": 90.18849,
            "p(90)": 14.064018000000003,
            "p(95)": 35.879844450000014,
            "avg": 10.416852802833326,
            "min": 3.316293,
            "thresholds": {
                "p(95)<300": false
            }
        },
        "http_reqs": {
            "count": 6000,
            "rate": 98.67783162123793,
            "thresholds": {
                "count>1000": false
            }
        },
        "http_req_sending": {
            "avg": 0.019434479333333376,
            "min": 0.002606,
            "med": 0.0147355,
            "max": 1.122016,
            "p(90)": 0.0250093,
            "p(95)": 0.030605450000000003
        },
        "http_req_failed": {
            "passes": 0,
            "fails": 6000,
            "thresholds": {
                "rate<0.01": false
            },
            "value": 0
        },
        "http_req_blocked": {
            "avg": 0.01766609600000009,
            "min": 0.001047,
            "med": 0.005424,
            "max": 1.857311,
            "p(90)": 0.008377500000000003,
            "p(95)": 0.010287
        },
        "http_req_waiting": {
            "p(95)": 35.540260550000035,
            "avg": 10.331431812833346,
            "min": 3.279394,
            "med": 8.3046755,
            "max": 90.126697,
            "p(90)": 13.953757300000003
        },
        "data_sent": {
            "rate": 8377.04071351648,
            "count": 509357
        }
    }
}