{
    "metrics": {
        "http_req_connecting": {
            "max": 5.118419,
            "p(90)": 0,
            "p(95)": 0,
            "avg": 0.00631104,
            "min": 0,
            "med": 0
        },
        "http_req_tls_handshaking": {
            "med": 0,
            "max": 0,
            "p(90)": 0,
            "p(95)": 0,
            "avg": 0,
            "min": 0
        },
        "iterations": {
            "count": 6000,
            "rate": 98.73350444471565
        },
        "http_req_duration{expected_response:true}": {
            "med": 8.8046655,
            "max": 123.343647,
            "p(90)": 14.674235800000002,
            "p(95)": 18.893903150000003,
            "avg": 10.435454804166643,
            "min": 3.211151
        },
        "http_reqs": {
            "count": 6000,
            "rate": 98.73350444471565,
            "thresholds": {
                "count>1000": false
            }
        },
        "http_req_waiting": {
            "avg": 10.34046983099999,
            "min": 3.165981,
            "med": 8.706105,
            "max": 122.968497,
            "p(90)": 14.554908000000008,
            "p(95)": 18.7982255
        },
        "http_req_failed": {
            "fails": 6000,
            "passes": 0,
            "thresholds": {
                "rate<0.01": false
            },
            "value": 0
        },
        "vus": {
            "value": 100,
            "min": 100,
            "max": 100
        },
        "http_req_duration": {
            "max": 123.343647,
            "p(90)": 14.674235800000002,
            "p(95)": 18.893903150000003,
            "avg": 10.435454804166643,
            "min": 3.211151,
            "med": 8.8046655,
            "thresholds": {
                "p(95)<300": false
            }
        },
        "http_req_sending": {
            "p(95)": 0.030895000000000006,
            "avg": 0.026440163166666683,
            "min": 0.001992,
            "med": 0.0147525,
            "max": 7.049151,
            "p(90)": 0.024588900000000004
        },
        "data_received": {
            "rate": 99777.8745435637,
            "count": 6063466
        },
        "http_req_blocked": {
            "avg": 0.014985483666666601,
            "min": 0.000962,
            "med": 0.005461,
            "max": 5.175829,
            "p(90)": 0.008437900000000003,
            "p(95)": 0.010193300000000002
        },
        "vus_max": {
            "value": 100,
            "min": 100,
            "max": 100
        },
        "http_req_receiving": {
            "min": 0.008864,
            "med": 0.055602,
            "max": 19.265782,
            "p(90)": 0.09890610000000002,
            "p(95)": 0.12215950000000012,
            "avg": 0.06854481000000003
        },
        "data_sent": {
            "count": 509321,
            "rate": 8381.174536214503
        },
        "checks": {
            "fails": 0,
            "passes": 12000,
            "value": 1
        },
        "iteration_duration": {
            "min": 1003.534745,
            "med": 1009.502743,
            "max": 1125.271741,
            "p(90)": 1015.3708233,
            "p(95)": 1019.5221336000001,
            "avg": 1011.1168107193296
        }
    },
    "root_group": {
        "id": "d41d8cd98f00b204e9800998ecf8427e",
        "groups": {},
        "checks": {
                "статус 200": {
                    "name": "статус 200",
                    "path": "::статус 200",
                    "id": "63fd587a2004924fac2f18b343720cda",
                    "passes": 6000,
                    "fails": 0
                },
                "ответ содержит orderId": {
                    "name": "ответ содержит orderId",
                    "path": "::ответ содержит orderId",
                    "id": "9b0caa480d77dd97e7e57f2f6d3f304a",
                    "passes": 6000,
                    "fails": 0
                }
            },
        "name": "",
        "path": ""
    }
}