{
    "metrics": {
        "vus_max": {
            "value": 100,
            "min": 100,
            "max": 100
        },
        "checks": {
            "passes": 11964,
            "fails": 0,
            "value": 1
        },
        "http_req_tls_handshaking": {
            "avg": 0,
            "min": 0,
            "med": 0,
            "max": 0,
            "p(90)": 0,
            "p(95)": 0
        },
        "http_req_connecting": {
            "max": 2.004242,
            "p(90)": 0,
            "p(95)": 0,
            "avg": 0.009746463390170516,
            "min": 0,
            "med": 0
        },
        "http_req_duration": {
            "med": 7.6180685,
            "max": 308.633605,
            "p(90)": 19.950303700000003,
            "p(95)": 31.040299699999956,
            "avg": 13.916577795720535,
            "min": 2.520106,
            "thresholds": {
                "p(95)<300": false
            }
        },
        "http_req_receiving": {
            "p(90)": 0.08168370000000001,
            "p(95)": 0.10237229999999999,
            "avg": 0.05517306369107304,
            "min": 0.007122,
            "med": 0.039466,
            "max": 5.722713
        },
        "http_req_failed": {
            "passes": 0,
            "fails": 5982,
            "thresholds": {
                "rate<0.01": false
            },
            "value": 0
        },
        "http_req_duration{expected_response:true}": {
            "max": 308.633605,
            "p(90)": 19.950303700000003,
            "p(95)": 31.040299699999956,
            "avg": 13.916577795720535,
            "min": 2.520106,
            "med": 7.6180685
        },
        "data_received": {
            "count": 6054075,
            "rate": 99249.42042328318
        },
        "iteration_duration": {
            "med": 1008.303429,
            "max": 1308.837749,
            "p(90)": 1021.0286108,
            "p(95)": 1031.7219178,
            "avg": 1014.7315147631217,
            "min": 1002.84634
        },
        "http_req_blocked": {
            "max": 7.362788,
            "p(90)": 0.007942800000000002,
            "p(95)": 0.010012699999999998,
            "avg": 0.030479622199933016,
            "min": 0.000897,
            "med": 0.0041955
        },
        "http_reqs": {
            "count": 5982,
            "rate": 98.06783579193849,
            "thresholds": {
                "count>1000": false
            }
        },
        "http_req_waiting": {
            "max": 308.580824,
            "p(90)": 19.861606900000023,
            "p(95)": 30.77203404999999,
            "avg": 13.823724996823758,
            "min": 2.482357,
            "med": 7.534686
        },
        "data_sent": {
            "count": 507808,
            "rate": 8324.91333297103
        },
        "iterations": {
            "count": 5982,
            "rate": 98.06783579193849
        },
        "vus": {
            "value": 1,
            "min": 1,
            "max": 100
        },
        "http_req_sending": {
            "max": 7.494238,
            "p(90)": 0.022788400000000004,
            "p(95)": 0.030029499999999987,
            "avg": 0.03767973520561692,
            "min": 0.002283,
            "med": 0.010759
        }
    },
    "root_group": {
        "name": "",
        "path": "",
        "id": "d41d8cd98f00b204e9800998ecf8427e",
        "groups": {},
        "checks": {
                "статус 200": {
                    "path": "::статус 200",
                    "id": "63fd587a2004924fac2f18b343720cda",
                    "passes": 5982,
                    "fails": 0,
                    "name": "статус 200"
                },
                "ответ содержит orderId": {
                    "fails": 0,
                    "name": "ответ содержит orderId",
                    "path": "::ответ содержит orderId",
                    "id": "9b0caa480d77dd97e7e57f2f6d3f304a",
                    "passes": 5982
                }
            }
    }
}