{
    "root_group": {
        "name": "",
        "path": "",
        "id": "d41d8cd98f00b204e9800998ecf8427e",
        "groups": {},
        "checks": {
                "статус 200": {
                    "fails": 0,
                    "name": "статус 200",
                    "path": "::статус 200",
                    "id": "63fd587a2004924fac2f18b343720cda",
                    "passes": 6000
                },
                "ответ содержит orderId": {
                    "name": "ответ содержит orderId",
                    "path": "::ответ содержит orderId",
                    "id": "9b0caa480d77dd97e7e57f2f6d3f304a",
                    "passes": 6000,
                    "fails": 0
                }
            }
    },
    "metrics": {
        "http_req_waiting": {
            "p(90)": 16.4584154,
            "p(95)": 27.699661050000007,
            "avg": 9.914652658833363,
            "min": 2.867641,
            "med": 7.827933,
            "max": 63.584435
        },
        "http_req_receiving": {
            "avg": 0.058913846000000054,
            "min": 0.007762,
            "med": 0.050388,
            "max": 3.098815,
            "p(90)": 0.0891266,
            "p(95)": 0.1076405
        },
        "http_req_connecting": {
            "max": 1.270627,
            "p(90)": 0,
            "p(95)": 0,
            "avg": 0.013201450166666665,
            "min": 0,
            "med": 0
        },
        "checks": {
            "passes": 12000,
            "fails": 0,
            "value": 1
        },
        "data_sent": {
            "count": 509338,
            "rate": 8383.484502288744
        },
        "data_received": {
            "count": 6082870,
            "rate": 100121.42501528873
        },
        "http_req_tls_handshaking": {
            "p(90)": 0,
            "p(95)": 0,
            "avg": 0,
            "min": 0,
            "med": 0,
            "max": 0
        },
        "http_reqs": {
            "rate": 98.75742044326647,
            "count": 6000,
            "thresholds": {
                "count>1000": false
            }
        },
        "http_req_duration": {
            "avg": 9.992166761333326,
            "min": 2.90322,
            "med": 7.906057,
            "max": 63.666776,
            "p(90)": 16.5377204,
            "p(95)": 27.765099000000006,
            "thresholds": {
                "p(95)<300": false
            }
        },
        "iteration_duration": {
            "avg": 1010.7878411953361,
            "min": 1003.289407,
            "med": 1008.747721,
            "max": 1063.982503,
            "p(90)": 1017.5352531999999,
            "p(95)": 1029.8268645500002
        },
        "http_req_sending": {
            "avg": 0.018600256499999926,
            "min": 0.001903,
            "med": 0.0136615,
            "max": 3.629216,
            "p(90)": 0.024301300000000005,
            "p(95)": 0.033303400000000004
        },
        "http_req_failed": {
            "passes": 0,
            "fails": 6000,
            "thresholds": {
                "rate<0.01": false
            },
            "value": 0
        },
        "iterations": {
            "count": 6000,
            "rate": 98.75742044326647
        },
        "http_req_blocked": {
            "avg": 0.020787982999999913,
            "min": 0.000947,
            "med": 0.005106,
            "max": 1.924224,
            "p(90)": 0.0083002,
            "p(95)": 0.0108492
        },
        "vus": {
            "value": 100,
            "min": 100,
            "max": 100
        },
        "http_req_duration{expected_response:true}": {
            "med": 7.906057,
            "max": 63.666776,
            "p(90)": 16.5377204,
            "p(95)": 27.765099000000006,
            "avg": 9.992166761333326,
            "min": 2.90322
        },
        "vus_max": {
            "value": 100,
            "min": 100,
            "max": 100
        }
    }
}