{
    "metrics": {
        "vus_max": {
            "max": 100,
            "value": 100,
            "min": 100
        },
        "data_sent": {
            "count": 509293,
            "rate": 8392.80784963844
        },
        "checks": {
            "passes": 12000,
            "fails": 0,
            "value": 1
        },
        "http_req_duration": {
            "avg": 8.957596140166697,
            "min": 2.620413,
            "med": 7.6229925000000005,
            "max": 43.306992,
            "p(90)": 16.3300793,
            "p(95)": 20.588799950000016,
            "thresholds": {
                "p(95)<300": false
            }
        },
        "iterations": {
            "count": 6000,
            "rate": 98.87598513592498
        },
        "iteration_duration": {
            "avg": 1009.7313952513301,
            "min": 1003.202513,
            "med": 1008.356241,
            "max": 1043.721839,
            "p(90)": 1017.0646346,
            "p(95)": 1022.22193285
        },
        "http_req_tls_handshaking": {
            "avg": 0,
            "min": 0,
            "med": 0,
            "max": 0,
            "p(90)": 0,
            "p(95)": 0
        },
        "http_req_blocked": {
            "avg": 0.010933379333333335,
            "min": 0.000797,
            "med": 0.0038975,
            "max": 1.044788,
            "p(90)": 0.007525500000000002,
            "p(95)": 0.00948605
        },
        "http_req_connecting": {
            "avg": 0.005479111666666669,
            "min": 0,
            "med": 0,
            "max": 1.00569,
            "p(90)": 0,
            "p(95)": 0
        },
        "data_received": {
            "count": 6080378,
            "rate": 100200.56079146753
        },
        "http_reqs": {
            "count": 6000,
            "rate": 98.87598513592498,
            "thresholds": {
                "count>1000": false
            }
        },
        "http_req_waiting": {
            "med": 7.5546165,
            "max": 43.240736,
            "p(90)": 16.2813857,
            "p(95)": 20.565735000000007,
            "avg": 8.89492815633334,
            "min": 2.575952
        },
        "http_req_duration{expected_response:true}": {
            "avg": 8.957596140166697,
            "min": 2.620413,
            "med": 7.6229925000000005,
            "max": 43.306992,
            "p(90)": 16.3300793,
            "p(95)": 20.588799950000016
        },
        "http_req_failed": {
            "passes": 0,
            "fails": 6000,
            "thresholds": {
                "rate<0.01": false
            },
            "value": 0
        },
        "http_req_receiving": {
            "p(95)": 0.0989368,
            "avg": 0.048413194166666715,
            "min": 0.007329,
            "med": 0.035944000000000004,
            "max": 1.806877,
            "p(90)": 0.0777512
        },
        "http_req_sending": {
            "avg": 0.014254789666666679,
            "min": 0.001813,
            "med": 0.0101595,
            "max": 1.881751,
            "p(90)": 0.0207431,
            "p(95)": 0.02583395000000002
        },
        "vus": {
            "value": 100,
            "min": 100,
            "max": 100
        }
    },
    "root_group": {
        "checks": {
            "статус 200": {
                "name": "статус 200",
                "path": "::статус 200",
                "id": "63fd587a2004924fac2f18b343720cda",
                "passes": 6000,
                "fails": 0
            },
            "ответ содержит orderId": {
                "path": "::ответ содержит orderId",
                "id": "9b0caa480d77dd97e7e57f2f6d3f304a",
                "passes": 6000,
                "fails": 0,
                "name": "ответ содержит orderId"
            }
        },
        "name": "",
        "path": "",
        "id": "d41d8cd98f00b204e9800998ecf8427e",
        "groups": {}
    }
}