{
    "metrics": {
        "http_req_sending": {
            "p(90)": 0.024462000000000005,
            "p(95)": 0.03347619999999999,
            "avg": 0.030711745614035117,
            "min": 0.002207,
            "med": 0.014835000000000001,
            "max": 3.860268
        },
        "http_req_waiting": {
            "p(95)": 40.95477415,
            "avg": 16.176310447705827,
            "min": 3.118528,
            "med": 8.857591,
            "max": 343.691617,
            "p(90)": 22.50866310000001
        },
        "http_req_blocked": {
            "max": 4.894775,
            "p(90)": 0.0084329,
            "p(95)": 0.010494849999999997,
            "avg": 0.033112059379217136,
            "min": 0.000867,
            "med": 0.005657
        },
        "http_req_connecting": {
            "max": 4.429007,
            "p(90)": 0,
            "p(95)": 0,
            "avg": 0.022638863191632948,
            "min": 0,
            "med": 0
        },
        "http_req_receiving": {
            "med": 0.055224,
            "max": 1.408214,
            "p(90)": 0.09285979999999999,
            "p(95)": 0.11389154999999997,
            "avg": 0.06306587466261808,
            "min": 0.009205
        },
        "data_received": {
            "rate": 98424.74173315294,
            "count": 6004687
        },
        "data_sent": {
            "count": 503207,
            "rate": 8248.226595876637
        },
        "iteration_duration": {
            "med": 1009.653863,
            "max": 1343.973592,
            "p(90)": 1023.3355191,
            "p(95)": 1044.01856525,
            "avg": 1017.1213315986855,
            "min": 1003.597272
        },
        "vus": {
            "value": 10,
            "min": 10,
            "max": 100
        },
        "iterations": {
            "count": 5928,
            "rate": 97.16774063229785
        },
        "http_req_duration": {
            "max": 343.730347,
            "p(90)": 22.578306200000004,
            "p(95)": 41.0779984,
            "avg": 16.270088067982456,
            "min": 3.17777,
            "med": 8.946385,
            "thresholds": {
                "p(95)<300": false
            }
        },
        "vus_max": {
            "value": 100,
            "min": 100,
            "max": 100
        },
        "http_req_duration{expected_response:true}": {
            "max": 343.730347,
            "p(90)": 22.578306200000004,
            "p(95)": 41.0779984,
            "avg": 16.270088067982456,
            "min": 3.17777,
            "med": 8.946385
        },
        "http_reqs": {
            "count": 5928,
            "rate": 97.16774063229785,
            "thresholds": {
                "count>1000": false
            }
        },
        "http_req_failed": {
            "passes": 0,
            "fails": 5928,
            "thresholds": {
                "rate<0.01": false
            },
            "value": 0
        },
        "checks": {
            "passes": 11856,
            "fails": 0,
            "value": 1
        },
        "http_req_tls_handshaking": {
            "med": 0,
            "max": 0,
            "p(90)": 0,
            "p(95)": 0,
            "avg": 0,
            "min": 0
        }
    },
    "root_group": {
        "id": "d41d8cd98f00b204e9800998ecf8427e",
        "groups": {},
        "checks": {
                "статус 200": {
                    "passes": 5928,
                    "fails": 0,
                    "name": "статус 200",
                    "path": "::статус 200",
                    "id": "63fd587a2004924fac2f18b343720cda"
                },
                "ответ содержит orderId": {
                    "name": "ответ содержит orderId",
                    "path": "::ответ содержит orderId",
                    "id": "9b0caa480d77dd97e7e57f2f6d3f304a",
                    "passes": 5928,
                    "fails": 0
                }
            },
        "name": "",
        "path": ""
    }
}