{
    "metrics": {
        "http_req_receiving": {
            "max": 8.603476,
            "p(90)": 0.08817210000000002,
            "p(95)": 0.10567460000000002,
            "avg": 0.058991818070175575,
            "min": 0.006555,
            "med": 0.049414
        },
        "http_reqs": {
            "count": 5700,
            "rate": 94.6059234063053,
            "thresholds": {
                "count>1000": false
            }
        },
        "vus": {
            "value": 100,
            "min": 100,
            "max": 100
        },
        "vus_max": {
            "value": 100,
            "min": 100,
            "max": 100
        },
        "data_received": {
            "count": 5768065,
            "rate": 95735.63431448954
        },
        "checks": {
            "passes": 11400,
            "fails": 0,
            "value": 1
        },
        "http_req_duration{expected_response:true}": {
            "min": 2.446674,
            "med": 7.727354500000001,
            "max": 2916.681204,
            "p(90)": 16.32893590000001,
            "p(95)": 35.20752780000021,
            "avg": 61.026701725087406
        },
        "http_req_blocked": {
            "min": 0.000778,
            "med": 0.004824,
            "max": 3.506123,
            "p(90)": 0.008154700000000003,
            "p(95)": 0.010657400000000001,
            "avg": 0.015772977543859628
        },
        "http_req_failed": {
            "passes": 0,
            "fails": 5700,
            "thresholds": {
                "rate<0.01": false
            },
            "value": 0
        },
        "http_req_connecting": {
            "max": 3.04547,
            "p(90)": 0,
            "p(95)": 0,
            "avg": 0.008572380526315787,
            "min": 0,
            "med": 0
        },
        "http_req_waiting": {
            "max": 2916.555504,
            "p(90)": 16.237966300000004,
            "p(95)": 35.11222290000022,
            "avg": 60.946134974386034,
            "min": 2.409216,
            "med": 7.6471754999999995
        },
        "http_req_sending": {
            "p(90)": 0.023241000000000005,
            "p(95)": 0.030745150000000002,
            "avg": 0.021574932631578954,
            "min": 0.002167,
            "med": 0.0130655,
            "max": 2.832289
        },
        "data_sent": {
            "count": 483871,
            "rate": 8031.063642900413
        },
        "http_req_tls_handshaking": {
            "p(90)": 0,
            "p(95)": 0,
            "avg": 0,
            "min": 0,
            "med": 0,
            "max": 0
        },
        "iteration_duration": {
            "med": 1008.494438,
            "max": 3918.738838,
            "p(90)": 1017.1130999000001,
            "p(95)": 1036.7230185,
            "avg": 1061.8110509236844,
            "min": 1003.163005
        },
        "iterations": {
            "rate": 94.6059234063053,
            "count": 5700
        },
        "http_req_duration": {
            "avg": 61.026701725087406,
            "min": 2.446674,
            "med": 7.727354500000001,
            "max": 2916.681204,
            "p(90)": 16.32893590000001,
            "p(95)": 35.20752780000021,
            "thresholds": {
                "p(95)<300": false
            }
        }
    },
    "root_group": {
        "id": "d41d8cd98f00b204e9800998ecf8427e",
        "groups": {},
        "checks": {
                "статус 200": {
                    "name": "статус 200",
                    "path": "::статус 200",
                    "id": "63fd587a2004924fac2f18b343720cda",
                    "passes": 5700,
                    "fails": 0
                },
                "ответ содержит orderId": {
                    "name": "ответ содержит orderId",
                    "path": "::ответ содержит orderId",
                    "id": "9b0caa480d77dd97e7e57f2f6d3f304a",
                    "passes": 5700,
                    "fails": 0
                }
            },
        "name": "",
        "path": ""
    }
}