{
    "metrics": {
        "http_reqs": {
            "rate": 97.95641982517589,
            "count": 5976,
            "thresholds": {
                "count>1000": false
            }
        },
        "http_req_failed": {
            "passes": 0,
            "fails": 5976,
            "thresholds": {
                "rate<0.01": false
            },
            "value": 0
        },
        "http_req_receiving": {
            "p(95)": 0.115108,
            "avg": 0.06302416449129848,
            "min": 0.007573,
            "med": 0.051265500000000006,
            "max": 5.423657,
            "p(90)": 0.09265499999999999
        },
        "data_sent": {
            "count": 507279,
            "rate": 8315.13298067192
        },
        "vus": {
            "value": 15,
            "min": 15,
            "max": 100
        },
        "vus_max": {
            "value": 100,
            "min": 100,
            "max": 100
        },
        "http_req_duration{expected_response:true}": {
            "avg": 13.982583760374812,
            "min": 2.645231,
            "med": 8.423419500000001,
            "max": 310.458461,
            "p(90)": 24.9719815,
            "p(95)": 42.406343
        },
        "http_req_sending": {
            "avg": 0.019282447456492637,
            "min": 0.002157,
            "med": 0.0135985,
            "max": 1.085381,
            "p(90)": 0.024183999999999997,
            "p(95)": 0.032742
        },
        "data_received": {
            "count": 6058234,
            "rate": 99304.36966250914
        },
        "checks": {
            "passes": 11952,
            "fails": 0,
            "value": 1
        },
        "http_req_duration": {
            "p(95)": 42.406343,
            "avg": 13.982583760374812,
            "min": 2.645231,
            "med": 8.423419500000001,
            "max": 310.458461,
            "p(90)": 24.9719815,
            "thresholds": {
                "p(95)<300": false
            }
        },
        "http_req_tls_handshaking": {
            "p(95)": 0,
            "avg": 0,
            "min": 0,
            "med": 0,
            "max": 0,
            "p(90)": 0
        },
        "http_req_blocked": {
            "med": 0.0050965,
            "max": 0.775018,
            "p(90)": 0.008236,
            "p(95)": 0.01015025,
            "avg": 0.009794007362784535,
            "min": 0.000847
        },
        "http_req_connecting": {
            "max": 0.744877,
            "p(90)": 0,
            "p(95)": 0,
            "avg": 0.003357281459170014,
            "min": 0,
            "med": 0
        },
        "http_req_waiting": {
            "avg": 13.90027714842698,
            "min": 2.612345,
            "med": 8.325721,
            "max": 310.38179,
            "p(90)": 24.9028745,
            "p(95)": 42.212096
        },
        "iteration_duration": {
            "med": 1009.1944005,
            "max": 1311.137504,
            "p(90)": 1026.1671515,
            "p(95)": 1043.55739325,
            "avg": 1014.7946545001647,
            "min": 1002.828052
        },
        "iterations": {
            "count": 5976,
            "rate": 97.95641982517589
        }
    },
    "root_group": {
        "name": "",
        "path": "",
        "id": "d41d8cd98f00b204e9800998ecf8427e",
        "groups": {},
        "checks": {
                "статус 200": {
                    "name": "статус 200",
                    "path": "::статус 200",
                    "id": "63fd587a2004924fac2f18b343720cda",
                    "passes": 5976,
                    "fails": 0
                },
                "ответ содержит orderId": {
                    "name": "ответ содержит orderId",
                    "path": "::ответ содержит orderId",
                    "id": "9b0caa480d77dd97e7e57f2f6d3f304a",
                    "passes": 5976,
                    "fails": 0
                }
            }
    }
}