{
    "root_group": {
        "name": "",
        "path": "",
        "id": "d41d8cd98f00b204e9800998ecf8427e",
        "groups": {},
        "checks": {
                "статус 200": {
                    "name": "статус 200",
                    "path": "::статус 200",
                    "id": "63fd587a2004924fac2f18b343720cda",
                    "passes": 6000,
                    "fails": 0
                },
                "ответ содержит orderId": {
                    "name": "ответ содержит orderId",
                    "path": "::ответ содержит orderId",
                    "id": "9b0caa480d77dd97e7e57f2f6d3f304a",
                    "passes": 6000,
                    "fails": 0
                }
            }
    },
    "metrics": {
        "iterations": {
            "count": 6000,
            "rate": 98.36787335624315
        },
        "http_req_connecting": {
            "p(90)": 0,
            "p(95)": 0,
            "avg": 0.008355432333333333,
            "min": 0,
            "med": 0,
            "max": 1.198702
        },
        "http_req_failed": {
            "fails": 6000,
            "passes": 0,
            "thresholds": {
                "rate<0.01": false
            },
            "value": 0
        },
        "http_req_blocked": {
            "p(90)": 0.007778200000000008,
            "p(95)": 0.009595700000000002,
            "avg": 0.015720329999999907,
            "min": 0.00078,
            "med": 0.004148,
            "max": 6.738399
        },
        "http_req_receiving": {
            "p(90)": 0.08136580000000003,
            "p(95)": 0.0979333,
            "avg": 0.05093468499999985,
            "min": 0.006706,
            "med": 0.040882,
            "max": 1.370637
        },
        "vus": {
            "value": 11,
            "min": 11,
            "max": 100
        },
        "iteration_duration": {
            "avg": 1013.7689765241659,
            "min": 1003.358985,
            "med": 1008.302713,
            "max": 1340.38867,
            "p(90)": 1018.6354087,
            "p(95)": 1028.4558591
        },
        "http_req_tls_handshaking": {
            "max": 0,
            "p(90)": 0,
            "p(95)": 0,
            "avg": 0,
            "min": 0,
            "med": 0
        },
        "data_received": {
            "count": 6068473,
            "rate": 99490.46392163016
        },
        "http_req_duration{expected_response:true}": {
            "p(95)": 27.373313450000005,
            "avg": 13.003111278000002,
            "min": 2.601271,
            "med": 7.4618495,
            "max": 339.994618,
            "p(90)": 17.9802949
        },
        "vus_max": {
            "max": 100,
            "value": 100,
            "min": 100
        },
        "data_sent": {
            "count": 509348,
            "rate": 8350.579926375956
        },
        "http_reqs": {
            "count": 6000,
            "rate": 98.36787335624315,
            "thresholds": {
                "count>1000": false
            }
        },
        "checks": {
            "passes": 12000,
            "fails": 0,
            "value": 1
        },
        "http_req_sending": {
            "max": 1.37026,
            "p(90)": 0.022374200000000004,
            "p(95)": 0.02809315,
            "avg": 0.015291078833333301,
            "min": 0.002096,
            "med": 0.0110905
        },
        "http_req_duration": {
            "avg": 13.003111278000002,
            "min": 2.601271,
            "med": 7.4618495,
            "max": 339.994618,
            "p(90)": 17.9802949,
            "p(95)": 27.373313450000005,
            "thresholds": {
                "p(95)<300": false
            }
        },
        "http_req_waiting": {
            "max": 339.958856,
            "p(90)": 17.898743900000007,
            "p(95)": 27.246042400000015,
            "avg": 12.936885514166718,
            "min": 2.552261,
            "med": 7.385818
        }
    }
}