{
    "root_group": {
        "name": "",
        "path": "",
        "id": "d41d8cd98f00b204e9800998ecf8427e",
        "groups": {},
        "checks": {
                "статус 200": {
                    "name": "статус 200",
                    "path": "::статус 200",
                    "id": "63fd587a2004924fac2f18b343720cda",
                    "passes": 6000,
                    "fails": 0
                },
                "ответ содержит orderId": {
                    "name": "ответ содержит orderId",
                    "path": "::ответ содержит orderId",
                    "id": "9b0caa480d77dd97e7e57f2f6d3f304a",
                    "passes": 6000,
                    "fails": 0
                }
            }
    },
    "metrics": {
        "http_req_tls_handshaking": {
            "p(90)": 0,
            "p(95)": 0,
            "avg": 0,
            "min": 0,
            "med": 0,
            "max": 0
        },
        "vus_max": {
            "value": 100,
            "min": 100,
            "max": 100
        },
        "checks": {
            "passes": 12000,
            "fails": 0,
            "value": 1
        },
        "http_reqs": {
            "count": 6000,
            "rate": 98.46585385048904,
            "thresholds": {
                "count>1000": false
            }
        },
        "data_sent": {
            "count": 509331,
            "rate": 8358.61863458724
        },
        "iteration_duration": {
            "p(90)": 1025.5399806,
            "p(95)": 1034.86056945,
            "avg": 1013.4819356223353,
            "min": 1003.260641,
            "med": 1008.6288179999999,
            "max": 1235.399595
        },
        "http_req_connecting": {
            "p(90)": 0,
            "p(95)": 0,
            "avg": 0.0021472976666666657,
            "min": 0,
            "med": 0,
            "max": 0.969462
        },
        "vus": {
            "value": 100,
            "min": 100,
            "max": 100
        },
        "http_req_duration{expected_response:true}": {
            "avg": 12.697706778333322,
            "min": 2.892785,
            "med": 7.8228385,
            "max": 234.95282,
            "p(90)": 24.868805000000023,
            "p(95)": 33.8177296
        },
        "http_req_duration": {
            "max": 234.95282,
            "p(90)": 24.868805000000023,
            "p(95)": 33.8177296,
            "avg": 12.697706778333322,
            "min": 2.892785,
            "med": 7.8228385,
            "thresholds": {
                "p(95)<300": false
            }
        },
        "iterations": {
            "count": 6000,
            "rate": 98.46585385048904
        },
        "data_received": {
            "count": 6083212,
            "rate": 99831.44395559019
        },
        "http_req_failed": {
            "passes": 0,
            "fails": 6000,
            "thresholds": {
                "rate<0.01": false
            },
            "value": 0
        },
        "http_req_blocked": {
            "avg": 0.007957873499999976,
            "min": 0.000881,
            "med": 0.004422499999999999,
            "max": 1.030386,
            "p(90)": 0.008013,
            "p(95)": 0.01024250000000001
        },
        "http_req_waiting": {
            "avg": 12.627569780166688,
            "min": 2.865403,
            "med": 7.736193999999999,
            "max": 234.906311,
            "p(90)": 24.63792700000001,
            "p(95)": 33.617342250000014
        },
        "http_req_sending": {
            "p(90)": 0.02241940000000001,
            "p(95)": 0.029194450000000004,
            "avg": 0.017438463666666643,
            "min": 0.001978,
            "med": 0.011541,
            "max": 1.471763
        },
        "http_req_receiving": {
            "avg": 0.05269853449999988,
            "min": 0.007937,
            "med": 0.043512499999999996,
            "max": 2.395626,
            "p(90)": 0.08626720000000004,
            "p(95)": 0.10523895
        }
    }
}