{
    "root_group": {
        "id": "d41d8cd98f00b204e9800998ecf8427e",
        "groups": {},
        "checks": {
                "статус 200": {
                    "name": "статус 200",
                    "path": "::статус 200",
                    "id": "63fd587a2004924fac2f18b343720cda",
                    "passes": 6000,
                    "fails": 0
                },
                "ответ содержит orderId": {
                    "fails": 0,
                    "name": "ответ содержит orderId",
                    "path": "::ответ содержит orderId",
                    "id": "9b0caa480d77dd97e7e57f2f6d3f304a",
                    "passes": 6000
                }
            },
        "name": "",
        "path": ""
    },
    "metrics": {
        "http_req_receiving": {
            "min": 0.00745,
            "med": 0.0502955,
            "max": 3.794585,
            "p(90)": 0.0912966,
            "p(95)": 0.11141325,
            "avg": 0.06045266966666679
        },
        "http_req_blocked": {
            "p(90)": 0.008398300000000001,
            "p(95)": 0.010688900000000003,
            "avg": 0.015244090999999994,
            "min": 0.000829,
            "med": 0.0051235,
            "max": 2.204626
        },
        "http_req_connecting": {
            "max": 2.136857,
            "p(90)": 0,
            "p(95)": 0,
            "avg": 0.007960606333333332,
            "min": 0,
            "med": 0
        },
        "http_req_waiting": {
            "med": 8.485258,
            "max": 175.418635,
            "p(90)": 17.98600270000001,
            "p(95)": 35.69986875,
            "avg": 12.872933591833355,
            "min": 2.83131
        },
        "http_req_tls_handshaking": {
            "p(90)": 0,
            "p(95)": 0,
            "avg": 0,
            "min": 0,
            "med": 0,
            "max": 0
        },
        "http_req_duration": {
            "p(95)": 35.76306195,
            "avg": 12.954049063499966,
            "min": 2.864706,
            "med": 8.5689455,
            "max": 175.489951,
            "p(90)": 18.081841600000008,
            "thresholds": {
                "p(95)<300": false
            }
        },
        "data_received": {
            "count": 6091386,
            "rate": 99936.59704131725
        },
        "vus_max": {
            "max": 100,
            "value": 100,
            "min": 100
        },
        "vus": {
            "value": 100,
            "min": 100,
            "max": 100
        },
        "http_req_failed": {
            "passes": 0,
            "fails": 6000,
            "thresholds": {
                "rate<0.01": false
            },
            "value": 0
        },
        "http_req_sending": {
            "max": 1.996322,
            "p(90)": 0.0243955,
            "p(95)": 0.032714400000000025,
            "avg": 0.020662801999999935,
            "min": 0.002081,
            "med": 0.013624500000000001
        },
        "checks": {
            "passes": 12000,
            "fails": 0,
            "value": 1
        },
        "data_sent": {
            "count": 509318,
            "rate": 8355.981336905856
        },
        "http_reqs": {
            "rate": 98.43729854714567,
            "count": 6000,
            "thresholds": {
                "count>1000": false
            }
        },
        "iteration_duration": {
            "avg": 1013.7372305936674,
            "min": 1003.289866,
            "med": 1009.3024875,
            "max": 1176.087601,
            "p(90)": 1019.0053801,
            "p(95)": 1036.3062975
        },
        "iterations": {
            "count": 6000,
            "rate": 98.43729854714567
        },
        "http_req_duration{expected_response:true}": {
            "max": 175.489951,
            "p(90)": 18.081841600000008,
            "p(95)": 35.76306195,
            "avg": 12.954049063499966,
            "min": 2.864706,
            "med": 8.5689455
        }
    }
}