{
    "metrics": {
        "http_req_blocked": {
            "med": 0.004792,
            "max": 2.053272,
            "p(90)": 0.0082766,
            "p(95)": 0.010257400000000002,
            "avg": 0.011679029406850495,
            "min": 0.000842
        },
        "iteration_duration": {
            "p(95)": 1031.1733586,
            "avg": 1013.6026382753512,
            "min": 1002.968016,
            "med": 1008.466384,
            "max": 1304.305638,
            "p(90)": 1017.8080316
        },
        "http_req_duration{expected_response:true}": {
            "avg": 12.826524891395136,
            "min": 2.669295,
            "med": 7.580821,
            "max": 303.604489,
            "p(90)": 17.05508500000001,
            "p(95)": 30.212267
        },
        "iterations": {
            "rate": 98.13534123752169,
            "count": 5985
        },
        "checks": {
            "passes": 11970,
            "fails": 0,
            "value": 1
        },
        "vus_max": {
            "value": 100,
            "min": 100,
            "max": 100
        },
        "http_req_receiving": {
            "avg": 0.05412113199665842,
            "min": 0.006146,
            "med": 0.046768,
            "max": 1.13155,
            "p(90)": 0.08615100000000002,
            "p(95)": 0.10293760000000003
        },
        "vus": {
            "value": 7,
            "min": 7,
            "max": 100
        },
        "http_reqs": {
            "count": 5985,
            "rate": 98.13534123752169,
            "thresholds": {
                "count>1000": false
            }
        },
        "http_req_connecting": {
            "med": 0,
            "max": 1.286433,
            "p(90)": 0,
            "p(95)": 0,
            "avg": 0.004665490726817043,
            "min": 0
        },
        "http_req_waiting": {
            "avg": 12.751712871010856,
            "min": 2.622822,
            "med": 7.49717,
            "max": 303.539828,
            "p(90)": 16.968666000000002,
            "p(95)": 30.17302
        },
        "http_req_sending": {
            "avg": 0.02069088838763575,
            "min": 0.002157,
            "med": 0.012719,
            "max": 3.494929,
            "p(90)": 0.023847600000000004,
            "p(95)": 0.031318000000000026
        },
        "data_sent": {
            "count": 508099,
            "rate": 8331.239556799253
        },
        "http_req_failed": {
            "fails": 5985,
            "passes": 0,
            "thresholds": {
                "rate<0.01": false
            },
            "value": 0
        },
        "http_req_tls_handshaking": {
            "min": 0,
            "med": 0,
            "max": 0,
            "p(90)": 0,
            "p(95)": 0,
            "avg": 0
        },
        "data_received": {
            "count": 6063922,
            "rate": 99429.415991264
        },
        "http_req_duration": {
            "p(95)": 30.212267,
            "avg": 12.826524891395136,
            "min": 2.669295,
            "med": 7.580821,
            "max": 303.604489,
            "p(90)": 17.05508500000001,
            "thresholds": {
                "p(95)<300": false
            }
        }
    },
    "root_group": {
        "name": "",
        "path": "",
        "id": "d41d8cd98f00b204e9800998ecf8427e",
        "groups": {},
        "checks": {
                "статус 200": {
                    "fails": 0,
                    "name": "статус 200",
                    "path": "::статус 200",
                    "id": "63fd587a2004924fac2f18b343720cda",
                    "passes": 5985
                },
                "ответ содержит orderId": {
                    "id": "9b0caa480d77dd97e7e57f2f6d3f304a",
                    "passes": 5985,
                    "fails": 0,
                    "name": "ответ содержит orderId",
                    "path": "::ответ содержит orderId"
                }
            }
    }
}