{
    "root_group": {
        "id": "d41d8cd98f00b204e9800998ecf8427e",
        "groups": {},
        "checks": {
                "статус 200": {
                    "name": "статус 200",
                    "path": "::статус 200",
                    "id": "63fd587a2004924fac2f18b343720cda",
                    "passes": 10000,
                    "fails": 0
                },
                "ответ не пустой": {
                    "name": "ответ не пустой",
                    "path": "::ответ не пустой",
                    "id": "1c568cf298ad7d73e64d124a4ad0618f",
                    "passes": 10000,
                    "fails": 0
                }
            },
        "name": "",
        "path": ""
    },
    "metrics": {
        "http_req_tls_handshaking": {
            "avg": 0,
            "min": 0,
            "med": 0,
            "max": 0,
            "p(90)": 0,
            "p(95)": 0
        },
        "iteration_duration": {
            "p(95)": 1067.081735,
            "avg": 1037.6737754000062,
            "min": 1015.6174,
            "med": 1029.6761000000001,
            "max": 1462.9844,
            "p(90)": 1055.7286
        },
        "iterations": {
            "count": 10000,
            "rate": 95.84795762700581
        },
        "http_req_duration{expected_response:true}": {
            "avg": 37.142594320000015,
            "min": 15.2889,
            "med": 29.189349999999997,
            "max": 455.663,
            "p(90)": 55.342,
            "p(95)": 66.56059499999996
        },
        "vus_max": {
            "value": 100,
            "min": 100,
            "max": 100
        },
        "data_received": {
            "count": 48368670,
            "rate": 463603.82326346275
        },
        "data_sent": {
            "rate": 10053.24307080681,
            "count": 1048874
        },
        "http_req_duration": {
            "avg": 37.142594320000015,
            "min": 15.2889,
            "med": 29.189349999999997,
            "max": 455.663,
            "p(90)": 55.342,
            "p(95)": 66.56059499999996,
            "thresholds": {
                "p(95)<300": false
            }
        },
        "http_req_blocked": {
            "avg": 0.07044493999999997,
            "min": 0,
            "med": 0,
            "max": 9.62,
            "p(90)": 0,
            "p(95)": 0
        },
        "checks": {
            "passes": 20000,
            "fails": 0,
            "value": 1
        },
        "http_req_waiting": {
            "avg": 37.040297960000004,
            "min": 15.2889,
            "med": 29.0651,
            "max": 454.8939,
            "p(90)": 55.17050000000001,
            "p(95)": 66.52243999999999
        },
        "http_req_failed": {
            "passes": 0,
            "fails": 10000,
            "thresholds": {
                "rate<0.01": false
            },
            "value": 0
        },
        "http_reqs": {
            "rate": 95.84795762700581,
            "count": 10000
        },
        "http_req_receiving": {
            "max": 3.2958,
            "p(90)": 0.5264,
            "p(95)": 0.5596,
            "avg": 0.09563839000000003,
            "min": 0,
            "med": 0
        },
        "http_req_sending": {
            "avg": 0.006657969999999997,
            "min": 0,
            "med": 0,
            "max": 10.0655,
            "p(90)": 0,
            "p(95)": 0
        },
        "http_req_connecting": {
            "avg": 0.014618140000000005,
            "min": 0,
            "med": 0,
            "max": 5.9145,
            "p(90)": 0,
            "p(95)": 0
        },
        "vus": {
            "min": 26,
            "max": 100,
            "value": 26
        }
    }
}