{
    "metrics": {
        "data_sent": {
            "rate": 9997.459960562113,
            "count": 1048918
        },
        "http_req_sending": {
            "avg": 0.016610110000000004,
            "min": 0,
            "med": 0,
            "max": 4.6184,
            "p(90)": 0,
            "p(95)": 0
        },
        "http_req_receiving": {
            "p(95)": 0.5654099999999999,
            "avg": 0.10029497000000002,
            "min": 0,
            "med": 0,
            "max": 7.7878,
            "p(90)": 0.5291
        },
        "data_received": {
            "count": 48291640,
            "rate": 460277.86474241054
        },
        "http_req_duration": {
            "max": 357.187,
            "p(90)": 82.53319000000002,
            "p(95)": 112.74554499999996,
            "avg": 44.00453714999996,
            "min": 15.0571,
            "med": 28.27165,
            "thresholds": {
                "p(95)<300": false
            }
        },
        "http_req_duration{expected_response:true}": {
            "min": 15.0571,
            "med": 28.27165,
            "max": 357.187,
            "p(90)": 82.53319000000002,
            "p(95)": 112.74554499999996,
            "avg": 44.00453714999996
        },
        "http_req_blocked": {
            "avg": 0.12376108000000001,
            "min": 0,
            "med": 0,
            "max": 16.1806,
            "p(90)": 0,
            "p(95)": 0
        },
        "vus_max": {
            "value": 100,
            "min": 100,
            "max": 100
        },
        "iterations": {
            "count": 10000,
            "rate": 95.31212125792591
        },
        "checks": {
            "passes": 20000,
            "fails": 0,
            "value": 1
        },
        "http_req_waiting": {
            "p(90)": 82.30289000000006,
            "p(95)": 112.74554499999996,
            "avg": 43.887632069999896,
            "min": 15.0571,
            "med": 28.2016,
            "max": 357.1675
        },
        "vus": {
            "value": 97,
            "min": 97,
            "max": 100
        },
        "http_req_tls_handshaking": {
            "avg": 0,
            "min": 0,
            "med": 0,
            "max": 0,
            "p(90)": 0,
            "p(95)": 0
        },
        "http_reqs": {
            "count": 10000,
            "rate": 95.31212125792591
        },
        "iteration_duration": {
            "avg": 1044.8025722300008,
            "min": 1016.0788,
            "med": 1029.0003,
            "max": 1368.2081,
            "p(90)": 1083.25604,
            "p(95)": 1113.59872
        },
        "http_req_failed": {
            "passes": 0,
            "fails": 10000,
            "thresholds": {
                "rate<0.01": false
            },
            "value": 0
        },
        "http_req_connecting": {
            "p(95)": 0,
            "avg": 0.03724255,
            "min": 0,
            "med": 0,
            "max": 8.7331,
            "p(90)": 0
        }
    },
    "root_group": {
        "name": "",
        "path": "",
        "id": "d41d8cd98f00b204e9800998ecf8427e",
        "groups": {},
        "checks": {
                "статус 200": {
                    "id": "63fd587a2004924fac2f18b343720cda",
                    "passes": 10000,
                    "fails": 0,
                    "name": "статус 200",
                    "path": "::статус 200"
                },
                "ответ не пустой": {
                    "passes": 10000,
                    "fails": 0,
                    "name": "ответ не пустой",
                    "path": "::ответ не пустой",
                    "id": "1c568cf298ad7d73e64d124a4ad0618f"
                }
            }
    }
}