{
    "root_group": {
        "path": "",
        "id": "d41d8cd98f00b204e9800998ecf8427e",
        "groups": {},
        "checks": {
                "статус 200": {
                    "name": "статус 200",
                    "path": "::статус 200",
                    "id": "63fd587a2004924fac2f18b343720cda",
                    "passes": 10000,
                    "fails": 0
                },
                "ответ не пустой": {
                    "name": "ответ не пустой",
                    "path": "::ответ не пустой",
                    "id": "1c568cf298ad7d73e64d124a4ad0618f",
                    "passes": 10000,
                    "fails": 0
                }
            },
        "name": ""
    },
    "metrics": {
        "http_req_duration{expected_response:true}": {
            "p(95)": 98.69397499999997,
            "avg": 41.55472272999981,
            "min": 15.8033,
            "med": 29.45055,
            "max": 318.7175,
            "p(90)": 76.82168000000001
        },
        "http_req_connecting": {
            "avg": 0.04447883999999998,
            "min": 0,
            "med": 0,
            "max": 12.1414,
            "p(90)": 0,
            "p(95)": 0
        },
        "iteration_duration": {
            "avg": 1042.3856130600004,
            "min": 1016.696,
            "med": 1030.12415,
            "max": 1336.3605,
            "p(90)": 1077.84906,
            "p(95)": 1099.689175
        },
        "http_req_failed": {
            "passes": 0,
            "fails": 10000,
            "thresholds": {
                "rate<0.01": false
            },
            "value": 0
        },
        "http_reqs": {
            "count": 10000,
            "rate": 95.57690087863645
        },
        "http_req_sending": {
            "med": 0,
            "max": 3.3825,
            "p(90)": 0,
            "p(95)": 0,
            "avg": 0.00971761,
            "min": 0
        },
        "http_req_waiting": {
            "p(95)": 98.46680999999998,
            "avg": 41.43568150999992,
            "min": 15.8033,
            "med": 29.33885,
            "max": 318.7175,
            "p(90)": 76.81772
        },
        "vus": {
            "value": 94,
            "min": 94,
            "max": 100
        },
        "vus_max": {
            "value": 100,
            "min": 100,
            "max": 100
        },
        "iterations": {
            "count": 10000,
            "rate": 95.57690087863645
        },
        "http_req_blocked": {
            "min": 0,
            "med": 0,
            "max": 19.0113,
            "p(90)": 0,
            "p(95)": 0,
            "avg": 0.17029574000000006
        },
        "checks": {
            "passes": 20000,
            "fails": 0,
            "value": 1
        },
        "http_req_tls_handshaking": {
            "avg": 0,
            "min": 0,
            "med": 0,
            "max": 0,
            "p(90)": 0,
            "p(95)": 0
        },
        "data_sent": {
            "count": 1048866,
            "rate": 10024.73617169719
        },
        "http_req_duration": {
            "avg": 41.55472272999981,
            "min": 15.8033,
            "med": 29.45055,
            "max": 318.7175,
            "p(90)": 76.82168000000001,
            "p(95)": 98.69397499999997,
            "thresholds": {
                "p(95)<300": false
            }
        },
        "http_req_receiving": {
            "avg": 0.10932361,
            "min": 0,
            "med": 0,
            "max": 6.4585,
            "p(90)": 0.5277,
            "p(95)": 0.5609
        },
        "data_received": {
            "count": 48351461,
            "rate": 462128.2795334256
        }
    }
}