{
    "root_group": {
        "checks": {
            "статус 200": {
                "path": "::статус 200",
                "id": "63fd587a2004924fac2f18b343720cda",
                "passes": 10000,
                "fails": 0,
                "name": "статус 200"
            },
            "ответ не пустой": {
                "name": "ответ не пустой",
                "path": "::ответ не пустой",
                "id": "1c568cf298ad7d73e64d124a4ad0618f",
                "passes": 10000,
                "fails": 0
            }
        },
        "name": "",
        "path": "",
        "id": "d41d8cd98f00b204e9800998ecf8427e",
        "groups": {}
    },
    "metrics": {
        "http_req_duration": {
            "avg": 41.93363184999983,
            "min": 15.4309,
            "med": 31.3175,
            "max": 322.3503,
            "p(90)": 68.292,
            "p(95)": 96.56926,
            "thresholds": {
                "p(95)<300": false
            }
        },
        "http_req_duration{expected_response:true}": {
            "avg": 41.93363184999983,
            "min": 15.4309,
            "med": 31.3175,
            "max": 322.3503,
            "p(90)": 68.292,
            "p(95)": 96.56926
        },
        "data_sent": {
            "count": 1048835,
            "rate": 10020.539289510512
        },
        "http_req_blocked": {
            "p(90)": 0,
            "p(95)": 0,
            "avg": 0.16052584000000006,
            "min": 0,
            "med": 0,
            "max": 16.5547
        },
        "http_req_connecting": {
            "p(95)": 0,
            "avg": 0.06681632000000004,
            "min": 0,
            "med": 0,
            "max": 11.6209,
            "p(90)": 0
        },
        "vus": {
            "value": 73,
            "min": 73,
            "max": 100
        },
        "http_req_tls_handshaking": {
            "min": 0,
            "med": 0,
            "max": 0,
            "p(90)": 0,
            "p(95)": 0,
            "avg": 0
        },
        "data_received": {
            "count": 48301666,
            "rate": 461472.7215451563
        },
        "http_req_receiving": {
            "avg": 0.1076041199999999,
            "min": 0,
            "med": 0,
            "max": 4.254,
            "p(90)": 0.529,
            "p(95)": 0.5561
        },
        "http_req_failed": {
            "passes": 0,
            "fails": 10000,
            "thresholds": {
                "rate<0.01": false
            },
            "value": 0
        },
        "iterations": {
            "count": 10000,
            "rate": 95.53971110337194
        },
        "checks": {
            "passes": 20000,
            "fails": 0,
            "value": 1
        },
        "http_reqs": {
            "rate": 95.53971110337194,
            "count": 10000
        },
        "http_req_sending": {
            "p(90)": 0,
            "p(95)": 0,
            "avg": 0.00919981,
            "min": 0,
            "med": 0,
            "max": 2.5208
        },
        "http_req_waiting": {
            "med": 31.23285,
            "max": 322.3503,
            "p(90)": 68.11135,
            "p(95)": 96.06499499999988,
            "avg": 41.81682791999995,
            "min": 14.7139
        },
        "vus_max": {
            "max": 100,
            "value": 100,
            "min": 100
        },
        "iteration_duration": {
            "max": 1339.4413,
            "p(90)": 1068.81071,
            "p(95)": 1097.231595,
            "avg": 1042.7420851599984,
            "min": 1015.9643,
            "med": 1031.99345
        }
    }
}