{
    "metrics": {
        "http_req_tls_handshaking": {
            "avg": 0,
            "min": 0,
            "med": 0,
            "max": 0,
            "p(90)": 0,
            "p(95)": 0
        },
        "vus_max": {
            "value": 100,
            "min": 100,
            "max": 100
        },
        "iterations": {
            "count": 10000,
            "rate": 95.34406626318024
        },
        "http_req_sending": {
            "avg": 0.008929509999999996,
            "min": 0,
            "med": 0,
            "max": 3.3445,
            "p(90)": 0,
            "p(95)": 0
        },
        "checks": {
            "passes": 20000,
            "fails": 0,
            "value": 1
        },
        "data_received": {
            "count": 48307504,
            "rate": 460583.38623848447
        },
        "iteration_duration": {
            "max": 1361.1987,
            "p(90)": 1072.30983,
            "p(95)": 1093.6464349999999,
            "avg": 1043.2725769600002,
            "min": 1016.4353,
            "med": 1031.6629
        },
        "http_req_failed": {
            "passes": 0,
            "fails": 10000,
            "thresholds": {
                "rate<0.01": false
            },
            "value": 0
        },
        "http_reqs": {
            "count": 10000,
            "rate": 95.34406626318024
        },
        "http_req_receiving": {
            "avg": 0.11014896999999971,
            "min": 0,
            "med": 0,
            "max": 4.3504,
            "p(90)": 0.5310100000000001,
            "p(95)": 0.5689149999999997
        },
        "vus": {
            "value": 81,
            "min": 81,
            "max": 100
        },
        "data_sent": {
            "count": 1048819,
            "rate": 9999.866823408243
        },
        "http_req_duration": {
            "p(95)": 92.83890999999998,
            "avg": 42.511428760000065,
            "min": 15.3935,
            "med": 30.98,
            "max": 345.8592,
            "p(90)": 71.69722000000002,
            "thresholds": {
                "p(95)<300": false
            }
        },
        "http_req_blocked": {
            "p(90)": 0,
            "p(95)": 0,
            "avg": 0.12344150000000004,
            "min": 0,
            "med": 0,
            "max": 17.0429
        },
        "http_req_duration{expected_response:true}": {
            "avg": 42.511428760000065,
            "min": 15.3935,
            "med": 30.98,
            "max": 345.8592,
            "p(90)": 71.69722000000002,
            "p(95)": 92.83890999999998
        },
        "http_req_waiting": {
            "avg": 42.392350280000024,
            "min": 15.2614,
            "med": 30.86065,
            "max": 345.8592,
            "p(90)": 71.61524000000001,
            "p(95)": 92.79930499999998
        },
        "http_req_connecting": {
            "avg": 0.026849090000000003,
            "min": 0,
            "med": 0,
            "max": 12.9663,
            "p(90)": 0,
            "p(95)": 0
        }
    },
    "root_group": {
        "id": "d41d8cd98f00b204e9800998ecf8427e",
        "groups": {},
        "checks": {
                "статус 200": {
                    "name": "статус 200",
                    "path": "::статус 200",
                    "id": "63fd587a2004924fac2f18b343720cda",
                    "passes": 10000,
                    "fails": 0
                },
                "ответ не пустой": {
                    "id": "1c568cf298ad7d73e64d124a4ad0618f",
                    "passes": 10000,
                    "fails": 0,
                    "name": "ответ не пустой",
                    "path": "::ответ не пустой"
                }
            },
        "name": "",
        "path": ""
    }
}