{
    "metrics": {
        "vus_max": {
            "value": 100,
            "min": 100,
            "max": 100
        },
        "iterations": {
            "count": 5786,
            "rate": 94.8611819452772
        },
        "http_req_waiting": {
            "p(90)": 56.5103805,
            "p(95)": 86.02241425,
            "avg": 45.93996535948841,
            "min": 14.788481,
            "med": 25.469942,
            "max": 1801.150121
        },
        "iteration_duration": {
            "max": 2801.702055,
            "p(90)": 1057.2971665,
            "p(95)": 1086.69022975,
            "avg": 1046.7343248527445,
            "min": 1015.585308,
            "med": 1026.232761
        },
        "http_reqs": {
            "count": 5786,
            "rate": 94.8611819452772,
            "thresholds": {
                "count>1000": false
            }
        },
        "http_req_duration{expected_response:true}": {
            "avg": 46.023178211026675,
            "min": 14.866007,
            "med": 25.558582,
            "max": 1801.222366,
            "p(90)": 56.589969499999995,
            "p(95)": 86.11927775
        },
        "data_received": {
            "count": 52998909,
            "rate": 868914.474516106
        },
        "http_req_duration": {
            "p(90)": 56.589969499999995,
            "p(95)": 86.11927775,
            "avg": 46.023178211026675,
            "min": 14.866007,
            "med": 25.558582,
            "max": 1801.222366,
            "thresholds": {
                "p(95)<300": false
            }
        },
        "data_sent": {
            "count": 606883,
            "rate": 9949.816571464857
        },
        "http_req_receiving": {
            "med": 0.064154,
            "max": 0.445086,
            "p(90)": 0.083066,
            "p(95)": 0.09116175,
            "avg": 0.0660910846871762,
            "min": 0.025256
        },
        "http_req_sending": {
            "avg": 0.017121766851019685,
            "min": 0.003422,
            "med": 0.014925500000000001,
            "max": 0.763195,
            "p(90)": 0.019732,
            "p(95)": 0.02261625
        },
        "http_req_tls_handshaking": {
            "avg": 0,
            "min": 0,
            "med": 0,
            "max": 0,
            "p(90)": 0,
            "p(95)": 0
        },
        "checks": {
            "passes": 11572,
            "fails": 0,
            "value": 1
        },
        "http_req_failed": {
            "passes": 0,
            "fails": 5786,
            "thresholds": {
                "rate<0.01": false
            },
            "value": 0
        },
        "http_req_blocked": {
            "min": 0.001646,
            "med": 0.005054,
            "max": 1.583771,
            "p(90)": 0.0066844999999999995,
            "p(95)": 0.008139,
            "avg": 0.010805345834773609
        },
        "http_req_connecting": {
            "avg": 0.0037909396819910137,
            "min": 0,
            "med": 0,
            "max": 0.74164,
            "p(90)": 0,
            "p(95)": 0
        },
        "vus": {
            "value": 1,
            "min": 1,
            "max": 100
        }
    },
    "root_group": {
        "checks": {
            "статус 200": {
                "path": "::статус 200",
                "id": "63fd587a2004924fac2f18b343720cda",
                "passes": 5786,
                "fails": 0,
                "name": "статус 200"
            },
            "ответ не пустой": {
                "path": "::ответ не пустой",
                "id": "1c568cf298ad7d73e64d124a4ad0618f",
                "passes": 5786,
                "fails": 0,
                "name": "ответ не пустой"
            }
        },
        "name": "",
        "path": "",
        "id": "d41d8cd98f00b204e9800998ecf8427e",
        "groups": {}
    }
}