{
    "root_group": {
        "checks": {
            "статус 200": {
                "name": "статус 200",
                "path": "::статус 200",
                "id": "63fd587a2004924fac2f18b343720cda",
                "passes": 5776,
                "fails": 0
            },
            "ответ не пустой": {
                "name": "ответ не пустой",
                "path": "::ответ не пустой",
                "id": "1c568cf298ad7d73e64d124a4ad0618f",
                "passes": 5776,
                "fails": 0
            }
        },
        "name": "",
        "path": "",
        "id": "d41d8cd98f00b204e9800998ecf8427e",
        "groups": {}
    },
    "metrics": {
        "vus": {
            "max": 100,
            "value": 1,
            "min": 1
        },
        "http_req_failed": {
            "passes": 0,
            "fails": 5776,
            "thresholds": {
                "rate<0.01": false
            },
            "value": 0
        },
        "http_req_duration": {
            "avg": 46.630873547783914,
            "min": 14.91357,
            "med": 26.1364315,
            "max": 1760.566158,
            "p(90)": 63.718194,
            "p(95)": 91.09796725,
            "thresholds": {
                "p(95)<300": false
            }
        },
        "http_req_connecting": {
            "med": 0,
            "max": 0.704574,
            "p(90)": 0,
            "p(95)": 0,
            "avg": 0.002906950484764543,
            "min": 0
        },
        "data_sent": {
            "rate": 9931.163889168543,
            "count": 605786
        },
        "http_req_waiting": {
            "min": 14.839916,
            "med": 26.056591,
            "max": 1760.497497,
            "p(90)": 63.659979500000006,
            "p(95)": 91.00488399999999,
            "avg": 46.544145505540286
        },
        "iteration_duration": {
            "max": 2760.997691,
            "p(90)": 1064.5216915,
            "p(95)": 1091.754647,
            "avg": 1047.3401713133637,
            "min": 1015.289374,
            "med": 1026.8277265000002
        },
        "vus_max": {
            "value": 100,
            "min": 100,
            "max": 100
        },
        "http_req_duration{expected_response:true}": {
            "min": 14.91357,
            "med": 26.1364315,
            "max": 1760.566158,
            "p(90)": 63.718194,
            "p(95)": 91.09796725,
            "avg": 46.630873547783914
        },
        "http_req_blocked": {
            "avg": 0.012782652008310304,
            "min": 0.001768,
            "med": 0.005062,
            "max": 4.115421,
            "p(90)": 0.006732,
            "p(95)": 0.00802625
        },
        "checks": {
            "passes": 11552,
            "fails": 0,
            "value": 1
        },
        "iterations": {
            "count": 5776,
            "rate": 94.69086876196793
        },
        "http_req_tls_handshaking": {
            "p(90)": 0,
            "p(95)": 0,
            "avg": 0,
            "min": 0,
            "med": 0,
            "max": 0
        },
        "http_req_sending": {
            "med": 0.014891,
            "max": 3.797663,
            "p(90)": 0.019844,
            "p(95)": 0.02290825,
            "avg": 0.02128689594875349,
            "min": 0.003597
        },
        "data_received": {
            "count": 52874802,
            "rate": 866821.4918623684
        },
        "http_reqs": {
            "count": 5776,
            "rate": 94.69086876196793,
            "thresholds": {
                "count>1000": false
            }
        },
        "http_req_receiving": {
            "med": 0.06366849999999999,
            "max": 0.721194,
            "p(90)": 0.08182600000000001,
            "p(95)": 0.090183,
            "avg": 0.06544114629501374,
            "min": 0.025775
        }
    }
}