{
    "root_group": {
        "name": "",
        "path": "",
        "id": "d41d8cd98f00b204e9800998ecf8427e",
        "groups": {},
        "checks": {
                "статус 200": {
                    "path": "::статус 200",
                    "id": "63fd587a2004924fac2f18b343720cda",
                    "passes": 5788,
                    "fails": 0,
                    "name": "статус 200"
                },
                "ответ не пустой": {
                    "fails": 0,
                    "name": "ответ не пустой",
                    "path": "::ответ не пустой",
                    "id": "1c568cf298ad7d73e64d124a4ad0618f",
                    "passes": 5788
                }
            }
    },
    "metrics": {
        "http_req_waiting": {
            "avg": 44.427008318590104,
            "min": 14.868836,
            "med": 22.073649,
            "max": 1629.116869,
            "p(90)": 34.406267,
            "p(95)": 47.71581204999999
        },
        "http_req_connecting": {
            "p(90)": 0,
            "p(95)": 0,
            "avg": 0.007014879578438149,
            "min": 0,
            "med": 0,
            "max": 2.137178
        },
        "http_req_failed": {
            "passes": 0,
            "fails": 5788,
            "thresholds": {
                "rate<0.01": false
            },
            "value": 0
        },
        "iteration_duration": {
            "avg": 1045.2206019571563,
            "min": 1015.600787,
            "med": 1022.8588605,
            "max": 2632.859514,
            "p(90)": 1035.2038077,
            "p(95)": 1048.40508805
        },
        "vus": {
            "min": 4,
            "max": 100,
            "value": 4
        },
        "http_reqs": {
            "count": 5788,
            "rate": 94.87045396018517,
            "thresholds": {
                "count>1000": false
            }
        },
        "iterations": {
            "count": 5788,
            "rate": 94.87045396018517
        },
        "http_req_duration{expected_response:true}": {
            "med": 22.143431,
            "max": 1629.243067,
            "p(90)": 34.4975165,
            "p(95)": 47.79170384999999,
            "avg": 44.5078718453698,
            "min": 14.934085
        },
        "http_req_blocked": {
            "med": 0.0047335,
            "max": 2.37431,
            "p(90)": 0.006222000000000002,
            "p(95)": 0.008155,
            "avg": 0.014395394263994499,
            "min": 0.001583
        },
        "http_req_sending": {
            "avg": 0.018730598652384224,
            "min": 0.003152,
            "med": 0.013812499999999998,
            "max": 2.223344,
            "p(90)": 0.0180513,
            "p(95)": 0.021274849999999988
        },
        "data_sent": {
            "count": 607144,
            "rate": 9951.628697167012
        },
        "http_req_tls_handshaking": {
            "med": 0,
            "max": 0,
            "p(90)": 0,
            "p(95)": 0,
            "avg": 0,
            "min": 0
        },
        "data_received": {
            "count": 53099340,
            "rate": 870345.281752975
        },
        "http_req_receiving": {
            "p(95)": 0.08599734999999999,
            "avg": 0.06213292812715967,
            "min": 0.02114,
            "med": 0.060261999999999996,
            "max": 0.47718,
            "p(90)": 0.0779528
        },
        "vus_max": {
            "value": 100,
            "min": 100,
            "max": 100
        },
        "http_req_duration": {
            "avg": 44.5078718453698,
            "min": 14.934085,
            "med": 22.143431,
            "max": 1629.243067,
            "p(90)": 34.4975165,
            "p(95)": 47.79170384999999,
            "thresholds": {
                "p(95)<300": false
            }
        },
        "checks": {
            "passes": 11576,
            "fails": 0,
            "value": 1
        }
    }
}