{
    "root_group": {
        "name": "",
        "path": "",
        "id": "d41d8cd98f00b204e9800998ecf8427e",
        "groups": {},
        "checks": {
                "статус 200": {
                    "name": "статус 200",
                    "path": "::статус 200",
                    "id": "63fd587a2004924fac2f18b343720cda",
                    "passes": 5744,
                    "fails": 0
                },
                "ответ не пустой": {
                    "id": "1c568cf298ad7d73e64d124a4ad0618f",
                    "passes": 5744,
                    "fails": 0,
                    "name": "ответ не пустой",
                    "path": "::ответ не пустой"
                }
            }
    },
    "metrics": {
        "vus": {
            "value": 6,
            "min": 6,
            "max": 100
        },
        "http_req_tls_handshaking": {
            "min": 0,
            "med": 0,
            "max": 0,
            "p(90)": 0,
            "p(95)": 0,
            "avg": 0
        },
        "http_req_sending": {
            "p(90)": 0.02083359999999999,
            "p(95)": 0.02615484999999998,
            "avg": 0.0167689326253482,
            "min": 0.004133,
            "med": 0.0146105,
            "max": 1.206727
        },
        "data_received": {
            "count": 52585259,
            "rate": 861750.3944580728
        },
        "http_req_failed": {
            "fails": 5744,
            "passes": 0,
            "thresholds": {
                "rate<0.01": false
            },
            "value": 0
        },
        "vus_max": {
            "value": 100,
            "min": 100,
            "max": 100
        },
        "iterations": {
            "count": 5744,
            "rate": 94.13083361949725
        },
        "http_req_blocked": {
            "avg": 0.0077940078342618,
            "min": 0.001822,
            "med": 0.005018,
            "max": 1.293423,
            "p(90)": 0.007468399999999999,
            "p(95)": 0.009303799999999996
        },
        "checks": {
            "passes": 11488,
            "fails": 0,
            "value": 1
        },
        "http_req_duration": {
            "avg": 53.047242068941635,
            "min": 14.919134,
            "med": 24.673389999999998,
            "max": 3194.43676,
            "p(90)": 65.72465429999998,
            "p(95)": 123.58384544999983,
            "thresholds": {
                "p(95)<300": false
            }
        },
        "http_req_waiting": {
            "max": 3194.354046,
            "p(90)": 65.62068529999998,
            "p(95)": 123.43925754999982,
            "avg": 52.963738899199036,
            "min": 14.834952,
            "med": 24.591746
        },
        "http_req_receiving": {
            "max": 0.342164,
            "p(90)": 0.0870551,
            "p(95)": 0.10609289999999992,
            "avg": 0.06673423711699154,
            "min": 0.018485,
            "med": 0.062887
        },
        "iteration_duration": {
            "p(95)": 1124.5092558,
            "avg": 1053.7640432259734,
            "min": 1015.436234,
            "med": 1025.381988,
            "max": 4194.994549,
            "p(90)": 1066.7903801
        },
        "data_sent": {
            "count": 602463,
            "rate": 9872.970824321583
        },
        "http_req_duration{expected_response:true}": {
            "avg": 53.047242068941635,
            "min": 14.919134,
            "med": 24.673389999999998,
            "max": 3194.43676,
            "p(90)": 65.72465429999998,
            "p(95)": 123.58384544999983
        },
        "http_req_connecting": {
            "min": 0,
            "med": 0,
            "max": 1.260535,
            "p(90)": 0,
            "p(95)": 0,
            "avg": 0.001381370125348189
        },
        "http_reqs": {
            "count": 5744,
            "rate": 94.13083361949725,
            "thresholds": {
                "count>1000": false
            }
        }
    }
}