{
    "root_group": {
        "name": "",
        "path": "",
        "id": "d41d8cd98f00b204e9800998ecf8427e",
        "groups": {},
        "checks": {
                "статус 200": {
                    "path": "::статус 200",
                    "id": "63fd587a2004924fac2f18b343720cda",
                    "passes": 5726,
                    "fails": 0,
                    "name": "статус 200"
                },
                "ответ не пустой": {
                    "fails": 0,
                    "name": "ответ не пустой",
                    "path": "::ответ не пустой",
                    "id": "1c568cf298ad7d73e64d124a4ad0618f",
                    "passes": 5726
                }
            }
    },
    "metrics": {
        "http_req_blocked": {
            "p(95)": 0.00929,
            "avg": 0.01269499790429624,
            "min": 0.001325,
            "med": 0.0050574999999999995,
            "max": 2.599317,
            "p(90)": 0.007258499999999999
        },
        "vus": {
            "value": 3,
            "min": 3,
            "max": 100
        },
        "vus_max": {
            "min": 100,
            "max": 100,
            "value": 100
        },
        "http_req_duration": {
            "max": 4249.669779,
            "p(90)": 54.446998,
            "p(95)": 128.96579300000002,
            "avg": 55.26838752776805,
            "min": 14.660803,
            "med": 24.935521,
            "thresholds": {
                "p(95)<300": false
            }
        },
        "http_req_failed": {
            "passes": 0,
            "fails": 5726,
            "thresholds": {
                "rate<0.01": false
            },
            "value": 0
        },
        "data_received": {
            "count": 52494174,
            "rate": 860460.7593416383
        },
        "data_sent": {
            "count": 600603,
            "rate": 9844.812748989363
        },
        "http_req_waiting": {
            "max": 4249.509361,
            "p(90)": 54.384449000000004,
            "p(95)": 128.883623,
            "avg": 55.18089283723356,
            "min": 14.583658,
            "med": 24.859976000000003
        },
        "http_req_duration{expected_response:true}": {
            "avg": 55.26838752776805,
            "min": 14.660803,
            "med": 24.935521,
            "max": 4249.669779,
            "p(90)": 54.446998,
            "p(95)": 128.96579300000002
        },
        "http_req_tls_handshaking": {
            "min": 0,
            "med": 0,
            "max": 0,
            "p(90)": 0,
            "p(95)": 0,
            "avg": 0
        },
        "checks": {
            "passes": 11452,
            "fails": 0,
            "value": 1
        },
        "http_req_receiving": {
            "avg": 0.06766701955990195,
            "min": 0.023663,
            "med": 0.0631455,
            "max": 1.503733,
            "p(90)": 0.087354,
            "p(95)": 0.1070595
        },
        "iteration_duration": {
            "p(95)": 1129.946846,
            "avg": 1055.9888066585772,
            "min": 1015.144716,
            "med": 1025.6636185,
            "max": 5250.170432,
            "p(90)": 1055.3107095
        },
        "http_reqs": {
            "count": 5726,
            "rate": 93.85800237546782,
            "thresholds": {
                "count>1000": false
            }
        },
        "http_req_sending": {
            "p(95)": 0.026553,
            "avg": 0.019827670974502297,
            "min": 0.005835,
            "med": 0.014646,
            "max": 2.657888,
            "p(90)": 0.0201645
        },
        "iterations": {
            "rate": 93.85800237546782,
            "count": 5726
        },
        "http_req_connecting": {
            "avg": 0.00499461910583304,
            "min": 0,
            "med": 0,
            "max": 1.980971,
            "p(90)": 0,
            "p(95)": 0
        }
    }
}