{
    "root_group": {
        "name": "",
        "path": "",
        "id": "d41d8cd98f00b204e9800998ecf8427e",
        "groups": {},
        "checks": {
                "статус 200": {
                    "name": "статус 200",
                    "path": "::статус 200",
                    "id": "63fd587a2004924fac2f18b343720cda",
                    "passes": 5779,
                    "fails": 0
                },
                "ответ не пустой": {
                    "name": "ответ не пустой",
                    "path": "::ответ не пустой",
                    "id": "1c568cf298ad7d73e64d124a4ad0618f",
                    "passes": 5779,
                    "fails": 0
                }
            }
    },
    "metrics": {
        "http_req_receiving": {
            "max": 0.370915,
            "p(90)": 0.08290799999999998,
            "p(95)": 0.09170469999999999,
            "avg": 0.06596173074926447,
            "min": 0.025824,
            "med": 0.064031
        },
        "data_sent": {
            "count": 606131,
            "rate": 9933.123111647305
        },
        "http_req_duration{expected_response:true}": {
            "med": 25.788702,
            "max": 1820.754107,
            "p(90)": 52.81832119999999,
            "p(95)": 75.3796583999998,
            "avg": 46.24939374303507,
            "min": 14.831448
        },
        "iteration_duration": {
            "avg": 1046.9659861642144,
            "min": 1015.24837,
            "med": 1026.476031,
            "max": 2821.721019,
            "p(90)": 1053.459424,
            "p(95)": 1076.2136604999998
        },
        "vus": {
            "max": 100,
            "value": 3,
            "min": 3
        },
        "http_req_sending": {
            "max": 0.338122,
            "p(90)": 0.0195006,
            "p(95)": 0.022397699999999996,
            "avg": 0.016055831977850855,
            "min": 0.004567,
            "med": 0.014878
        },
        "vus_max": {
            "max": 100,
            "value": 100,
            "min": 100
        },
        "http_req_duration": {
            "min": 14.831448,
            "med": 25.788702,
            "max": 1820.754107,
            "p(90)": 52.81832119999999,
            "p(95)": 75.3796583999998,
            "avg": 46.24939374303507,
            "thresholds": {
                "p(95)<300": false
            }
        },
        "http_req_failed": {
            "fails": 5779,
            "passes": 0,
            "thresholds": {
                "rate<0.01": false
            },
            "value": 0
        },
        "http_req_blocked": {
            "med": 0.005074,
            "max": 1.341881,
            "p(90)": 0.006768799999999999,
            "p(95)": 0.00828379999999999,
            "avg": 0.015070882159543225,
            "min": 0.00129
        },
        "iterations": {
            "count": 5779,
            "rate": 94.70480549948736
        },
        "data_received": {
            "count": 52951825,
            "rate": 867761.2541041516
        },
        "http_req_tls_handshaking": {
            "min": 0,
            "med": 0,
            "max": 0,
            "p(90)": 0,
            "p(95)": 0,
            "avg": 0
        },
        "checks": {
            "passes": 11558,
            "fails": 0,
            "value": 1
        },
        "http_req_connecting": {
            "min": 0,
            "med": 0,
            "max": 1.320431,
            "p(90)": 0,
            "p(95)": 0,
            "avg": 0.009055979754282748
        },
        "http_req_waiting": {
            "med": 25.7116,
            "max": 1820.560293,
            "p(90)": 52.738117999999986,
            "p(95)": 75.29161149999977,
            "avg": 46.16737618030794,
            "min": 14.761104
        },
        "http_reqs": {
            "count": 5779,
            "rate": 94.70480549948736,
            "thresholds": {
                "count>1000": false
            }
        }
    }
}