{
    "root_group": {
        "groups": {},
        "checks": {
                "статус 200": {
                    "fails": 0,
                    "name": "статус 200",
                    "path": "::статус 200",
                    "id": "63fd587a2004924fac2f18b343720cda",
                    "passes": 5816
                },
                "ответ не пустой": {
                    "passes": 5816,
                    "fails": 0,
                    "name": "ответ не пустой",
                    "path": "::ответ не пустой",
                    "id": "1c568cf298ad7d73e64d124a4ad0618f"
                }
            },
        "name": "",
        "path": "",
        "id": "d41d8cd98f00b204e9800998ecf8427e"
    },
    "metrics": {
        "vus_max": {
            "value": 100,
            "min": 100,
            "max": 100
        },
        "data_sent": {
            "count": 610039,
            "rate": 9998.167825531284
        },
        "http_req_waiting": {
            "avg": 39.933489713720846,
            "min": 15.052319,
            "med": 24.4917795,
            "max": 1801.504048,
            "p(90)": 49.732614999999996,
            "p(95)": 85.09474775
        },
        "http_req_tls_handshaking": {
            "med": 0,
            "max": 0,
            "p(90)": 0,
            "p(95)": 0,
            "avg": 0,
            "min": 0
        },
        "http_req_failed": {
            "passes": 0,
            "fails": 5816,
            "thresholds": {
                "rate<0.01": false
            },
            "value": 0
        },
        "http_req_connecting": {
            "p(90)": 0,
            "p(95)": 0,
            "avg": 0.0015976581843191201,
            "min": 0,
            "med": 0,
            "max": 1.143666
        },
        "data_received": {
            "rate": 874401.4897758497,
            "count": 53351676
        },
        "iteration_duration": {
            "p(95)": 1085.68751025,
            "avg": 1040.721188860898,
            "min": 1015.820182,
            "med": 1025.2595019999999,
            "max": 2803.1673,
            "p(90)": 1050.4925835
        },
        "checks": {
            "passes": 11632,
            "fails": 0,
            "value": 1
        },
        "vus": {
            "min": 4,
            "max": 100,
            "value": 4
        },
        "http_req_blocked": {
            "max": 1.30922,
            "p(90)": 0.0067045,
            "p(95)": 0.00823275,
            "avg": 0.008893981602475917,
            "min": 0.001611,
            "med": 0.005031
        },
        "http_reqs": {
            "count": 5816,
            "rate": 95.3206992885536,
            "thresholds": {
                "count>1000": false
            }
        },
        "http_req_receiving": {
            "avg": 0.06526625670563958,
            "min": 0.026353,
            "med": 0.063334,
            "max": 0.359967,
            "p(90)": 0.0815675,
            "p(95)": 0.089997
        },
        "http_req_sending": {
            "min": 0.005586,
            "med": 0.014915000000000001,
            "max": 1.243797,
            "p(90)": 0.019552,
            "p(95)": 0.022413,
            "avg": 0.016622030605226924
        },
        "http_req_duration{expected_response:true}": {
            "p(90)": 49.8072875,
            "p(95)": 85.176014,
            "avg": 40.01537800103173,
            "min": 15.133971,
            "med": 24.5648785,
            "max": 1801.603812
        },
        "iterations": {
            "count": 5816,
            "rate": 95.3206992885536
        },
        "http_req_duration": {
            "med": 24.5648785,
            "max": 1801.603812,
            "p(90)": 49.8072875,
            "p(95)": 85.176014,
            "avg": 40.01537800103173,
            "min": 15.133971,
            "thresholds": {
                "p(95)<300": false
            }
        }
    }
}