{
    "root_group": {
        "checks": {
            "статус 200": {
                "name": "статус 200",
                "path": "::статус 200",
                "id": "63fd587a2004924fac2f18b343720cda",
                "passes": 5696,
                "fails": 0
            },
            "ответ не пустой": {
                "name": "ответ не пустой",
                "path": "::ответ не пустой",
                "id": "1c568cf298ad7d73e64d124a4ad0618f",
                "passes": 5696,
                "fails": 0
            }
        },
        "name": "",
        "path": "",
        "id": "d41d8cd98f00b204e9800998ecf8427e",
        "groups": {}
    },
    "metrics": {
        "http_req_connecting": {
            "med": 0,
            "max": 8.353218,
            "p(90)": 0,
            "p(95)": 0,
            "avg": 0.02100524859550562,
            "min": 0
        },
        "iterations": {
            "count": 5696,
            "rate": 93.32836155040584
        },
        "http_req_duration": {
            "min": 14.663932,
            "med": 25.243715,
            "max": 3603.221988,
            "p(90)": 56.972361,
            "p(95)": 97.18226100000001,
            "avg": 61.684384679248495,
            "thresholds": {
                "p(95)<300": false
            }
        },
        "http_req_sending": {
            "p(95)": 0.02512775,
            "avg": 0.0210121525632023,
            "min": 0.003467,
            "med": 0.014614,
            "max": 1.471022,
            "p(90)": 0.0198965
        },
        "checks": {
            "fails": 0,
            "passes": 11392,
            "value": 1
        },
        "http_req_tls_handshaking": {
            "avg": 0,
            "min": 0,
            "med": 0,
            "max": 0,
            "p(90)": 0,
            "p(95)": 0
        },
        "vus": {
            "max": 100,
            "value": 8,
            "min": 8
        },
        "http_req_failed": {
            "passes": 0,
            "fails": 5696,
            "thresholds": {
                "rate<0.01": false
            },
            "value": 0
        },
        "data_sent": {
            "count": 597490,
            "rate": 9789.810874780896
        },
        "http_req_waiting": {
            "p(90)": 56.877395,
            "p(95)": 97.04422425,
            "avg": 61.59754374806901,
            "min": 14.586802,
            "med": 25.1711765,
            "max": 3602.329121
        },
        "http_req_receiving": {
            "avg": 0.06582877861657316,
            "min": 0.025083,
            "med": 0.0623695,
            "max": 0.27299,
            "p(90)": 0.0836605,
            "p(95)": 0.10018200000000001
        },
        "iteration_duration": {
            "med": 1025.910401,
            "max": 4607.828763,
            "p(90)": 1057.727311,
            "p(95)": 1099.0241735,
            "avg": 1062.413266528267,
            "min": 1015.186947
        },
        "vus_max": {
            "max": 100,
            "value": 100,
            "min": 100
        },
        "data_received": {
            "count": 52215526,
            "rate": 855545.9074916813
        },
        "http_reqs": {
            "count": 5696,
            "rate": 93.32836155040584,
            "thresholds": {
                "count>1000": false
            }
        },
        "http_req_duration{expected_response:true}": {
            "med": 25.243715,
            "max": 3603.221988,
            "p(90)": 56.972361,
            "p(95)": 97.18226100000001,
            "avg": 61.684384679248495,
            "min": 14.663932
        },
        "http_req_blocked": {
            "p(90)": 0.006852499999999999,
            "p(95)": 0.00909575,
            "avg": 0.02937867538623579,
            "min": 0.001373,
            "med": 0.0049394999999999994,
            "max": 8.406077
        }
    }
}