{
    "metrics": {
        "http_req_waiting": {
            "p(90)": 56.057946199999996,
            "p(95)": 80.50610519999994,
            "avg": 46.854516396602484,
            "min": 14.772382,
            "med": 25.79182,
            "max": 1832.728958
        },
        "http_req_receiving": {
            "avg": 0.06606825151672735,
            "min": 0.017125,
            "med": 0.063921,
            "max": 0.364256,
            "p(90)": 0.0836538,
            "p(95)": 0.09221739999999994
        },
        "http_req_sending": {
            "p(95)": 0.022846999999999992,
            "avg": 0.01917981348587276,
            "min": 0.003971,
            "med": 0.014872,
            "max": 3.136274,
            "p(90)": 0.019661
        },
        "vus": {
            "value": 100,
            "min": 100,
            "max": 100
        },
        "data_received": {
            "count": 52955907,
            "rate": 869478.3420759302
        },
        "http_req_duration{expected_response:true}": {
            "avg": 46.93976446160517,
            "min": 14.85052,
            "med": 25.867116,
            "max": 1832.84539,
            "p(90)": 56.133883999999995,
            "p(95)": 80.66430559999986
        },
        "http_req_failed": {
            "passes": 0,
            "fails": 5769,
            "thresholds": {
                "rate<0.01": false
            },
            "value": 0
        },
        "iteration_duration": {
            "med": 1026.567579,
            "max": 2833.384481,
            "p(90)": 1056.7480698,
            "p(95)": 1081.241388,
            "avg": 1047.6454476328665,
            "min": 1015.799653
        },
        "data_sent": {
            "count": 605066,
            "rate": 9934.525010146928
        },
        "http_reqs": {
            "count": 5769,
            "rate": 94.72069953284044,
            "thresholds": {
                "count>1000": false
            }
        },
        "http_req_duration": {
            "avg": 46.93976446160517,
            "min": 14.85052,
            "med": 25.867116,
            "max": 1832.84539,
            "p(90)": 56.133883999999995,
            "p(95)": 80.66430559999986,
            "thresholds": {
                "p(95)<300": false
            }
        },
        "checks": {
            "passes": 11538,
            "fails": 0,
            "value": 1
        },
        "http_req_connecting": {
            "p(90)": 0,
            "p(95)": 0,
            "avg": 0.0058082255156872925,
            "min": 0,
            "med": 0,
            "max": 1.350009
        },
        "http_req_blocked": {
            "avg": 0.01211916571329516,
            "min": 0.001964,
            "med": 0.005096,
            "max": 1.379782,
            "p(90)": 0.006716199999999999,
            "p(95)": 0.008164799999999998
        },
        "http_req_tls_handshaking": {
            "med": 0,
            "max": 0,
            "p(90)": 0,
            "p(95)": 0,
            "avg": 0,
            "min": 0
        },
        "iterations": {
            "count": 5769,
            "rate": 94.72069953284044
        },
        "vus_max": {
            "value": 100,
            "min": 100,
            "max": 100
        }
    },
    "root_group": {
        "name": "",
        "path": "",
        "id": "d41d8cd98f00b204e9800998ecf8427e",
        "groups": {},
        "checks": {
                "статус 200": {
                    "path": "::статус 200",
                    "id": "63fd587a2004924fac2f18b343720cda",
                    "passes": 5769,
                    "fails": 0,
                    "name": "статус 200"
                },
                "ответ не пустой": {
                    "name": "ответ не пустой",
                    "path": "::ответ не пустой",
                    "id": "1c568cf298ad7d73e64d124a4ad0618f",
                    "passes": 5769,
                    "fails": 0
                }
            }
    }
}