{
    "root_group": {
        "id": "d41d8cd98f00b204e9800998ecf8427e",
        "groups": {},
        "checks": {
                "статус 200": {
                    "passes": 5809,
                    "fails": 0,
                    "name": "статус 200",
                    "path": "::статус 200",
                    "id": "63fd587a2004924fac2f18b343720cda"
                },
                "ответ не пустой": {
                    "fails": 0,
                    "name": "ответ не пустой",
                    "path": "::ответ не пустой",
                    "id": "1c568cf298ad7d73e64d124a4ad0618f",
                    "passes": 5809
                }
            },
        "name": "",
        "path": ""
    },
    "metrics": {
        "http_reqs": {
            "count": 5809,
            "rate": 95.20550391128198,
            "thresholds": {
                "count>1000": false
            }
        },
        "http_req_duration{expected_response:true}": {
            "max": 1847.989312,
            "p(90)": 44.405410999999994,
            "p(95)": 60.494066399999866,
            "avg": 41.21422803425725,
            "min": 14.917422,
            "med": 24.290648
        },
        "http_req_connecting": {
            "med": 0,
            "max": 1.563551,
            "p(90)": 0,
            "p(95)": 0,
            "avg": 0.0019272046823893957,
            "min": 0
        },
        "http_req_blocked": {
            "p(90)": 0.0064838,
            "p(95)": 0.007883799999999998,
            "avg": 0.007741021518333592,
            "min": 0.001322,
            "med": 0.004892,
            "max": 1.613487
        },
        "http_req_receiving": {
            "avg": 0.06359161094852825,
            "min": 0.018844,
            "med": 0.061877,
            "max": 0.386514,
            "p(90)": 0.07961499999999999,
            "p(95)": 0.08761319999999999
        },
        "iteration_duration": {
            "p(95)": 1060.960729,
            "avg": 1041.915260005339,
            "min": 1015.581569,
            "med": 1024.932046,
            "max": 2848.581195,
            "p(90)": 1045.1973466
        },
        "checks": {
            "passes": 11618,
            "fails": 0,
            "value": 1
        },
        "data_received": {
            "count": 53160175,
            "rate": 871258.6071418375
        },
        "http_req_failed": {
            "passes": 0,
            "fails": 5809,
            "thresholds": {
                "rate<0.01": false
            },
            "value": 0
        },
        "http_req_waiting": {
            "min": 14.867283,
            "med": 24.207961,
            "max": 1847.918236,
            "p(90)": 44.319928399999995,
            "p(95)": 60.34010979999991,
            "avg": 41.13495949320026
        },
        "http_req_duration": {
            "avg": 41.21422803425725,
            "min": 14.917422,
            "med": 24.290648,
            "max": 1847.989312,
            "p(90)": 44.405410999999994,
            "p(95)": 60.494066399999866,
            "thresholds": {
                "p(95)<300": false
            }
        },
        "http_req_sending": {
            "p(95)": 0.021467599999999986,
            "avg": 0.015676930108452468,
            "min": 0.006257,
            "med": 0.014421,
            "max": 0.807993,
            "p(90)": 0.018791
        },
        "vus_max": {
            "value": 100,
            "min": 100,
            "max": 100
        },
        "data_sent": {
            "count": 609250,
            "rate": 9985.187339980814
        },
        "vus": {
            "value": 3,
            "min": 3,
            "max": 100
        },
        "iterations": {
            "count": 5809,
            "rate": 95.20550391128198
        },
        "http_req_tls_handshaking": {
            "med": 0,
            "max": 0,
            "p(90)": 0,
            "p(95)": 0,
            "avg": 0,
            "min": 0
        }
    }
}