{
    "metrics": {
        "http_req_sending": {
            "p(95)": 0.029934099999999995,
            "avg": 0.019153718906302086,
            "min": 0.002743,
            "med": 0.015528,
            "max": 9.979035,
            "p(90)": 0.0261323
        },
        "data_received": {
            "count": 6784431,
            "rate": 111209.16426527633
        },
        "http_req_connecting": {
            "avg": 0.002816975658552851,
            "min": 0,
            "med": 0,
            "max": 0.542063,
            "p(90)": 0,
            "p(95)": 0
        },
        "checks": {
            "passes": 11996,
            "fails": 0,
            "value": 1
        },
        "vus": {
            "value": 6,
            "min": 6,
            "max": 100
        },
        "http_req_failed": {
            "passes": 0,
            "fails": 5998,
            "thresholds": {
                "rate<0.01": false
            },
            "value": 0
        },
        "vus_max": {
            "min": 100,
            "max": 100,
            "value": 100
        },
        "data_sent": {
            "count": 509182,
            "rate": 8346.419129168227
        },
        "http_reqs": {
            "count": 5998,
            "rate": 98.31812973897551,
            "thresholds": {
                "count>1000": false
            }
        },
        "http_req_blocked": {
            "avg": 0.009431228242747615,
            "min": 0.00101,
            "med": 0.00558,
            "max": 0.592092,
            "p(90)": 0.008629500000000002,
            "p(95)": 0.01036509999999998
        },
        "http_req_receiving": {
            "avg": 0.06393450100033335,
            "min": 0.01045,
            "med": 0.0611195,
            "max": 0.609199,
            "p(90)": 0.0962284,
            "p(95)": 0.10791999999999999
        },
        "http_req_duration": {
            "p(95)": 29.278373399999985,
            "avg": 13.506422644881587,
            "min": 3.994408,
            "med": 11.4817735,
            "max": 102.721933,
            "p(90)": 20.6432566,
            "thresholds": {
                "p(95)<300": false
            }
        },
        "http_req_tls_handshaking": {
            "avg": 0,
            "min": 0,
            "med": 0,
            "max": 0,
            "p(90)": 0,
            "p(95)": 0
        },
        "http_req_waiting": {
            "min": 3.955843,
            "med": 11.396966500000001,
            "max": 102.647689,
            "p(90)": 20.527400800000002,
            "p(95)": 29.187141949999997,
            "avg": 13.423334424975064
        },
        "iteration_duration": {
            "min": 1004.256691,
            "med": 1012.145804,
            "max": 1103.918658,
            "p(90)": 1021.4505491,
            "p(95)": 1030.1752465499999,
            "avg": 1014.1728418389474
        },
        "iterations": {
            "count": 5998,
            "rate": 98.31812973897551
        },
        "http_req_duration{expected_response:true}": {
            "med": 11.4817735,
            "max": 102.721933,
            "p(90)": 20.6432566,
            "p(95)": 29.278373399999985,
            "avg": 13.506422644881587,
            "min": 3.994408
        }
    },
    "root_group": {
        "name": "",
        "path": "",
        "id": "d41d8cd98f00b204e9800998ecf8427e",
        "groups": {},
        "checks": {
                "статус 200": {
                    "fails": 0,
                    "name": "статус 200",
                    "path": "::статус 200",
                    "id": "63fd587a2004924fac2f18b343720cda",
                    "passes": 5998
                },
                "ответ содержит orderId": {
                    "id": "9b0caa480d77dd97e7e57f2f6d3f304a",
                    "passes": 5998,
                    "fails": 0,
                    "name": "ответ содержит orderId",
                    "path": "::ответ содержит orderId"
                }
            }
    }
}