{
    "metrics": {
        "http_req_sending": {
            "p(95)": 0.02922695000000001,
            "avg": 0.01869797600000003,
            "min": 0.002713,
            "med": 0.014874499999999999,
            "max": 2.216925,
            "p(90)": 0.025873
        },
        "iteration_duration": {
            "min": 1004.237257,
            "med": 1011.001848,
            "max": 1183.95604,
            "p(90)": 1020.3705737,
            "p(95)": 1029.46019555,
            "avg": 1013.8681642115
        },
        "http_req_duration": {
            "p(90)": 19.5385218,
            "p(95)": 28.816154400000023,
            "avg": 13.192539217666674,
            "min": 3.84693,
            "med": 10.308791,
            "max": 182.97965,
            "thresholds": {
                "p(95)<300": false
            }
        },
        "http_req_blocked": {
            "med": 0.005385,
            "max": 1.643306,
            "p(90)": 0.008628,
            "p(95)": 0.010429650000000006,
            "avg": 0.01106237416666669,
            "min": 0.000994
        },
        "http_req_connecting": {
            "max": 1.319352,
            "p(90)": 0,
            "p(95)": 0,
            "avg": 0.003717145666666667,
            "min": 0,
            "med": 0
        },
        "http_req_receiving": {
            "p(90)": 0.09700420000000001,
            "p(95)": 0.1087194,
            "avg": 0.06411571300000005,
            "min": 0.009242,
            "med": 0.0607635,
            "max": 1.274208
        },
        "data_sent": {
            "count": 509299,
            "rate": 8349.272870674333
        },
        "vus_max": {
            "value": 100,
            "min": 100,
            "max": 100
        },
        "vus": {
            "value": 9,
            "min": 9,
            "max": 100
        },
        "iterations": {
            "count": 6000,
            "rate": 98.3619391046242
        },
        "http_reqs": {
            "count": 6000,
            "rate": 98.3619391046242,
            "thresholds": {
                "count>1000": false
            }
        },
        "http_req_duration{expected_response:true}": {
            "min": 3.84693,
            "med": 10.308791,
            "max": 182.97965,
            "p(90)": 19.5385218,
            "p(95)": 28.816154400000023,
            "avg": 13.192539217666674
        },
        "checks": {
            "passes": 12000,
            "fails": 0,
            "value": 1
        },
        "http_req_failed": {
            "passes": 0,
            "fails": 6000,
            "thresholds": {
                "rate<0.01": false
            },
            "value": 0
        },
        "http_req_waiting": {
            "p(90)": 19.436676800000004,
            "p(95)": 28.72213055000002,
            "avg": 13.109725528666688,
            "min": 3.791274,
            "med": 10.203501,
            "max": 182.894297
        },
        "data_received": {
            "count": 6748097,
            "rate": 110625.98436434954
        },
        "http_req_tls_handshaking": {
            "avg": 0,
            "min": 0,
            "med": 0,
            "max": 0,
            "p(90)": 0,
            "p(95)": 0
        }
    },
    "root_group": {
        "name": "",
        "path": "",
        "id": "d41d8cd98f00b204e9800998ecf8427e",
        "groups": {},
        "checks": {
                "статус 200": {
                    "name": "статус 200",
                    "path": "::статус 200",
                    "id": "63fd587a2004924fac2f18b343720cda",
                    "passes": 6000,
                    "fails": 0
                },
                "ответ содержит orderId": {
                    "id": "9b0caa480d77dd97e7e57f2f6d3f304a",
                    "passes": 6000,
                    "fails": 0,
                    "name": "ответ содержит orderId",
                    "path": "::ответ содержит orderId"
                }
            }
    }
}