{
    "root_group": {
        "name": "",
        "path": "",
        "id": "d41d8cd98f00b204e9800998ecf8427e",
        "groups": {},
        "checks": {
                "статус 200": {
                    "id": "63fd587a2004924fac2f18b343720cda",
                    "passes": 5987,
                    "fails": 0,
                    "name": "статус 200",
                    "path": "::статус 200"
                },
                "ответ содержит orderId": {
                    "id": "9b0caa480d77dd97e7e57f2f6d3f304a",
                    "passes": 5987,
                    "fails": 0,
                    "name": "ответ содержит orderId",
                    "path": "::ответ содержит orderId"
                }
            }
    },
    "metrics": {
        "http_req_blocked": {
            "max": 1.668545,
            "p(90)": 0.0086578,
            "p(95)": 0.010360599999999989,
            "avg": 0.009732387506263564,
            "min": 0.001183,
            "med": 0.005745
        },
        "http_req_connecting": {
            "min": 0,
            "med": 0,
            "max": 0.563123,
            "p(90)": 0,
            "p(95)": 0,
            "avg": 0.002191513612827792
        },
        "http_req_tls_handshaking": {
            "avg": 0,
            "min": 0,
            "med": 0,
            "max": 0,
            "p(90)": 0,
            "p(95)": 0
        },
        "vus": {
            "value": 7,
            "min": 7,
            "max": 100
        },
        "data_sent": {
            "count": 508228,
            "rate": 8330.814847401694
        },
        "iterations": {
            "count": 5987,
            "rate": 98.13821452457154
        },
        "checks": {
            "passes": 11974,
            "fails": 0,
            "value": 1
        },
        "http_req_duration{expected_response:true}": {
            "p(90)": 19.1335774,
            "p(95)": 23.268994499999998,
            "avg": 13.86578601636886,
            "min": 3.917741,
            "med": 11.755506,
            "max": 212.553308
        },
        "http_reqs": {
            "count": 5987,
            "rate": 98.13821452457154,
            "thresholds": {
                "count>1000": false
            }
        },
        "http_req_sending": {
            "p(90)": 0.0263802,
            "p(95)": 0.031079199999999998,
            "avg": 0.01886178302989807,
            "min": 0.002872,
            "med": 0.01626,
            "max": 1.638474
        },
        "http_req_receiving": {
            "avg": 0.06679615182896281,
            "min": 0.009134,
            "med": 0.063965,
            "max": 1.134026,
            "p(90)": 0.1003714,
            "p(95)": 0.11350719999999999
        },
        "iteration_duration": {
            "max": 1213.062301,
            "p(90)": 1019.8218142,
            "p(95)": 1024.1268388,
            "avg": 1014.548814972774,
            "min": 1004.199581,
            "med": 1012.431456
        },
        "http_req_failed": {
            "passes": 0,
            "fails": 5987,
            "thresholds": {
                "rate<0.01": false
            },
            "value": 0
        },
        "data_received": {
            "count": 6755460,
            "rate": 110734.72234711242
        },
        "http_req_waiting": {
            "p(95)": 23.177923099999994,
            "avg": 13.780128081509961,
            "min": 3.862354,
            "med": 11.657114,
            "max": 212.368569,
            "p(90)": 19.058095800000004
        },
        "vus_max": {
            "value": 100,
            "min": 100,
            "max": 100
        },
        "http_req_duration": {
            "p(90)": 19.1335774,
            "p(95)": 23.268994499999998,
            "avg": 13.86578601636886,
            "min": 3.917741,
            "med": 11.755506,
            "max": 212.553308,
            "thresholds": {
                "p(95)<300": false
            }
        }
    }
}