{
    "root_group": {
        "name": "",
        "path": "",
        "id": "d41d8cd98f00b204e9800998ecf8427e",
        "groups": {},
        "checks": {
                "статус 200": {
                    "name": "статус 200",
                    "path": "::статус 200",
                    "id": "63fd587a2004924fac2f18b343720cda",
                    "passes": 5978,
                    "fails": 0
                },
                "ответ содержит orderId": {
                    "name": "ответ содержит orderId",
                    "path": "::ответ содержит orderId",
                    "id": "9b0caa480d77dd97e7e57f2f6d3f304a",
                    "passes": 5978,
                    "fails": 0
                }
            }
    },
    "metrics": {
        "http_req_failed": {
            "passes": 0,
            "fails": 5978,
            "thresholds": {
                "rate<0.01": false
            },
            "value": 0
        },
        "http_reqs": {
            "count": 5978,
            "rate": 97.98340996946044,
            "thresholds": {
                "count>1000": false
            }
        },
        "http_req_sending": {
            "avg": 0.019666726831716205,
            "min": 0.002804,
            "med": 0.0167615,
            "max": 0.913555,
            "p(90)": 0.0263129,
            "p(95)": 0.03050945
        },
        "vus_max": {
            "value": 100,
            "min": 100,
            "max": 100
        },
        "checks": {
            "passes": 11956,
            "fails": 0,
            "value": 1
        },
        "http_req_duration": {
            "med": 12.014384,
            "max": 225.680845,
            "p(90)": 20.102829800000002,
            "p(95)": 24.56617964999999,
            "avg": 14.206758257778525,
            "min": 3.894732,
            "thresholds": {
                "p(95)<300": false
            }
        },
        "http_req_duration{expected_response:true}": {
            "p(90)": 20.102829800000002,
            "p(95)": 24.56617964999999,
            "avg": 14.206758257778525,
            "min": 3.894732,
            "med": 12.014384,
            "max": 225.680845
        },
        "vus": {
            "value": 8,
            "min": 8,
            "max": 100
        },
        "data_sent": {
            "count": 507461,
            "rate": 8317.624490885306
        },
        "iterations": {
            "count": 5978,
            "rate": 97.98340996946044
        },
        "http_req_tls_handshaking": {
            "avg": 0,
            "min": 0,
            "med": 0,
            "max": 0,
            "p(90)": 0,
            "p(95)": 0
        },
        "iteration_duration": {
            "med": 1012.7219485,
            "max": 1227.773309,
            "p(90)": 1020.80696,
            "p(95)": 1025.39570435,
            "avg": 1014.9069707793616,
            "min": 1004.423678
        },
        "http_req_receiving": {
            "avg": 0.06775359936433603,
            "min": 0.010092,
            "med": 0.0654815,
            "max": 0.605305,
            "p(90)": 0.0997294,
            "p(95)": 0.11255099999999998
        },
        "http_req_blocked": {
            "avg": 0.022988342254934836,
            "min": 0.001235,
            "med": 0.0059285,
            "max": 2.868185,
            "p(90)": 0.0087279,
            "p(95)": 0.010425349999999996
        },
        "http_req_connecting": {
            "min": 0,
            "med": 0,
            "max": 1.991869,
            "p(90)": 0,
            "p(95)": 0,
            "avg": 0.015303340582134492
        },
        "http_req_waiting": {
            "p(90)": 20.0148629,
            "p(95)": 24.435592849999985,
            "avg": 14.119337931582452,
            "min": 3.853788,
            "med": 11.909737,
            "max": 225.535711
        },
        "data_received": {
            "count": 6735300,
            "rate": 110396.06242343709
        }
    }
}