{
    "root_group": {
        "id": "d41d8cd98f00b204e9800998ecf8427e",
        "groups": {},
        "checks": {
                "статус 200": {
                    "name": "статус 200",
                    "path": "::статус 200",
                    "id": "63fd587a2004924fac2f18b343720cda",
                    "passes": 5977,
                    "fails": 0
                },
                "ответ содержит orderId": {
                    "id": "9b0caa480d77dd97e7e57f2f6d3f304a",
                    "passes": 5977,
                    "fails": 0,
                    "name": "ответ содержит orderId",
                    "path": "::ответ содержит orderId"
                }
            },
        "name": "",
        "path": ""
    },
    "metrics": {
        "vus": {
            "value": 9,
            "min": 9,
            "max": 100
        },
        "http_reqs": {
            "count": 5977,
            "rate": 97.96001849954872,
            "thresholds": {
                "count>1000": false
            }
        },
        "http_req_blocked": {
            "avg": 0.026433628576209,
            "min": 0.000907,
            "med": 0.006021,
            "max": 4.883597,
            "p(90)": 0.008797600000000003,
            "p(95)": 0.011415799999999997
        },
        "http_req_waiting": {
            "p(90)": 19.4287628,
            "p(95)": 24.0120336,
            "avg": 14.299702623222391,
            "min": 3.910887,
            "med": 11.876708,
            "max": 245.832339
        },
        "vus_max": {
            "value": 100,
            "min": 100,
            "max": 100
        },
        "http_req_sending": {
            "avg": 0.021836906307512102,
            "min": 0.002395,
            "med": 0.017386,
            "max": 1.973246,
            "p(90)": 0.026554400000000002,
            "p(95)": 0.030331
        },
        "http_req_connecting": {
            "med": 0,
            "max": 4.777038,
            "p(90)": 0,
            "p(95)": 0,
            "avg": 0.01733447465283587,
            "min": 0
        },
        "data_received": {
            "rate": 110832.7057356155,
            "count": 6762423
        },
        "http_req_failed": {
            "passes": 0,
            "fails": 5977,
            "thresholds": {
                "rate<0.01": false
            },
            "value": 0
        },
        "http_req_receiving": {
            "p(95)": 0.1121546,
            "avg": 0.06870993876526676,
            "min": 0.011632,
            "med": 0.066782,
            "max": 1.287587,
            "p(90)": 0.1010558
        },
        "iteration_duration": {
            "p(95)": 1024.8226824,
            "avg": 1015.0959657766497,
            "min": 1004.324483,
            "med": 1012.67058,
            "max": 1249.713111,
            "p(90)": 1020.1338582
        },
        "checks": {
            "fails": 0,
            "passes": 11954,
            "value": 1
        },
        "http_req_duration": {
            "min": 3.968333,
            "med": 11.986426,
            "max": 246.442746,
            "p(90)": 19.52445700000002,
            "p(95)": 24.098449599999995,
            "avg": 14.390249468295051,
            "thresholds": {
                "p(95)<300": false
            }
        },
        "http_req_duration{expected_response:true}": {
            "med": 11.986426,
            "max": 246.442746,
            "p(90)": 19.52445700000002,
            "p(95)": 24.098449599999995,
            "avg": 14.390249468295051,
            "min": 3.968333
        },
        "http_req_tls_handshaking": {
            "p(90)": 0,
            "p(95)": 0,
            "avg": 0,
            "min": 0,
            "med": 0,
            "max": 0
        },
        "iterations": {
            "count": 5977,
            "rate": 97.96001849954872
        },
        "data_sent": {
            "count": 507358,
            "rate": 8315.341988605327
        }
    }
}