{
    "metrics": {
        "http_reqs": {
            "count": 5988,
            "rate": 98.14173299806528,
            "thresholds": {
                "count>1000": false
            }
        },
        "http_req_duration{expected_response:true}": {
            "avg": 13.46645072678692,
            "min": 3.925347,
            "med": 9.6751805,
            "max": 100.355977,
            "p(90)": 21.9930905,
            "p(95)": 36.545784849999976
        },
        "data_sent": {
            "count": 508302,
            "rate": 8330.935064526147
        },
        "http_req_tls_handshaking": {
            "p(90)": 0,
            "p(95)": 0,
            "avg": 0,
            "min": 0,
            "med": 0,
            "max": 0
        },
        "checks": {
            "fails": 0,
            "passes": 11976,
            "value": 1
        },
        "iterations": {
            "count": 5988,
            "rate": 98.14173299806528
        },
        "http_req_connecting": {
            "med": 0,
            "max": 1.032424,
            "p(90)": 0,
            "p(95)": 0,
            "avg": 0.007424700734802937,
            "min": 0
        },
        "data_received": {
            "count": 6771826,
            "rate": 110988.43340036011
        },
        "iteration_duration": {
            "avg": 1014.1391238906131,
            "min": 1004.276033,
            "med": 1010.3386794999999,
            "max": 1101.508053,
            "p(90)": 1022.8110282,
            "p(95)": 1037.1030484
        },
        "http_req_blocked": {
            "med": 0.0050585000000000005,
            "max": 1.071005,
            "p(90)": 0.008587299999999999,
            "p(95)": 0.010130149999999996,
            "avg": 0.01373357498329995,
            "min": 0.00103
        },
        "http_req_waiting": {
            "p(90)": 21.910986300000005,
            "p(95)": 36.43404994999997,
            "avg": 13.386977041082169,
            "min": 3.901439,
            "med": 9.597152,
            "max": 100.278744
        },
        "vus": {
            "value": 10,
            "min": 10,
            "max": 100
        },
        "http_req_duration": {
            "min": 3.925347,
            "med": 9.6751805,
            "max": 100.355977,
            "p(90)": 21.9930905,
            "p(95)": 36.545784849999976,
            "avg": 13.46645072678692,
            "thresholds": {
                "p(95)<300": false
            }
        },
        "http_req_failed": {
            "passes": 0,
            "fails": 5988,
            "thresholds": {
                "rate<0.01": false
            },
            "value": 0
        },
        "http_req_sending": {
            "avg": 0.016754719772879147,
            "min": 0.002534,
            "med": 0.0142515,
            "max": 0.635653,
            "p(90)": 0.0254481,
            "p(95)": 0.029193449999999996
        },
        "vus_max": {
            "value": 100,
            "min": 100,
            "max": 100
        },
        "http_req_receiving": {
            "p(90)": 0.09530060000000001,
            "p(95)": 0.10713494999999998,
            "avg": 0.06271896593186384,
            "min": 0.008693,
            "med": 0.057732,
            "max": 2.859977
        }
    },
    "root_group": {
        "name": "",
        "path": "",
        "id": "d41d8cd98f00b204e9800998ecf8427e",
        "groups": {},
        "checks": {
                "статус 200": {
                    "name": "статус 200",
                    "path": "::статус 200",
                    "id": "63fd587a2004924fac2f18b343720cda",
                    "passes": 5988,
                    "fails": 0
                },
                "ответ содержит orderId": {
                    "passes": 5988,
                    "fails": 0,
                    "name": "ответ содержит orderId",
                    "path": "::ответ содержит orderId",
                    "id": "9b0caa480d77dd97e7e57f2f6d3f304a"
                }
            }
    }
}