{
    "metrics": {
        "vus_max": {
            "value": 100,
            "min": 100,
            "max": 100
        },
        "iteration_duration": {
            "max": 1207.077567,
            "p(90)": 1019.1553758,
            "p(95)": 1024.1697209,
            "avg": 1013.5070557099978,
            "min": 1004.180089,
            "med": 1008.7437695
        },
        "http_req_duration{expected_response:true}": {
            "med": 8.110453499999998,
            "max": 205.121951,
            "p(90)": 18.4004522,
            "p(95)": 23.57558365000001,
            "avg": 12.830741921499994,
            "min": 3.928211
        },
        "data_sent": {
            "count": 509332,
            "rate": 8353.134385130981
        },
        "http_req_tls_handshaking": {
            "avg": 0,
            "min": 0,
            "med": 0,
            "max": 0,
            "p(90)": 0,
            "p(95)": 0
        },
        "http_req_sending": {
            "max": 1.441074,
            "p(90)": 0.025388300000000006,
            "p(95)": 0.02855425,
            "avg": 0.02046125033333328,
            "min": 0.002536,
            "med": 0.013950500000000001
        },
        "vus": {
            "value": 100,
            "min": 100,
            "max": 100
        },
        "http_req_waiting": {
            "p(90)": 18.302786,
            "p(95)": 23.48954225000001,
            "avg": 12.750068859333306,
            "min": 3.881225,
            "med": 8.052468000000001,
            "max": 205.073342
        },
        "http_req_receiving": {
            "avg": 0.060211811833333316,
            "min": 0.008823,
            "med": 0.0568515,
            "max": 0.553273,
            "p(90)": 0.09451030000000002,
            "p(95)": 0.10528830000000002
        },
        "checks": {
            "passes": 12000,
            "fails": 0,
            "value": 1
        },
        "http_req_duration": {
            "p(90)": 18.4004522,
            "p(95)": 23.57558365000001,
            "avg": 12.830741921499994,
            "min": 3.928211,
            "med": 8.110453499999998,
            "max": 205.121951,
            "thresholds": {
                "p(95)<300": false
            }
        },
        "iterations": {
            "count": 6000,
            "rate": 98.40105532498623
        },
        "http_req_connecting": {
            "avg": 0.012577586499999995,
            "min": 0,
            "med": 0,
            "max": 3.300853,
            "p(90)": 0,
            "p(95)": 0
        },
        "http_req_blocked": {
            "min": 0.000969,
            "med": 0.004929,
            "max": 3.672391,
            "p(90)": 0.00836,
            "p(95)": 0.009881300000000004,
            "avg": 0.0210254111666667
        },
        "data_received": {
            "count": 6763507,
            "rate": 110922.70441632195
        },
        "http_req_failed": {
            "passes": 0,
            "fails": 6000,
            "thresholds": {
                "rate<0.01": false
            },
            "value": 0
        },
        "http_reqs": {
            "count": 6000,
            "rate": 98.40105532498623,
            "thresholds": {
                "count>1000": false
            }
        }
    },
    "root_group": {
        "name": "",
        "path": "",
        "id": "d41d8cd98f00b204e9800998ecf8427e",
        "groups": {},
        "checks": {
                "статус 200": {
                    "name": "статус 200",
                    "path": "::статус 200",
                    "id": "63fd587a2004924fac2f18b343720cda",
                    "passes": 6000,
                    "fails": 0
                },
                "ответ содержит orderId": {
                    "passes": 6000,
                    "fails": 0,
                    "name": "ответ содержит orderId",
                    "path": "::ответ содержит orderId",
                    "id": "9b0caa480d77dd97e7e57f2f6d3f304a"
                }
            }
    }
}