{
    "root_group": {
        "name": "",
        "path": "",
        "id": "d41d8cd98f00b204e9800998ecf8427e",
        "groups": {},
        "checks": {
                "статус 200": {
                    "name": "статус 200",
                    "path": "::статус 200",
                    "id": "63fd587a2004924fac2f18b343720cda",
                    "passes": 6000,
                    "fails": 0
                },
                "ответ содержит orderId": {
                    "fails": 0,
                    "name": "ответ содержит orderId",
                    "path": "::ответ содержит orderId",
                    "id": "9b0caa480d77dd97e7e57f2f6d3f304a",
                    "passes": 6000
                }
            }
    },
    "metrics": {
        "http_req_failed": {
            "passes": 0,
            "fails": 6000,
            "thresholds": {
                "rate<0.01": false
            },
            "value": 0
        },
        "http_req_connecting": {
            "avg": 0.007052666833333332,
            "min": 0,
            "med": 0,
            "max": 1.701843,
            "p(90)": 0,
            "p(95)": 0
        },
        "http_req_tls_handshaking": {
            "p(95)": 0,
            "avg": 0,
            "min": 0,
            "med": 0,
            "max": 0,
            "p(90)": 0
        },
        "iterations": {
            "count": 6000,
            "rate": 98.4305532018042
        },
        "http_req_receiving": {
            "p(95)": 0.10593290000000001,
            "avg": 0.060016535000000044,
            "min": 0.008964,
            "med": 0.055705500000000005,
            "max": 1.442217,
            "p(90)": 0.09422720000000001
        },
        "http_req_duration{expected_response:true}": {
            "max": 191.07535,
            "p(90)": 21.3184511,
            "p(95)": 28.20646095,
            "avg": 12.728556621666732,
            "min": 3.759054,
            "med": 7.9477955
        },
        "http_req_waiting": {
            "p(90)": 21.195611300000007,
            "p(95)": 28.080803950000004,
            "avg": 12.63623990466668,
            "min": 3.722899,
            "med": 7.8912055,
            "max": 190.785666
        },
        "iteration_duration": {
            "avg": 1013.4096296741692,
            "min": 1004.029821,
            "med": 1008.57848,
            "max": 1196.282267,
            "p(90)": 1022.0229588000001,
            "p(95)": 1029.0198301
        },
        "http_req_sending": {
            "avg": 0.03230018199999991,
            "min": 0.002641,
            "med": 0.0132725,
            "max": 6.803739,
            "p(90)": 0.024671800000000008,
            "p(95)": 0.028361750000000005
        },
        "data_sent": {
            "count": 509352,
            "rate": 8355.966522407562
        },
        "http_reqs": {
            "count": 6000,
            "rate": 98.4305532018042,
            "thresholds": {
                "count>1000": false
            }
        },
        "http_req_blocked": {
            "avg": 0.028217095166666605,
            "min": 0.001039,
            "med": 0.004862,
            "max": 6.499443,
            "p(90)": 0.008401,
            "p(95)": 0.009900100000000002
        },
        "http_req_duration": {
            "avg": 12.728556621666732,
            "min": 3.759054,
            "med": 7.9477955,
            "max": 191.07535,
            "p(90)": 21.3184511,
            "p(95)": 28.20646095,
            "thresholds": {
                "p(95)<300": false
            }
        },
        "vus_max": {
            "min": 100,
            "max": 100,
            "value": 100
        },
        "checks": {
            "passes": 12000,
            "fails": 0,
            "value": 1
        },
        "vus": {
            "value": 100,
            "min": 100,
            "max": 100
        },
        "data_received": {
            "count": 6782045,
            "rate": 111260.07353158835
        }
    }
}