{
    "root_group": {
        "id": "d41d8cd98f00b204e9800998ecf8427e",
        "groups": {},
        "checks": {
                "статус 200": {
                    "name": "статус 200",
                    "path": "::статус 200",
                    "id": "63fd587a2004924fac2f18b343720cda",
                    "passes": 5976,
                    "fails": 0
                },
                "ответ содержит orderId": {
                    "name": "ответ содержит orderId",
                    "path": "::ответ содержит orderId",
                    "id": "9b0caa480d77dd97e7e57f2f6d3f304a",
                    "passes": 5976,
                    "fails": 0
                }
            },
        "name": "",
        "path": ""
    },
    "metrics": {
        "data_sent": {
            "count": 507321,
            "rate": 8315.15282520286
        },
        "data_received": {
            "count": 6734283,
            "rate": 110377.04394883239
        },
        "http_req_duration{expected_response:true}": {
            "p(95)": 24.829253,
            "avg": 14.458361523427081,
            "min": 3.838057,
            "med": 12.262023,
            "max": 168.945253,
            "p(90)": 20.531199
        },
        "iterations": {
            "count": 5976,
            "rate": 97.94854398578472
        },
        "http_req_receiving": {
            "avg": 0.06656464608433742,
            "min": 0.008015,
            "med": 0.0640235,
            "max": 1.629078,
            "p(90)": 0.09824050000000001,
            "p(95)": 0.10858425
        },
        "vus": {
            "min": 10,
            "max": 100,
            "value": 10
        },
        "http_req_tls_handshaking": {
            "min": 0,
            "med": 0,
            "max": 0,
            "p(90)": 0,
            "p(95)": 0,
            "avg": 0
        },
        "http_req_sending": {
            "p(90)": 0.0264065,
            "p(95)": 0.0300895,
            "avg": 0.02110836044176711,
            "min": 0.002899,
            "med": 0.016576,
            "max": 1.019041
        },
        "checks": {
            "passes": 11952,
            "fails": 0,
            "value": 1
        },
        "http_req_blocked": {
            "med": 0.005809,
            "max": 3.063291,
            "p(90)": 0.0087035,
            "p(95)": 0.010428,
            "avg": 0.035881119143239604,
            "min": 0.001075
        },
        "http_req_connecting": {
            "avg": 0.027372917503346722,
            "min": 0,
            "med": 0,
            "max": 2.865273,
            "p(90)": 0,
            "p(95)": 0
        },
        "http_req_waiting": {
            "p(90)": 20.427658,
            "p(95)": 24.703366250000002,
            "avg": 14.370688516900863,
            "min": 3.789817,
            "med": 12.152516,
            "max": 168.907896
        },
        "vus_max": {
            "value": 100,
            "min": 100,
            "max": 100
        },
        "http_req_duration": {
            "avg": 14.458361523427081,
            "min": 3.838057,
            "med": 12.262023,
            "max": 168.945253,
            "p(90)": 20.531199,
            "p(95)": 24.829253,
            "thresholds": {
                "p(95)<300": false
            }
        },
        "iteration_duration": {
            "med": 1012.9352485,
            "max": 1171.055892,
            "p(90)": 1021.3157209999999,
            "p(95)": 1025.49325925,
            "avg": 1015.1609706746995,
            "min": 1004.031838
        },
        "http_reqs": {
            "count": 5976,
            "rate": 97.94854398578472,
            "thresholds": {
                "count>1000": false
            }
        },
        "http_req_failed": {
            "passes": 0,
            "fails": 5976,
            "thresholds": {
                "rate<0.01": false
            },
            "value": 0
        }
    }
}