{
    "root_group": {
        "name": "",
        "path": "",
        "id": "d41d8cd98f00b204e9800998ecf8427e",
        "groups": {},
        "checks": {
                "📦 статус 201": {
                    "name": "📦 статус 201",
                    "path": "::📦 статус 201",
                    "id": "70a1e9b1e2064741c325237b51506fdc",
                    "passes": 5857,
                    "fails": 0
                }
            }
    },
    "metrics": {
        "http_req_sending": {
            "avg": 0.030358663650332924,
            "min": 0.002806,
            "med": 0.025992,
            "max": 1.842625,
            "p(90)": 0.0376168,
            "p(95)": 0.0435664
        },
        "checks": {
            "passes": 5857,
            "fails": 0,
            "value": 1
        },
        "vus": {
            "value": 22,
            "min": 22,
            "max": 100
        },
        "http_req_failed": {
            "passes": 0,
            "fails": 5857,
            "thresholds": {
                "rate<0.01": false
            },
            "value": 0
        },
        "iterations": {
            "count": 5857,
            "rate": 95.81367875082864
        },
        "http_reqs": {
            "count": 5857,
            "rate": 95.81367875082864
        },
        "iteration_duration": {
            "p(95)": 1085.3061896000002,
            "avg": 1035.5602902057367,
            "min": 1006.058037,
            "med": 1020.347405,
            "max": 1642.125297,
            "p(90)": 1045.5175042
        },
        "http_req_duration{expected_response:true}": {
            "p(95)": 84.65961959999998,
            "avg": 34.80237059808773,
            "min": 5.669578,
            "med": 19.571472,
            "max": 641.160876,
            "p(90)": 44.694205600000004
        },
        "http_req_connecting": {
            "med": 0,
            "max": 4.248223,
            "p(90)": 0,
            "p(95)": 0,
            "avg": 0.015370105173296915,
            "min": 0
        },
        "http_req_duration": {
            "med": 19.571472,
            "max": 641.160876,
            "p(90)": 44.694205600000004,
            "p(95)": 84.65961959999998,
            "avg": 34.80237059808773,
            "min": 5.669578,
            "thresholds": {
                "p(95)<300": false
            }
        },
        "http_req_receiving": {
            "p(90)": 0.0789678,
            "p(95)": 0.09235979999999998,
            "avg": 0.055919659552672314,
            "min": 0.007501,
            "med": 0.055063,
            "max": 0.683116
        },
        "vus_max": {
            "max": 100,
            "value": 100,
            "min": 100
        },
        "http_req_blocked": {
            "p(95)": 0.010335399999999998,
            "avg": 0.024189930169028536,
            "min": 0.001146,
            "med": 0.006657,
            "max": 4.295963,
            "p(90)": 0.0090024
        },
        "data_received": {
            "count": 878550,
            "rate": 14372.051812624297
        },
        "http_req_waiting": {
            "avg": 34.7160922748847,
            "min": 5.627923,
            "med": 19.484324,
            "max": 641.100937,
            "p(90)": 44.58343160000004,
            "p(95)": 84.5630032
        },
        "http_req_tls_handshaking": {
            "avg": 0,
            "min": 0,
            "med": 0,
            "max": 0,
            "p(90)": 0,
            "p(95)": 0
        },
        "data_sent": {
            "count": 1782157,
            "rate": 29154.006877503933
        }
    }
}