{
    "root_group": {
        "id": "d41d8cd98f00b204e9800998ecf8427e",
        "groups": {},
        "checks": {
                "📦 статус 201": {
                    "path": "::📦 статус 201",
                    "id": "70a1e9b1e2064741c325237b51506fdc",
                    "passes": 5854,
                    "fails": 0,
                    "name": "📦 статус 201"
                }
            },
        "name": "",
        "path": ""
    },
    "metrics": {
        "iteration_duration": {
            "med": 1019.5093625,
            "max": 1393.793274,
            "p(90)": 1070.3772787,
            "p(95)": 1166.199511999999,
            "avg": 1038.4518121889296,
            "min": 1006.027147
        },
        "http_req_receiving": {
            "avg": 0.05105677570891692,
            "min": 0.007777,
            "med": 0.049367,
            "max": 0.379508,
            "p(90)": 0.0761448,
            "p(95)": 0.08663364999999996
        },
        "http_req_failed": {
            "passes": 0,
            "fails": 5854,
            "thresholds": {
                "rate<0.01": false
            },
            "value": 0
        },
        "http_req_connecting": {
            "med": 0,
            "max": 3.369081,
            "p(90)": 0,
            "p(95)": 0,
            "avg": 0.010299697984284248,
            "min": 0
        },
        "http_req_sending": {
            "min": 0.003231,
            "med": 0.023235,
            "max": 1.193918,
            "p(90)": 0.036275199999999994,
            "p(95)": 0.040999350000000004,
            "avg": 0.02630858421592077
        },
        "checks": {
            "passes": 5854,
            "fails": 0,
            "value": 1
        },
        "http_req_blocked": {
            "avg": 0.046342928083362066,
            "min": 0.001113,
            "med": 0.006024,
            "max": 6.767286,
            "p(90)": 0.0088117,
            "p(95)": 0.009884399999999998
        },
        "http_req_duration{expected_response:true}": {
            "max": 392.514907,
            "p(90)": 69.5433725,
            "p(95)": 161.97267164999988,
            "avg": 37.6689004591731,
            "min": 5.603748,
            "med": 18.799590000000002
        },
        "vus_max": {
            "value": 100,
            "min": 100,
            "max": 100
        },
        "data_received": {
            "count": 878100,
            "rate": 14319.887010186107
        },
        "http_req_duration": {
            "min": 5.603748,
            "med": 18.799590000000002,
            "max": 392.514907,
            "p(90)": 69.5433725,
            "p(95)": 161.97267164999988,
            "avg": 37.6689004591731,
            "thresholds": {
                "p(95)<300": false
            }
        },
        "http_req_tls_handshaking": {
            "min": 0,
            "med": 0,
            "max": 0,
            "p(90)": 0,
            "p(95)": 0,
            "avg": 0
        },
        "http_req_waiting": {
            "avg": 37.591535099248226,
            "min": 5.560102,
            "med": 18.723204,
            "max": 392.369499,
            "p(90)": 69.4865497,
            "p(95)": 161.8751321499998
        },
        "vus": {
            "value": 21,
            "min": 21,
            "max": 100
        },
        "iterations": {
            "count": 5854,
            "rate": 95.4659134012407
        },
        "http_reqs": {
            "count": 5854,
            "rate": 95.4659134012407
        },
        "data_sent": {
            "count": 1782233,
            "rate": 29064.315209913464
        }
    }
}