{
    "root_group": {
        "name": "",
        "path": "",
        "id": "d41d8cd98f00b204e9800998ecf8427e",
        "groups": {},
        "checks": {
                "📦 статус 201": {
                    "id": "70a1e9b1e2064741c325237b51506fdc",
                    "passes": 5900,
                    "fails": 0,
                    "name": "📦 статус 201",
                    "path": "::📦 статус 201"
                }
            }
    },
    "metrics": {
        "http_req_tls_handshaking": {
            "avg": 0,
            "min": 0,
            "med": 0,
            "max": 0,
            "p(90)": 0,
            "p(95)": 0
        },
        "data_received": {
            "count": 885000,
            "rate": 14552.89644086809
        },
        "vus_max": {
            "min": 100,
            "max": 100,
            "value": 100
        },
        "iterations": {
            "rate": 97.01930960578726,
            "count": 5900
        },
        "http_reqs": {
            "count": 5900,
            "rate": 97.01930960578726
        },
        "http_req_blocked": {
            "max": 5.367543,
            "p(90)": 0.0088652,
            "p(95)": 0.009993400000000001,
            "avg": 0.020158815423728865,
            "min": 0.001345,
            "med": 0.0060875
        },
        "data_sent": {
            "count": 1791895,
            "rate": 29465.833184078332
        },
        "http_req_receiving": {
            "avg": 0.052693359661017125,
            "min": 0.007722,
            "med": 0.050712,
            "max": 0.599709,
            "p(90)": 0.07807220000000001,
            "p(95)": 0.09092385
        },
        "iteration_duration": {
            "avg": 1024.1601100922044,
            "min": 1005.706215,
            "med": 1018.2755004999999,
            "max": 1362.494288,
            "p(90)": 1041.7569558,
            "p(95)": 1063.6864812
        },
        "http_req_failed": {
            "passes": 0,
            "fails": 5900,
            "thresholds": {
                "rate<0.01": false
            },
            "value": 0
        },
        "http_req_connecting": {
            "min": 0,
            "med": 0,
            "max": 5.2952,
            "p(90)": 0,
            "p(95)": 0,
            "avg": 0.01172405423728814
        },
        "vus": {
            "value": 100,
            "min": 100,
            "max": 100
        },
        "http_req_sending": {
            "p(90)": 0.03720850000000001,
            "p(95)": 0.042637350000000004,
            "avg": 0.035408121525423865,
            "min": 0.003969,
            "med": 0.023792,
            "max": 2.749986
        },
        "checks": {
            "passes": 5900,
            "fails": 0,
            "value": 1
        },
        "http_req_duration{expected_response:true}": {
            "med": 17.540968499999998,
            "max": 361.596804,
            "p(90)": 41.07680570000001,
            "p(95)": 62.904977450000004,
            "avg": 23.42431569322035,
            "min": 5.242593
        },
        "http_req_waiting": {
            "p(95)": 62.8248546,
            "avg": 23.336214212033877,
            "min": 5.193482,
            "med": 17.4646895,
            "max": 361.518581,
            "p(90)": 40.953294100000015
        },
        "http_req_duration": {
            "avg": 23.42431569322035,
            "min": 5.242593,
            "med": 17.540968499999998,
            "max": 361.596804,
            "p(90)": 41.07680570000001,
            "p(95)": 62.904977450000004,
            "thresholds": {
                "p(95)<300": false
            }
        }
    }
}