{
    "root_group": {
        "name": "",
        "path": "",
        "id": "d41d8cd98f00b204e9800998ecf8427e",
        "groups": {},
        "checks": {
                "📦 статус 201": {
                    "name": "📦 статус 201",
                    "path": "::📦 статус 201",
                    "id": "70a1e9b1e2064741c325237b51506fdc",
                    "passes": 5897,
                    "fails": 0
                }
            }
    },
    "metrics": {
        "http_req_sending": {
            "p(90)": 0.036904000000000006,
            "p(95)": 0.0422286,
            "avg": 0.030493203662879446,
            "min": 0.002986,
            "med": 0.02361,
            "max": 1.119562
        },
        "http_req_receiving": {
            "p(95)": 0.08684779999999999,
            "avg": 0.051925613362726775,
            "min": 0.008252,
            "med": 0.050824,
            "max": 0.201533,
            "p(90)": 0.07589320000000001
        },
        "http_req_tls_handshaking": {
            "avg": 0,
            "min": 0,
            "med": 0,
            "max": 0,
            "p(90)": 0,
            "p(95)": 0
        },
        "http_req_duration{expected_response:true}": {
            "min": 5.662249,
            "med": 15.312919,
            "max": 443.597513,
            "p(90)": 53.888547400000064,
            "p(95)": 91.15087439999998,
            "avg": 28.495478716974834
        },
        "http_req_connecting": {
            "avg": 0.03877489825334916,
            "min": 0,
            "med": 0,
            "max": 4.5858,
            "p(90)": 0,
            "p(95)": 0
        },
        "http_req_duration": {
            "min": 5.662249,
            "med": 15.312919,
            "max": 443.597513,
            "p(90)": 53.888547400000064,
            "p(95)": 91.15087439999998,
            "avg": 28.495478716974834,
            "thresholds": {
                "p(95)<300": false
            }
        },
        "data_sent": {
            "count": 1784934,
            "rate": 29306.90562854719
        },
        "http_req_blocked": {
            "p(90)": 0.008785000000000003,
            "p(95)": 0.0099356,
            "avg": 0.0468667885365441,
            "min": 0.001218,
            "med": 0.006005,
            "max": 4.931371
        },
        "iterations": {
            "count": 5897,
            "rate": 96.82308841197644
        },
        "http_req_failed": {
            "passes": 0,
            "fails": 5897,
            "thresholds": {
                "rate<0.01": false
            },
            "value": 0
        },
        "checks": {
            "passes": 5897,
            "fails": 0,
            "value": 1
        },
        "vus": {
            "value": 100,
            "min": 100,
            "max": 100
        },
        "http_reqs": {
            "count": 5897,
            "rate": 96.82308841197644
        },
        "vus_max": {
            "value": 100,
            "min": 100,
            "max": 100
        },
        "iteration_duration": {
            "avg": 1029.2731880703789,
            "min": 1006.438484,
            "med": 1016.137212,
            "max": 1446.228283,
            "p(90)": 1054.5669902,
            "p(95)": 1092.0216552
        },
        "http_req_waiting": {
            "avg": 28.41305989994913,
            "min": 5.624947,
            "med": 15.216117,
            "max": 442.518672,
            "p(90)": 53.793693600000054,
            "p(95)": 91.04018739999998
        },
        "data_received": {
            "count": 884550,
            "rate": 14523.463261796467
        }
    }
}