{
    "root_group": {
        "path": "",
        "id": "d41d8cd98f00b204e9800998ecf8427e",
        "groups": {},
        "checks": {
                "📦 статус 201": {
                    "name": "📦 статус 201",
                    "path": "::📦 статус 201",
                    "id": "70a1e9b1e2064741c325237b51506fdc",
                    "passes": 5900,
                    "fails": 0
                }
            },
        "name": ""
    },
    "metrics": {
        "http_req_duration{expected_response:true}": {
            "avg": 24.28698352796618,
            "min": 5.711457,
            "med": 17.9116925,
            "max": 224.817201,
            "p(90)": 45.9641467,
            "p(95)": 64.34403225
        },
        "data_received": {
            "count": 885000,
            "rate": 14592.679916617031
        },
        "http_reqs": {
            "count": 5900,
            "rate": 97.28453277744687
        },
        "http_req_tls_handshaking": {
            "max": 0,
            "p(90)": 0,
            "p(95)": 0,
            "avg": 0,
            "min": 0,
            "med": 0
        },
        "vus": {
            "value": 100,
            "min": 100,
            "max": 100
        },
        "http_req_waiting": {
            "med": 17.812691,
            "max": 224.740898,
            "p(90)": 45.841061300000014,
            "p(95)": 64.2561867,
            "avg": 24.20994459084744,
            "min": 5.669476
        },
        "http_req_failed": {
            "passes": 0,
            "fails": 5900,
            "thresholds": {
                "rate<0.01": false
            },
            "value": 0
        },
        "iterations": {
            "count": 5900,
            "rate": 97.28453277744687
        },
        "http_req_sending": {
            "min": 0.003204,
            "med": 0.0221465,
            "max": 1.561372,
            "p(90)": 0.03635770000000001,
            "p(95)": 0.04133155000000001,
            "avg": 0.025764452542372827
        },
        "vus_max": {
            "value": 100,
            "min": 100,
            "max": 100
        },
        "iteration_duration": {
            "avg": 1024.9849483632208,
            "min": 1006.183261,
            "med": 1018.679629,
            "max": 1225.254706,
            "p(90)": 1046.6310713,
            "p(95)": 1065.26896035
        },
        "data_sent": {
            "count": 1791123,
            "rate": 29533.65494948118
        },
        "checks": {
            "passes": 5900,
            "fails": 0,
            "value": 1
        },
        "http_req_blocked": {
            "p(90)": 0.008612100000000001,
            "p(95)": 0.009716200000000001,
            "avg": 0.01051963016949152,
            "min": 0.001137,
            "med": 0.0056524999999999995,
            "max": 1.693949
        },
        "http_req_receiving": {
            "p(90)": 0.07650990000000003,
            "p(95)": 0.09020695000000004,
            "avg": 0.051274484576271165,
            "min": 0.007065,
            "med": 0.047873,
            "max": 3.662254
        },
        "http_req_duration": {
            "med": 17.9116925,
            "max": 224.817201,
            "p(90)": 45.9641467,
            "p(95)": 64.34403225,
            "avg": 24.28698352796618,
            "min": 5.711457,
            "thresholds": {
                "p(95)<300": false
            }
        },
        "http_req_connecting": {
            "avg": 0.0032165962711864413,
            "min": 0,
            "med": 0,
            "max": 1.634565,
            "p(90)": 0,
            "p(95)": 0
        }
    }
}