{
    "root_group": {
        "name": "",
        "path": "",
        "id": "d41d8cd98f00b204e9800998ecf8427e",
        "groups": {},
        "checks": {
                "📦 статус 201": {
                    "path": "::📦 статус 201",
                    "id": "70a1e9b1e2064741c325237b51506fdc",
                    "passes": 5900,
                    "fails": 0,
                    "name": "📦 статус 201"
                }
            }
    },
    "metrics": {
        "iteration_duration": {
            "p(95)": 1069.9878736,
            "avg": 1028.9373733879677,
            "min": 1006.355543,
            "med": 1017.60445,
            "max": 1406.206607,
            "p(90)": 1045.6947123
        },
        "http_req_tls_handshaking": {
            "max": 0,
            "p(90)": 0,
            "p(95)": 0,
            "avg": 0,
            "min": 0,
            "med": 0
        },
        "http_req_duration{expected_response:true}": {
            "med": 16.894509499999998,
            "max": 405.67516,
            "p(90)": 45.09013750000001,
            "p(95)": 69.00164775000009,
            "avg": 28.22198177135599,
            "min": 5.58865
        },
        "http_reqs": {
            "rate": 96.76592525454741,
            "count": 5900
        },
        "http_req_connecting": {
            "p(90)": 0,
            "p(95)": 0,
            "avg": 0.01001318898305085,
            "min": 0,
            "med": 0,
            "max": 1.907265
        },
        "data_sent": {
            "rate": 29451.939426542536,
            "count": 1795740
        },
        "checks": {
            "passes": 5900,
            "fails": 0,
            "value": 1
        },
        "http_req_failed": {
            "passes": 0,
            "fails": 5900,
            "thresholds": {
                "rate<0.01": false
            },
            "value": 0
        },
        "vus_max": {
            "value": 100,
            "min": 100,
            "max": 100
        },
        "http_req_blocked": {
            "p(95)": 0.00977425,
            "avg": 0.01744128338983057,
            "min": 0.001042,
            "med": 0.005723499999999999,
            "max": 1.984758,
            "p(90)": 0.008607300000000002
        },
        "http_req_sending": {
            "max": 1.57599,
            "p(90)": 0.036335400000000004,
            "p(95)": 0.04164435000000002,
            "avg": 0.027127986779661058,
            "min": 0.00267,
            "med": 0.022429499999999998
        },
        "iterations": {
            "count": 5900,
            "rate": 96.76592525454741
        },
        "http_req_duration": {
            "max": 405.67516,
            "p(90)": 45.09013750000001,
            "p(95)": 69.00164775000009,
            "avg": 28.22198177135599,
            "min": 5.58865,
            "med": 16.894509499999998,
            "thresholds": {
                "p(95)<300": false
            }
        },
        "http_req_waiting": {
            "avg": 28.144920208305255,
            "min": 5.535868,
            "med": 16.829716,
            "max": 405.609749,
            "p(90)": 45.0135541,
            "p(95)": 68.94196150000008
        },
        "http_req_receiving": {
            "avg": 0.049933576271186504,
            "min": 0.00589,
            "med": 0.048055,
            "max": 0.520502,
            "p(90)": 0.0745999,
            "p(95)": 0.08502105
        },
        "vus": {
            "value": 100,
            "min": 100,
            "max": 100
        },
        "data_received": {
            "count": 885000,
            "rate": 14514.888788182112
        }
    }
}