{
    "root_group": {
        "checks": {
            "📦 статус 201": {
                "id": "70a1e9b1e2064741c325237b51506fdc",
                "passes": 5871,
                "fails": 0,
                "name": "📦 статус 201",
                "path": "::📦 статус 201"
            }
        },
        "name": "",
        "path": "",
        "id": "d41d8cd98f00b204e9800998ecf8427e",
        "groups": {}
    },
    "metrics": {
        "http_req_blocked": {
            "min": 0.001123,
            "med": 0.005715,
            "max": 1.327568,
            "p(90)": 0.008708,
            "p(95)": 0.009798,
            "avg": 0.01182810679611653
        },
        "http_req_failed": {
            "passes": 0,
            "fails": 5871,
            "thresholds": {
                "rate<0.01": false
            },
            "value": 0
        },
        "vus_max": {
            "value": 100,
            "min": 100,
            "max": 100
        },
        "iteration_duration": {
            "p(90)": 1053.287853,
            "p(95)": 1103.8389860000002,
            "avg": 1032.7768427889648,
            "min": 1005.577541,
            "med": 1018.429265,
            "max": 1371.222117
        },
        "http_req_waiting": {
            "p(95)": 103.407383,
            "avg": 31.98562640793723,
            "min": 5.045027,
            "med": 17.577515,
            "max": 371.027214,
            "p(90)": 52.350597
        },
        "http_reqs": {
            "count": 5871,
            "rate": 96.3117943702626
        },
        "http_req_duration{expected_response:true}": {
            "avg": 32.061566665133554,
            "min": 5.088128,
            "med": 17.662166,
            "max": 371.057634,
            "p(90)": 52.600852,
            "p(95)": 103.442424
        },
        "http_req_sending": {
            "p(95)": 0.041471,
            "avg": 0.02578795111565323,
            "min": 0.002775,
            "med": 0.022076,
            "max": 1.967757,
            "p(90)": 0.036024
        },
        "data_received": {
            "count": 880650,
            "rate": 14446.769155539392
        },
        "http_req_duration": {
            "p(90)": 52.600852,
            "p(95)": 103.442424,
            "avg": 32.061566665133554,
            "min": 5.088128,
            "med": 17.662166,
            "max": 371.057634,
            "thresholds": {
                "p(95)<300": false
            }
        },
        "http_req_receiving": {
            "avg": 0.05015230608073578,
            "min": 0.006482,
            "med": 0.047155,
            "max": 0.437955,
            "p(90)": 0.076601,
            "p(95)": 0.08848349999999999
        },
        "vus": {
            "value": 100,
            "min": 100,
            "max": 100
        },
        "iterations": {
            "count": 5871,
            "rate": 96.3117943702626
        },
        "http_req_connecting": {
            "min": 0,
            "med": 0,
            "max": 0.840263,
            "p(90)": 0,
            "p(95)": 0,
            "avg": 0.004387708397206609
        },
        "checks": {
            "passes": 5871,
            "fails": 0,
            "value": 1
        },
        "data_sent": {
            "count": 1786520,
            "rate": 29307.263988819886
        },
        "http_req_tls_handshaking": {
            "p(90)": 0,
            "p(95)": 0,
            "avg": 0,
            "min": 0,
            "med": 0,
            "max": 0
        }
    }
}