{
    "root_group": {
        "name": "",
        "path": "",
        "id": "d41d8cd98f00b204e9800998ecf8427e",
        "groups": {},
        "checks": {
                "статус 200": {
                    "fails": 0,
                    "name": "статус 200",
                    "path": "::статус 200",
                    "id": "63fd587a2004924fac2f18b343720cda",
                    "passes": 5905
                },
                "ответ содержит orderId": {
                    "fails": 0,
                    "name": "ответ содержит orderId",
                    "path": "::ответ содержит orderId",
                    "id": "9b0caa480d77dd97e7e57f2f6d3f304a",
                    "passes": 5905
                }
            }
    },
    "metrics": {
        "iterations": {
            "count": 5905,
            "rate": 96.76643193484574
        },
        "http_req_duration": {
            "avg": 23.682485783573277,
            "min": 3.566938,
            "med": 17.747779,
            "max": 132.084591,
            "p(90)": 50.554507400000006,
            "p(95)": 67.9410522,
            "thresholds": {
                "p(95)<300": false
            }
        },
        "http_req_failed": {
            "passes": 0,
            "fails": 5905,
            "thresholds": {
                "rate<0.01": false
            },
            "value": 0
        },
        "checks": {
            "passes": 11810,
            "fails": 0,
            "value": 1
        },
        "http_req_sending": {
            "max": 39.577184,
            "p(90)": 0.06582860000000003,
            "p(95)": 0.11079000000000007,
            "avg": 0.10274107095681635,
            "min": 0.006414,
            "med": 0.026246
        },
        "http_req_duration{expected_response:true}": {
            "avg": 23.682485783573277,
            "min": 3.566938,
            "med": 17.747779,
            "max": 132.084591,
            "p(90)": 50.554507400000006,
            "p(95)": 67.9410522
        },
        "http_req_receiving": {
            "avg": 0.16339922946655355,
            "min": 0.018356,
            "med": 0.077315,
            "max": 12.238487,
            "p(90)": 0.2466798,
            "p(95)": 0.4938662000000001
        },
        "vus_max": {
            "value": 100,
            "min": 100,
            "max": 100
        },
        "data_received": {
            "count": 4507845,
            "rate": 73870.96974857489
        },
        "iteration_duration": {
            "avg": 1025.1000471618947,
            "min": 1004.045685,
            "med": 1019.016749,
            "max": 1133.956789,
            "p(90)": 1052.8168182,
            "p(95)": 1071.0225788
        },
        "http_reqs": {
            "count": 5905,
            "rate": 96.76643193484574,
            "thresholds": {
                "count>1000": false
            }
        },
        "http_req_connecting": {
            "avg": 0.008732830143945814,
            "min": 0,
            "med": 0,
            "max": 2.157565,
            "p(90)": 0,
            "p(95)": 0
        },
        "http_req_tls_handshaking": {
            "avg": 0,
            "min": 0,
            "med": 0,
            "max": 0,
            "p(90)": 0,
            "p(95)": 0
        },
        "data_sent": {
            "rate": 8418.67957833158,
            "count": 513735
        },
        "http_req_blocked": {
            "p(90)": 0.0190638,
            "p(95)": 0.0230694,
            "avg": 0.03327919779847581,
            "min": 0.002266,
            "med": 0.008965,
            "max": 9.985264
        },
        "http_req_waiting": {
            "avg": 23.416345483149883,
            "min": 3.504521,
            "med": 17.474609,
            "max": 131.938887,
            "p(90)": 50.33720060000002,
            "p(95)": 66.94834800000001
        },
        "vus": {
            "value": 2,
            "min": 2,
            "max": 100
        }
    }
}