{
    "metrics": {
        "http_req_duration": {
            "min": 3.315342,
            "med": 17.434828,
            "max": 154.627386,
            "p(90)": 54.227366,
            "p(95)": 69.96514,
            "avg": 25.534474022445174,
            "thresholds": {
                "p(95)<300": false
            }
        },
        "checks": {
            "passes": 11762,
            "fails": 0,
            "value": 1
        },
        "http_req_sending": {
            "min": 0.006267,
            "med": 0.037621,
            "max": 10.974459,
            "p(90)": 0.071258,
            "p(95)": 0.104994,
            "avg": 0.06131283183132128
        },
        "http_req_failed": {
            "passes": 0,
            "fails": 5881,
            "thresholds": {
                "rate<0.01": false
            },
            "value": 0
        },
        "http_req_blocked": {
            "p(95)": 0.024034,
            "avg": 0.06430641115456562,
            "min": 0.002139,
            "med": 0.013583,
            "max": 6.248861,
            "p(90)": 0.019941
        },
        "http_req_tls_handshaking": {
            "avg": 0,
            "min": 0,
            "med": 0,
            "max": 0,
            "p(90)": 0,
            "p(95)": 0
        },
        "http_req_waiting": {
            "min": 3.250257,
            "med": 17.220668,
            "max": 154.216338,
            "p(90)": 53.985086,
            "p(95)": 69.842003,
            "avg": 25.292420802414565
        },
        "http_req_duration{expected_response:true}": {
            "med": 17.434828,
            "max": 154.627386,
            "p(90)": 54.227366,
            "p(95)": 69.96514,
            "avg": 25.534474022445174,
            "min": 3.315342
        },
        "iteration_duration": {
            "avg": 1027.0112456048294,
            "min": 1003.718564,
            "med": 1018.730524,
            "max": 1161.178864,
            "p(90)": 1056.891799,
            "p(95)": 1072.143016
        },
        "data_received": {
            "count": 4490380,
            "rate": 73605.70217110077
        },
        "http_req_receiving": {
            "max": 16.33893,
            "p(90)": 0.261204,
            "p(95)": 0.465114,
            "avg": 0.18074038819928637,
            "min": 0.018575,
            "med": 0.115106
        },
        "data_sent": {
            "count": 511647,
            "rate": 8386.848484702228
        },
        "http_reqs": {
            "count": 5881,
            "rate": 96.40055729542792,
            "thresholds": {
                "count>1000": false
            }
        },
        "http_req_connecting": {
            "max": 6.214378,
            "p(90)": 0,
            "p(95)": 0,
            "avg": 0.04445690970923314,
            "min": 0,
            "med": 0
        },
        "vus_max": {
            "value": 100,
            "min": 100,
            "max": 100
        },
        "iterations": {
            "count": 5881,
            "rate": 96.40055729542792
        },
        "vus": {
            "max": 100,
            "value": 4,
            "min": 4
        }
    },
    "root_group": {
        "name": "",
        "path": "",
        "id": "d41d8cd98f00b204e9800998ecf8427e",
        "groups": {},
        "checks": {
                "статус 200": {
                    "id": "63fd587a2004924fac2f18b343720cda",
                    "passes": 5881,
                    "fails": 0,
                    "name": "статус 200",
                    "path": "::статус 200"
                },
                "ответ содержит orderId": {
                    "passes": 5881,
                    "fails": 0,
                    "name": "ответ содержит orderId",
                    "path": "::ответ содержит orderId",
                    "id": "9b0caa480d77dd97e7e57f2f6d3f304a"
                }
            }
    }
}