{
    "metrics": {
        "vus": {
            "value": 100,
            "min": 100,
            "max": 100
        },
        "http_req_sending": {
            "p(90)": 0.072759,
            "p(95)": 0.12065989999999951,
            "avg": 0.07955715297306436,
            "min": 0.006361,
            "med": 0.035391,
            "max": 27.215996
        },
        "http_req_receiving": {
            "med": 0.103175,
            "max": 36.649625,
            "p(90)": 0.2992162000000001,
            "p(95)": 0.5569429999999996,
            "avg": 0.1982188627816359,
            "min": 0.020062
        },
        "http_req_tls_handshaking": {
            "avg": 0,
            "min": 0,
            "med": 0,
            "max": 0,
            "p(90)": 0,
            "p(95)": 0
        },
        "data_received": {
            "count": 4497946,
            "rate": 73792.68942741932
        },
        "http_req_failed": {
            "passes": 0,
            "fails": 5903,
            "thresholds": {
                "rate<0.01": false
            },
            "value": 0
        },
        "iteration_duration": {
            "avg": 1025.416364181091,
            "min": 1003.859398,
            "med": 1019.58107,
            "max": 1123.14329,
            "p(90)": 1053.8346164,
            "p(95)": 1061.1992412
        },
        "http_req_duration": {
            "max": 113.847571,
            "p(90)": 52.13561540000001,
            "p(95)": 59.10335099999999,
            "avg": 23.93429024885642,
            "min": 3.624151,
            "med": 18.147654,
            "thresholds": {
                "p(95)<300": false
            }
        },
        "http_req_connecting": {
            "avg": 0.027236968321192618,
            "min": 0,
            "med": 0,
            "max": 17.817361,
            "p(90)": 0,
            "p(95)": 0
        },
        "http_reqs": {
            "count": 5903,
            "rate": 96.84381397421316,
            "thresholds": {
                "count>1000": false
            }
        },
        "http_req_duration{expected_response:true}": {
            "p(90)": 52.13561540000001,
            "p(95)": 59.10335099999999,
            "avg": 23.93429024885642,
            "min": 3.624151,
            "med": 18.147654,
            "max": 113.847571
        },
        "vus_max": {
            "value": 100,
            "min": 100,
            "max": 100
        },
        "http_req_blocked": {
            "min": 0.002422,
            "med": 0.012621,
            "max": 17.886283,
            "p(90)": 0.020523600000000003,
            "p(95)": 0.026129199999999974,
            "avg": 0.04643604590885984
        },
        "data_sent": {
            "rate": 8425.411815756546,
            "count": 513561
        },
        "iterations": {
            "count": 5903,
            "rate": 96.84381397421316
        },
        "http_req_waiting": {
            "max": 113.335946,
            "p(90)": 51.8367152,
            "p(95)": 58.81309979999999,
            "avg": 23.656514233101845,
            "min": 3.551511,
            "med": 17.846172
        },
        "checks": {
            "passes": 11806,
            "fails": 0,
            "value": 1
        }
    },
    "root_group": {
        "groups": {},
        "checks": {
                "статус 200": {
                    "passes": 5903,
                    "fails": 0,
                    "name": "статус 200",
                    "path": "::статус 200",
                    "id": "63fd587a2004924fac2f18b343720cda"
                },
                "ответ содержит orderId": {
                    "name": "ответ содержит orderId",
                    "path": "::ответ содержит orderId",
                    "id": "9b0caa480d77dd97e7e57f2f6d3f304a",
                    "passes": 5903,
                    "fails": 0
                }
            },
        "name": "",
        "path": "",
        "id": "d41d8cd98f00b204e9800998ecf8427e"
    }
}