{
    "metrics": {
        "http_req_receiving": {
            "min": 0.020114,
            "med": 0.09886349999999999,
            "max": 5.327321,
            "p(90)": 0.1912115,
            "p(95)": 0.2402335,
            "avg": 0.12064619693911892
        },
        "vus": {
            "value": 4,
            "min": 4,
            "max": 100
        },
        "iteration_duration": {
            "med": 1008.8752445,
            "max": 1166.423369,
            "p(90)": 1043.1837685,
            "p(95)": 1062.0302419999998,
            "avg": 1016.5150903824479,
            "min": 1001.859092
        },
        "http_req_duration": {
            "avg": 15.439324154725837,
            "min": 1.480912,
            "med": 7.582872500000001,
            "max": 162.702245,
            "p(90)": 42.222637,
            "p(95)": 61.0679575,
            "thresholds": {
                "p(95)<500": false
            }
        },
        "http_req_blocked": {
            "max": 6.502855,
            "p(90)": 0.0197355,
            "p(95)": 0.023563,
            "avg": 0.027821389001009066,
            "min": 0.003272,
            "med": 0.0128435
        },
        "vus_max": {
            "value": 100,
            "min": 100,
            "max": 100
        },
        "iterations": {
            "count": 5946,
            "rate": 97.47501889092997
        },
        "http_req_connecting": {
            "med": 0,
            "max": 2.287752,
            "p(90)": 0,
            "p(95)": 0,
            "avg": 0.010572684830137903,
            "min": 0
        },
        "data_received": {
            "count": 891900,
            "rate": 14621.252833639495
        },
        "checks": {
            "passes": 5946,
            "fails": 0,
            "value": 1
        },
        "data_sent": {
            "count": 1036030,
            "rate": 16984.03024244369
        },
        "http_reqs": {
            "count": 5946,
            "rate": 97.47501889092997,
            "thresholds": {
                "count>1000": false
            }
        },
        "http_req_duration{expected_response:true}": {
            "min": 1.480912,
            "med": 7.582872500000001,
            "max": 162.702245,
            "p(90)": 42.222637,
            "p(95)": 61.0679575,
            "avg": 15.439324154725837
        },
        "http_req_tls_handshaking": {
            "med": 0,
            "max": 0,
            "p(90)": 0,
            "p(95)": 0,
            "avg": 0,
            "min": 0
        },
        "http_req_failed": {
            "passes": 0,
            "fails": 5946,
            "thresholds": {
                "rate<0.01": false
            },
            "value": 0
        },
        "http_req_waiting": {
            "med": 7.352773,
            "max": 162.559604,
            "p(90)": 42.1187235,
            "p(95)": 60.950121,
            "avg": 15.247921880760133,
            "min": 1.431749
        },
        "http_req_sending": {
            "avg": 0.07075607702657245,
            "min": 0.008984,
            "med": 0.052879499999999996,
            "max": 6.274968,
            "p(90)": 0.08789549999999999,
            "p(95)": 0.11484075
        }
    },
    "root_group": {
        "path": "",
        "id": "d41d8cd98f00b204e9800998ecf8427e",
        "groups": {},
        "checks": {
                "статус 201": {
                    "fails": 0,
                    "name": "статус 201",
                    "path": "::статус 201",
                    "id": "c314df9557299c13c0b7848462734a62",
                    "passes": 5946
                }
            },
        "name": ""
    }
}