{
    "root_group": {
        "checks": {
            "статус 201": {
                "fails": 0,
                "name": "статус 201",
                "path": "::статус 201",
                "id": "c314df9557299c13c0b7848462734a62",
                "passes": 5931
            }
        },
        "name": "",
        "path": "",
        "id": "d41d8cd98f00b204e9800998ecf8427e",
        "groups": {}
    },
    "metrics": {
        "http_req_connecting": {
            "p(90)": 0,
            "p(95)": 0,
            "avg": 0.04069730230989715,
            "min": 0,
            "med": 0,
            "max": 7.723448
        },
        "http_req_sending": {
            "p(95)": 0.1135335,
            "avg": 0.06988017821615214,
            "min": 0.010382,
            "med": 0.0579,
            "max": 8.219037,
            "p(90)": 0.091513
        },
        "http_req_duration{expected_response:true}": {
            "min": 1.673363,
            "med": 8.429112,
            "max": 254.640316,
            "p(90)": 55.7425,
            "p(95)": 79.259348,
            "avg": 19.589617948406648
        },
        "http_req_waiting": {
            "avg": 19.38977154442763,
            "min": 1.623895,
            "med": 8.194395,
            "max": 254.551918,
            "p(90)": 55.533062,
            "p(95)": 79.062813
        },
        "http_req_receiving": {
            "max": 10.842381,
            "p(90)": 0.197221,
            "p(95)": 0.257276,
            "avg": 0.12996622576294029,
            "min": 0.018741,
            "med": 0.11703
        },
        "http_req_tls_handshaking": {
            "max": 0,
            "p(90)": 0,
            "p(95)": 0,
            "avg": 0,
            "min": 0,
            "med": 0
        },
        "checks": {
            "passes": 5931,
            "fails": 0,
            "value": 1
        },
        "data_received": {
            "count": 889650,
            "rate": 14581.822051390003
        },
        "iterations": {
            "rate": 97.21214700926669,
            "count": 5931
        },
        "vus_max": {
            "value": 100,
            "min": 100,
            "max": 100
        },
        "iteration_duration": {
            "avg": 1020.7966660971183,
            "min": 1001.914337,
            "med": 1009.73523,
            "max": 1256.367884,
            "p(90)": 1056.500983,
            "p(95)": 1080.7646785
        },
        "http_req_duration": {
            "avg": 19.589617948406648,
            "min": 1.673363,
            "med": 8.429112,
            "max": 254.640316,
            "p(90)": 55.7425,
            "p(95)": 79.259348,
            "thresholds": {
                "p(95)<500": false
            }
        },
        "http_req_failed": {
            "passes": 0,
            "fails": 5931,
            "thresholds": {
                "rate<0.01": false
            },
            "value": 0
        },
        "vus": {
            "value": 9,
            "min": 9,
            "max": 100
        },
        "http_req_blocked": {
            "min": 0.002964,
            "med": 0.013531,
            "max": 8.169859,
            "p(90)": 0.020048,
            "p(95)": 0.0246325,
            "avg": 0.06436358775923097
        },
        "data_sent": {
            "count": 1033385,
            "rate": 16937.71278657411
        },
        "http_reqs": {
            "rate": 97.21214700926669,
            "count": 5931,
            "thresholds": {
                "count>1000": false
            }
        }
    }
}