{
    "metrics": {
        "http_req_sending": {
            "p(90)": 0.0704614,
            "p(95)": 0.08493439999999997,
            "avg": 0.04107668721728938,
            "min": 0.008298,
            "med": 0.025671,
            "max": 5.64221
        },
        "http_reqs": {
            "rate": 97.85692520004272,
            "count": 5969,
            "thresholds": {
                "count>1000": false
            }
        },
        "http_req_receiving": {
            "min": 0.018085,
            "med": 0.056308,
            "max": 1.472704,
            "p(90)": 0.14768240000000002,
            "p(95)": 0.17551539999999996,
            "avg": 0.07526406986094818
        },
        "http_req_blocked": {
            "avg": 0.033900520690232985,
            "min": 0.00247,
            "med": 0.006395,
            "max": 7.70504,
            "p(90)": 0.016693,
            "p(95)": 0.0194198
        },
        "iterations": {
            "count": 5969,
            "rate": 97.85692520004272
        },
        "data_received": {
            "count": 895350,
            "rate": 14678.538780006409
        },
        "http_req_connecting": {
            "p(95)": 0,
            "avg": 0.007689252973697437,
            "min": 0,
            "med": 0,
            "max": 5.103645,
            "p(90)": 0
        },
        "iteration_duration": {
            "p(90)": 1035.550863,
            "p(95)": 1052.1835946,
            "avg": 1014.8546694156463,
            "min": 1001.883889,
            "med": 1008.333227,
            "max": 1150.190094
        },
        "http_req_tls_handshaking": {
            "med": 0,
            "max": 0,
            "p(90)": 0,
            "p(95)": 0,
            "avg": 0,
            "min": 0
        },
        "vus": {
            "value": 7,
            "min": 7,
            "max": 100
        },
        "http_req_failed": {
            "passes": 0,
            "fails": 5969,
            "thresholds": {
                "rate<0.01": false
            },
            "value": 0
        },
        "http_req_waiting": {
            "avg": 13.900808178254351,
            "min": 1.530783,
            "med": 7.195848,
            "max": 143.211595,
            "p(90)": 34.787550599999996,
            "p(95)": 51.18612879999996
        },
        "vus_max": {
            "value": 100,
            "min": 100,
            "max": 100
        },
        "http_req_duration{expected_response:true}": {
            "p(95)": 51.27532579999997,
            "avg": 14.01714893533257,
            "min": 1.593463,
            "med": 7.365841,
            "max": 143.319436,
            "p(90)": 34.9605374
        },
        "checks": {
            "passes": 5969,
            "fails": 0,
            "value": 1
        },
        "data_sent": {
            "count": 1040047,
            "rate": 17050.729013826243
        },
        "http_req_duration": {
            "med": 7.365841,
            "max": 143.319436,
            "p(90)": 34.9605374,
            "p(95)": 51.27532579999997,
            "avg": 14.01714893533257,
            "min": 1.593463,
            "thresholds": {
                "p(95)<500": false
            }
        }
    },
    "root_group": {
        "name": "",
        "path": "",
        "id": "d41d8cd98f00b204e9800998ecf8427e",
        "groups": {},
        "checks": {
                "статус 201": {
                    "id": "c314df9557299c13c0b7848462734a62",
                    "passes": 5969,
                    "fails": 0,
                    "name": "статус 201",
                    "path": "::статус 201"
                }
            }
    }
}