{
    "root_group": {
        "name": "",
        "path": "",
        "id": "d41d8cd98f00b204e9800998ecf8427e",
        "groups": {},
        "checks": {
                "статус 201": {
                    "path": "::статус 201",
                    "id": "c314df9557299c13c0b7848462734a62",
                    "passes": 5971,
                    "fails": 0,
                    "name": "статус 201"
                }
            }
    },
    "metrics": {
        "vus_max": {
            "value": 100,
            "min": 100,
            "max": 100
        },
        "vus": {
            "value": 1,
            "min": 1,
            "max": 100
        },
        "data_sent": {
            "count": 1040310,
            "rate": 17062.81394302631
        },
        "http_req_blocked": {
            "med": 0.009775,
            "max": 5.33729,
            "p(90)": 0.018673,
            "p(95)": 0.0218035,
            "avg": 0.0613455394406293,
            "min": 0.002294
        },
        "http_req_connecting": {
            "min": 0,
            "med": 0,
            "max": 5.280058,
            "p(90)": 0,
            "p(95)": 0,
            "avg": 0.0466130351699883
        },
        "data_received": {
            "count": 895650,
            "rate": 14690.149386309382
        },
        "http_req_sending": {
            "avg": 0.05367549271478809,
            "min": 0.010667,
            "med": 0.040445,
            "max": 2.929666,
            "p(90)": 0.082009,
            "p(95)": 0.101908
        },
        "http_req_waiting": {
            "avg": 13.873408067325398,
            "min": 1.473526,
            "med": 7.405029,
            "max": 144.903606,
            "p(90)": 35.974283,
            "p(95)": 48.600116
        },
        "http_reqs": {
            "count": 5971,
            "rate": 97.93432924206255,
            "thresholds": {
                "count>1000": false
            }
        },
        "iterations": {
            "count": 5971,
            "rate": 97.93432924206255
        },
        "http_req_duration": {
            "med": 7.616828,
            "max": 145.021912,
            "p(90)": 36.130525,
            "p(95)": 48.730041,
            "avg": 14.032164187405801,
            "min": 1.542897,
            "thresholds": {
                "p(95)<500": false
            }
        },
        "http_req_tls_handshaking": {
            "min": 0,
            "med": 0,
            "max": 0,
            "p(90)": 0,
            "p(95)": 0,
            "avg": 0
        },
        "iteration_duration": {
            "avg": 1015.0588751997977,
            "min": 1001.850567,
            "med": 1008.791928,
            "max": 1146.865882,
            "p(90)": 1037.429901,
            "p(95)": 1050.1386035
        },
        "http_req_duration{expected_response:true}": {
            "p(90)": 36.130525,
            "p(95)": 48.730041,
            "avg": 14.032164187405801,
            "min": 1.542897,
            "med": 7.616828,
            "max": 145.021912
        },
        "checks": {
            "passes": 5971,
            "fails": 0,
            "value": 1
        },
        "http_req_failed": {
            "passes": 0,
            "fails": 5971,
            "thresholds": {
                "rate<0.01": false
            },
            "value": 0
        },
        "http_req_receiving": {
            "avg": 0.10508062736560017,
            "min": 0.021943,
            "med": 0.081166,
            "max": 2.616525,
            "p(90)": 0.173254,
            "p(95)": 0.207447
        }
    }
}