{
    "root_group": {
        "name": "",
        "path": "",
        "id": "d41d8cd98f00b204e9800998ecf8427e",
        "groups": {},
        "checks": {
                "статус 201": {
                    "name": "статус 201",
                    "path": "::статус 201",
                    "id": "c314df9557299c13c0b7848462734a62",
                    "passes": 5991,
                    "fails": 0
                }
            }
    },
    "metrics": {
        "http_reqs": {
            "count": 5991,
            "rate": 98.24704786065254,
            "thresholds": {
                "count>1000": false
            }
        },
        "vus": {
            "min": 3,
            "max": 100,
            "value": 3
        },
        "http_req_connecting": {
            "avg": 0.016946374895676842,
            "min": 0,
            "med": 0,
            "max": 5.772701,
            "p(90)": 0,
            "p(95)": 0
        },
        "data_received": {
            "count": 898650,
            "rate": 14737.057179097881
        },
        "http_req_tls_handshaking": {
            "avg": 0,
            "min": 0,
            "med": 0,
            "max": 0,
            "p(90)": 0,
            "p(95)": 0
        },
        "http_req_duration": {
            "avg": 12.561483234017684,
            "min": 1.596818,
            "med": 6.861725,
            "max": 155.574576,
            "p(90)": 29.471175,
            "p(95)": 44.293474,
            "thresholds": {
                "p(95)<500": false
            }
        },
        "vus_max": {
            "min": 100,
            "max": 100,
            "value": 100
        },
        "http_req_receiving": {
            "max": 3.124348,
            "p(90)": 0.165036,
            "p(95)": 0.2010595,
            "avg": 0.09434150175262913,
            "min": 0.018589,
            "med": 0.066815
        },
        "data_sent": {
            "rate": 17118.71583505689,
            "count": 1043881
        },
        "http_req_duration{expected_response:true}": {
            "max": 155.574576,
            "p(90)": 29.471175,
            "p(95)": 44.293474,
            "avg": 12.561483234017684,
            "min": 1.596818,
            "med": 6.861725
        },
        "http_req_waiting": {
            "avg": 12.406389628943362,
            "min": 1.542445,
            "med": 6.65464,
            "max": 155.352178,
            "p(90)": 29.231581,
            "p(95)": 44.1308
        },
        "iterations": {
            "rate": 98.24704786065254,
            "count": 5991
        },
        "checks": {
            "fails": 0,
            "passes": 5991,
            "value": 1
        },
        "http_req_sending": {
            "p(90)": 0.079537,
            "p(95)": 0.0995005,
            "avg": 0.06075210332164923,
            "min": 0.009359,
            "med": 0.031433,
            "max": 10.280295
        },
        "http_req_failed": {
            "passes": 0,
            "fails": 5991,
            "thresholds": {
                "rate<0.01": false
            },
            "value": 0
        },
        "iteration_duration": {
            "med": 1007.964156,
            "max": 1172.48803,
            "p(90)": 1030.500802,
            "p(95)": 1046.0639345,
            "avg": 1013.499930326654,
            "min": 1002.022145
        },
        "http_req_blocked": {
            "avg": 0.037354076114171304,
            "min": 0.002743,
            "med": 0.007665,
            "max": 16.423137,
            "p(90)": 0.018365,
            "p(95)": 0.021036
        }
    }
}