{
    "root_group": {
        "id": "d41d8cd98f00b204e9800998ecf8427e",
        "groups": {},
        "checks": {
                "статус 201": {
                    "name": "статус 201",
                    "path": "::статус 201",
                    "id": "c314df9557299c13c0b7848462734a62",
                    "passes": 5973,
                    "fails": 0
                }
            },
        "name": "",
        "path": ""
    },
    "metrics": {
        "iterations": {
            "count": 5973,
            "rate": 97.92691573741178
        },
        "http_reqs": {
            "count": 5973,
            "rate": 97.92691573741178,
            "thresholds": {
                "count>1000": false
            }
        },
        "http_req_duration": {
            "min": 1.533431,
            "med": 7.179684,
            "max": 172.657977,
            "p(90)": 28.965448200000004,
            "p(95)": 41.623438199999875,
            "avg": 13.02334360639545,
            "thresholds": {
                "p(95)<500": false
            }
        },
        "http_req_failed": {
            "passes": 0,
            "fails": 5973,
            "thresholds": {
                "rate<0.01": false
            },
            "value": 0
        },
        "http_req_connecting": {
            "avg": 0.018524960656286622,
            "min": 0,
            "med": 0,
            "max": 6.180109,
            "p(90)": 0,
            "p(95)": 0
        },
        "data_sent": {
            "rate": 17062.54774370583,
            "count": 1040721
        },
        "checks": {
            "passes": 5973,
            "fails": 0,
            "value": 1
        },
        "http_req_sending": {
            "avg": 0.04963104135275412,
            "min": 0.008669,
            "med": 0.027692,
            "max": 5.372398,
            "p(90)": 0.07118060000000001,
            "p(95)": 0.08610779999999997
        },
        "vus_max": {
            "value": 100,
            "min": 100,
            "max": 100
        },
        "data_received": {
            "count": 895950,
            "rate": 14689.037360611766
        },
        "iteration_duration": {
            "p(95)": 1042.5071114,
            "avg": 1013.916105587978,
            "min": 1001.959501,
            "med": 1008.19692,
            "max": 1173.229665,
            "p(90)": 1029.696203
        },
        "http_req_duration{expected_response:true}": {
            "med": 7.179684,
            "max": 172.657977,
            "p(90)": 28.965448200000004,
            "p(95)": 41.623438199999875,
            "avg": 13.02334360639545,
            "min": 1.533431
        },
        "http_req_tls_handshaking": {
            "avg": 0,
            "min": 0,
            "med": 0,
            "max": 0,
            "p(90)": 0,
            "p(95)": 0
        },
        "http_req_receiving": {
            "avg": 0.0829080200904069,
            "min": 0.019863,
            "med": 0.062245,
            "max": 1.652791,
            "p(90)": 0.1495844,
            "p(95)": 0.1868025999999998
        },
        "http_req_blocked": {
            "avg": 0.031026396450694757,
            "min": 0.002439,
            "med": 0.006846,
            "max": 6.210881,
            "p(90)": 0.0168948,
            "p(95)": 0.019789999999999995
        },
        "http_req_waiting": {
            "p(95)": 41.56321919999987,
            "avg": 12.890804544952266,
            "min": 1.478469,
            "med": 6.9857,
            "max": 172.523004,
            "p(90)": 28.857449600000002
        },
        "vus": {
            "max": 100,
            "value": 3,
            "min": 3
        }
    }
}