{
    "root_group": {
        "name": "",
        "path": "",
        "id": "d41d8cd98f00b204e9800998ecf8427e",
        "groups": {},
        "checks": {
                "статус 201": {
                    "name": "статус 201",
                    "path": "::статус 201",
                    "id": "c314df9557299c13c0b7848462734a62",
                    "passes": 5962,
                    "fails": 0
                }
            }
    },
    "metrics": {
        "http_req_duration{expected_response:true}": {
            "avg": 13.83645923247233,
            "min": 1.564247,
            "med": 7.535709000000001,
            "max": 166.319356,
            "p(90)": 31.03470850000007,
            "p(95)": 49.60301129999999
        },
        "http_req_duration": {
            "med": 7.535709000000001,
            "max": 166.319356,
            "p(90)": 31.03470850000007,
            "p(95)": 49.60301129999999,
            "avg": 13.83645923247233,
            "min": 1.564247,
            "thresholds": {
                "p(95)<500": false
            }
        },
        "http_req_receiving": {
            "med": 0.068256,
            "max": 6.749001,
            "p(90)": 0.16785970000000003,
            "p(95)": 0.20106514999999997,
            "avg": 0.09683826216034899,
            "min": 0.015598
        },
        "iterations": {
            "count": 5962,
            "rate": 97.7450399445845
        },
        "http_req_blocked": {
            "p(90)": 0.018160400000000004,
            "p(95)": 0.0210345,
            "avg": 0.03363042888292509,
            "min": 0.00285,
            "med": 0.007979,
            "max": 12.399199
        },
        "data_sent": {
            "rate": 17032.901141326274,
            "count": 1038929
        },
        "http_req_waiting": {
            "avg": 13.688330869339184,
            "min": 1.513896,
            "med": 7.3549085000000005,
            "max": 166.225337,
            "p(90)": 30.82013330000001,
            "p(95)": 49.4951933
        },
        "http_reqs": {
            "count": 5962,
            "rate": 97.7450399445845,
            "thresholds": {
                "count>1000": false
            }
        },
        "http_req_failed": {
            "passes": 0,
            "fails": 5962,
            "thresholds": {
                "rate<0.01": false
            },
            "value": 0
        },
        "checks": {
            "passes": 5962,
            "fails": 0,
            "value": 1
        },
        "vus_max": {
            "value": 100,
            "min": 100,
            "max": 100
        },
        "iteration_duration": {
            "p(90)": 1032.0689533,
            "p(95)": 1050.5947618,
            "avg": 1014.8071283017409,
            "min": 1001.879485,
            "med": 1008.6358505000001,
            "max": 1168.439956
        },
        "http_req_tls_handshaking": {
            "p(90)": 0,
            "p(95)": 0,
            "avg": 0,
            "min": 0,
            "med": 0,
            "max": 0
        },
        "http_req_sending": {
            "p(95)": 0.09640139999999997,
            "avg": 0.05129010097282762,
            "min": 0.00949,
            "med": 0.0329925,
            "max": 7.136581,
            "p(90)": 0.07922040000000004
        },
        "vus": {
            "value": 4,
            "min": 4,
            "max": 100
        },
        "http_req_connecting": {
            "med": 0,
            "max": 12.340296,
            "p(90)": 0,
            "p(95)": 0,
            "avg": 0.017990295202952034,
            "min": 0
        },
        "data_received": {
            "count": 894300,
            "rate": 14661.755991687676
        }
    }
}