{
    "metrics": {
        "http_req_connecting": {
            "avg": 0.021166341512605047,
            "min": 0,
            "med": 0,
            "max": 3.382553,
            "p(90)": 0,
            "p(95)": 0
        },
        "data_received": {
            "count": 892500,
            "rate": 14630.07954109987
        },
        "iteration_duration": {
            "avg": 1016.6294015079003,
            "min": 1001.800716,
            "med": 1008.405902,
            "max": 1282.100678,
            "p(90)": 1035.0129368,
            "p(95)": 1050.0486276
        },
        "http_req_failed": {
            "passes": 0,
            "fails": 5950,
            "thresholds": {
                "rate<0.01": false
            },
            "value": 0
        },
        "http_reqs": {
            "count": 5950,
            "rate": 97.53386360733246,
            "thresholds": {
                "count>1000": false
            }
        },
        "vus_max": {
            "max": 100,
            "value": 100,
            "min": 100
        },
        "checks": {
            "passes": 5950,
            "fails": 0,
            "value": 1
        },
        "http_req_blocked": {
            "max": 6.078394,
            "p(90)": 0.0177081,
            "p(95)": 0.019982950000000006,
            "avg": 0.06862774504201705,
            "min": 0.003098,
            "med": 0.007256500000000001
        },
        "http_req_receiving": {
            "avg": 0.09107099243697478,
            "min": 0.020516,
            "med": 0.06629950000000001,
            "max": 2.746334,
            "p(90)": 0.160684,
            "p(95)": 0.19384800000000005
        },
        "http_req_duration": {
            "avg": 15.670914476134369,
            "min": 1.599778,
            "med": 7.327128,
            "max": 275.271419,
            "p(90)": 34.209657500000006,
            "p(95)": 49.27251015000001,
            "thresholds": {
                "p(95)<500": false
            }
        },
        "data_sent": {
            "count": 1036728,
            "rate": 16994.30039494161
        },
        "http_req_duration{expected_response:true}": {
            "max": 275.271419,
            "p(90)": 34.209657500000006,
            "p(95)": 49.27251015000001,
            "avg": 15.670914476134369,
            "min": 1.599778,
            "med": 7.327128
        },
        "http_req_waiting": {
            "med": 7.1491105,
            "max": 275.076391,
            "p(90)": 34.1438175,
            "p(95)": 49.17173885,
            "avg": 15.532147025882345,
            "min": 1.546842
        },
        "http_req_tls_handshaking": {
            "avg": 0,
            "min": 0,
            "med": 0,
            "max": 0,
            "p(90)": 0,
            "p(95)": 0
        },
        "vus": {
            "value": 5,
            "min": 5,
            "max": 100
        },
        "iterations": {
            "count": 5950,
            "rate": 97.53386360733246
        },
        "http_req_sending": {
            "avg": 0.047696457815126096,
            "min": 0.010596,
            "med": 0.029371500000000002,
            "max": 3.811183,
            "p(90)": 0.07470530000000002,
            "p(95)": 0.09032655
        }
    },
    "root_group": {
        "name": "",
        "path": "",
        "id": "d41d8cd98f00b204e9800998ecf8427e",
        "groups": {},
        "checks": {
                "статус 201": {
                    "passes": 5950,
                    "fails": 0,
                    "name": "статус 201",
                    "path": "::статус 201",
                    "id": "c314df9557299c13c0b7848462734a62"
                }
            }
    }
}