{
    "root_group": {
        "name": "",
        "path": "",
        "id": "d41d8cd98f00b204e9800998ecf8427e",
        "groups": {},
        "checks": {
                "статус 201": {
                    "name": "статус 201",
                    "path": "::статус 201",
                    "id": "c314df9557299c13c0b7848462734a62",
                    "passes": 6000,
                    "fails": 0
                }
            }
    },
    "metrics": {
        "http_req_tls_handshaking": {
            "avg": 0,
            "min": 0,
            "med": 0,
            "max": 0,
            "p(90)": 0,
            "p(95)": 0
        },
        "iterations": {
            "count": 6000,
            "rate": 99.29193331530597
        },
        "iteration_duration": {
            "med": 1003.439367,
            "max": 1059.704447,
            "p(90)": 1012.6812306,
            "p(95)": 1018.39774085,
            "avg": 1005.7634782483328,
            "min": 1000.708443
        },
        "http_req_failed": {
            "passes": 0,
            "fails": 6000,
            "thresholds": {
                "rate<0.01": false
            },
            "value": 0
        },
        "http_req_receiving": {
            "avg": 0.11489237616666648,
            "min": 0.016191,
            "med": 0.0556925,
            "max": 12.850747,
            "p(90)": 0.17215540000000018,
            "p(95)": 0.2858882000000005
        },
        "http_req_blocked": {
            "avg": 0.03379495983333325,
            "min": 0.001896,
            "med": 0.006387,
            "max": 13.903119,
            "p(90)": 0.0164423,
            "p(95)": 0.021134
        },
        "vus": {
            "value": 100,
            "min": 100,
            "max": 100
        },
        "data_received": {
            "count": 996000,
            "rate": 16482.460930340792
        },
        "http_req_waiting": {
            "med": 2.245823,
            "max": 48.196417,
            "p(90)": 10.3635061,
            "p(95)": 15.50368875,
            "avg": 4.384156712333333,
            "min": 0.466748
        },
        "checks": {
            "passes": 6000,
            "fails": 0,
            "value": 1
        },
        "http_reqs": {
            "count": 6000,
            "rate": 99.29193331530597,
            "thresholds": {
                "count>1000": false
            }
        },
        "http_req_connecting": {
            "min": 0,
            "med": 0,
            "max": 3.2273,
            "p(90)": 0,
            "p(95)": 0,
            "avg": 0.01054923583333333
        },
        "vus_max": {
            "value": 100,
            "min": 100,
            "max": 100
        },
        "data_sent": {
            "count": 1050268,
            "rate": 17380.52336986663
        },
        "http_req_sending": {
            "avg": 0.07351635649999996,
            "min": 0.008479,
            "med": 0.024306,
            "max": 10.061641,
            "p(90)": 0.07227240000000003,
            "p(95)": 0.16413625000000007
        },
        "http_req_duration": {
            "med": 2.386509,
            "max": 53.592,
            "p(90)": 10.69439790000001,
            "p(95)": 16.07033605,
            "avg": 4.572565444999978,
            "min": 0.5209,
            "thresholds": {
                "p(95)<500": false
            }
        },
        "http_req_duration{expected_response:true}": {
            "min": 0.5209,
            "med": 2.386509,
            "max": 53.592,
            "p(90)": 10.69439790000001,
            "p(95)": 16.07033605,
            "avg": 4.572565444999978
        }
    }
}