{
    "root_group": {
        "path": "",
        "id": "d41d8cd98f00b204e9800998ecf8427e",
        "groups": {},
        "checks": {
                "статус 201": {
                    "path": "::статус 201",
                    "id": "c314df9557299c13c0b7848462734a62",
                    "passes": 6000,
                    "fails": 0,
                    "name": "статус 201"
                }
            },
        "name": ""
    },
    "metrics": {
        "http_req_sending": {
            "avg": 0.09457252816666675,
            "min": 0.008393,
            "med": 0.0284665,
            "max": 18.110738,
            "p(90)": 0.0796491,
            "p(95)": 0.15057335000000008
        },
        "http_req_failed": {
            "passes": 0,
            "fails": 6000,
            "thresholds": {
                "rate<0.01": false
            },
            "value": 0
        },
        "http_reqs": {
            "count": 6000,
            "rate": 99.19194793285625,
            "thresholds": {
                "count>1000": false
            }
        },
        "http_req_duration{expected_response:true}": {
            "avg": 5.267101775666661,
            "min": 0.476421,
            "med": 2.4355830000000003,
            "max": 66.668049,
            "p(90)": 11.405565000000003,
            "p(95)": 22.0933397
        },
        "http_req_blocked": {
            "max": 4.408982,
            "p(90)": 0.0172857,
            "p(95)": 0.02120895000000001,
            "avg": 0.03588512133333332,
            "min": 0.00232,
            "med": 0.0073425
        },
        "vus_max": {
            "value": 100,
            "min": 100,
            "max": 100
        },
        "http_req_duration": {
            "p(95)": 22.0933397,
            "avg": 5.267101775666661,
            "min": 0.476421,
            "med": 2.4355830000000003,
            "max": 66.668049,
            "p(90)": 11.405565000000003,
            "thresholds": {
                "p(95)<500": false
            }
        },
        "http_req_connecting": {
            "avg": 0.014655602666666661,
            "min": 0,
            "med": 0,
            "max": 4.119383,
            "p(90)": 0,
            "p(95)": 0
        },
        "iteration_duration": {
            "min": 1000.615274,
            "med": 1003.424003,
            "max": 1067.199696,
            "p(90)": 1013.7881241,
            "p(95)": 1023.7351825,
            "avg": 1006.4448315078308
        },
        "vus": {
            "value": 100,
            "min": 100,
            "max": 100
        },
        "iterations": {
            "count": 6000,
            "rate": 99.19194793285625
        },
        "data_sent": {
            "count": 1049941,
            "rate": 17357.615500761836
        },
        "http_req_receiving": {
            "max": 6.759722,
            "p(90)": 0.18911590000000014,
            "p(95)": 0.3167880000000002,
            "avg": 0.12060143783333337,
            "min": 0.016509,
            "med": 0.063333
        },
        "data_received": {
            "count": 996000,
            "rate": 16465.863356854137
        },
        "http_req_tls_handshaking": {
            "min": 0,
            "med": 0,
            "max": 0,
            "p(90)": 0,
            "p(95)": 0,
            "avg": 0
        },
        "http_req_waiting": {
            "avg": 5.051927809666695,
            "min": 0.430673,
            "med": 2.289657,
            "max": 66.536928,
            "p(90)": 11.04284370000001,
            "p(95)": 21.54948865000001
        },
        "checks": {
            "passes": 6000,
            "fails": 0,
            "value": 1
        }
    }
}