{
    "root_group": {
        "path": "",
        "id": "d41d8cd98f00b204e9800998ecf8427e",
        "groups": {},
        "checks": {
                "📦 статус 201": {
                    "id": "70a1e9b1e2064741c325237b51506fdc",
                    "passes": 5779,
                    "fails": 0,
                    "name": "📦 статус 201",
                    "path": "::📦 статус 201"
                }
            },
        "name": ""
    },
    "metrics": {
        "http_req_blocked": {
            "max": 14.016058,
            "p(90)": 0.017136600000000002,
            "p(95)": 0.02055215,
            "avg": 0.027086371863644286,
            "min": 0.001738,
            "med": 0.0103885
        },
        "http_req_duration": {
            "avg": 23.647789560304616,
            "min": 0.176655,
            "med": 5.4303985,
            "max": 281.746697,
            "p(90)": 80.39716950000005,
            "p(95)": 107.24702299999997,
            "thresholds": {
                "p(95)<300": false
            }
        },
        "checks": {
            "passes": 5779,
            "fails": 0,
            "value": 1
        },
        "vus": {
            "value": 4,
            "min": 4,
            "max": 100
        },
        "http_req_connecting": {
            "max": 6.029145,
            "p(90)": 0,
            "p(95)": 0,
            "avg": 0.004696498442637135,
            "min": 0,
            "med": 0
        },
        "http_req_waiting": {
            "med": 5.157621000000001,
            "max": 281.633645,
            "p(90)": 80.22420730000002,
            "p(95)": 107.03412214999997,
            "avg": 23.42459037125795,
            "min": 0.129001
        },
        "http_req_duration{expected_response:true}": {
            "med": 5.4303985,
            "max": 281.746697,
            "p(90)": 80.39716950000005,
            "p(95)": 107.24702299999997,
            "avg": 23.647789560304616,
            "min": 0.176655
        },
        "http_req_receiving": {
            "min": 0.017572,
            "med": 0.0848245,
            "max": 27.551402,
            "p(90)": 0.20107150000000001,
            "p(95)": 0.31913214999999984,
            "avg": 0.13744310927496142
        },
        "http_req_sending": {
            "avg": 0.0857560797715868,
            "min": 0.006931,
            "med": 0.041180499999999995,
            "max": 33.926308,
            "p(90)": 0.08242510000000006,
            "p(95)": 0.14562414999999987
        },
        "data_received": {
            "count": 4145688,
            "rate": 67963.13282972884
        },
        "iterations": {
            "count": 5779,
            "rate": 94.73914694569466
        },
        "http_req_tls_handshaking": {
            "p(95)": 0,
            "avg": 0,
            "min": 0,
            "med": 0,
            "max": 0,
            "p(90)": 0
        },
        "iteration_duration": {
            "p(95)": 1136.9269271,
            "avg": 1048.9992243149306,
            "min": 1002.437794,
            "med": 1030.990005,
            "max": 1304.887472,
            "p(90)": 1114.949319
        },
        "http_req_failed": {
            "passes": 0,
            "fails": 11558,
            "thresholds": {
                "rate<0.01": false
            },
            "value": 0
        },
        "http_reqs": {
            "rate": 189.4782938913893,
            "count": 11558
        },
        "data_sent": {
            "count": 3762584,
            "rate": 61682.64379157632
        },
        "vus_max": {
            "value": 100,
            "min": 100,
            "max": 100
        }
    }
}