{
    "root_group": {
        "name": "",
        "path": "",
        "id": "d41d8cd98f00b204e9800998ecf8427e",
        "groups": {},
        "checks": {
                "📦 статус 201": {
                    "fails": 0,
                    "name": "📦 статус 201",
                    "path": "::📦 статус 201",
                    "id": "70a1e9b1e2064741c325237b51506fdc",
                    "passes": 5775
                }
            }
    },
    "metrics": {
        "vus": {
            "value": 4,
            "min": 4,
            "max": 100
        },
        "http_reqs": {
            "count": 11550,
            "rate": 189.23880751772776
        },
        "http_req_tls_handshaking": {
            "max": 0,
            "p(90)": 0,
            "p(95)": 0,
            "avg": 0,
            "min": 0,
            "med": 0
        },
        "http_req_duration{expected_response:true}": {
            "avg": 23.461614718441606,
            "min": 0.204075,
            "med": 5.6211145,
            "max": 315.447963,
            "p(90)": 79.58651270000001,
            "p(95)": 104.27345279999986
        },
        "http_req_sending": {
            "p(90)": 0.0855062,
            "p(95)": 0.15166499999999994,
            "avg": 0.08440998848484844,
            "min": 0.006843,
            "med": 0.041875499999999996,
            "max": 10.165001
        },
        "http_req_receiving": {
            "avg": 0.1617726272727276,
            "min": 0.017125,
            "med": 0.08699,
            "max": 25.016389,
            "p(90)": 0.21482880000000004,
            "p(95)": 0.36763629999999964
        },
        "iteration_duration": {
            "max": 1323.276788,
            "p(90)": 1113.19556,
            "p(95)": 1138.6666366000002,
            "avg": 1048.778912513249,
            "min": 1002.644966,
            "med": 1030.202473
        },
        "vus_max": {
            "value": 100,
            "min": 100,
            "max": 100
        },
        "http_req_waiting": {
            "p(90)": 79.41825190000003,
            "p(95)": 104.08038019999994,
            "avg": 23.215432102683934,
            "min": 0.150459,
            "med": 5.236276999999999,
            "max": 313.498561
        },
        "iterations": {
            "count": 5775,
            "rate": 94.61940375886388
        },
        "http_req_blocked": {
            "p(90)": 0.018012,
            "p(95)": 0.02174,
            "avg": 0.04296336995670992,
            "min": 0.001701,
            "med": 0.0106605,
            "max": 22.653161
        },
        "http_req_duration": {
            "min": 0.204075,
            "med": 5.6211145,
            "max": 315.447963,
            "p(90)": 79.58651270000001,
            "p(95)": 104.27345279999986,
            "avg": 23.461614718441606,
            "thresholds": {
                "p(95)<300": false
            }
        },
        "data_received": {
            "count": 4137797,
            "rate": 67794.9584441932
        },
        "data_sent": {
            "count": 3757298,
            "rate": 61560.743983440996
        },
        "checks": {
            "passes": 5775,
            "fails": 0,
            "value": 1
        },
        "http_req_failed": {
            "passes": 0,
            "fails": 11550,
            "thresholds": {
                "rate<0.01": false
            },
            "value": 0
        },
        "http_req_connecting": {
            "avg": 0.013115774545454536,
            "min": 0,
            "med": 0,
            "max": 11.079462,
            "p(90)": 0,
            "p(95)": 0
        }
    }
}