{
    "root_group": {
        "groups": {},
        "checks": {
                "📦 статус 201": {
                    "name": "📦 статус 201",
                    "path": "::📦 статус 201",
                    "id": "70a1e9b1e2064741c325237b51506fdc",
                    "passes": 5788,
                    "fails": 0
                }
            },
        "name": "",
        "path": "",
        "id": "d41d8cd98f00b204e9800998ecf8427e"
    },
    "metrics": {
        "http_req_connecting": {
            "min": 0,
            "med": 0,
            "max": 15.067167,
            "p(90)": 0,
            "p(95)": 0,
            "avg": 0.061748390203870074
        },
        "http_req_sending": {
            "min": 0.007614,
            "med": 0.038028,
            "max": 61.75155,
            "p(90)": 0.084441,
            "p(95)": 0.14744775000000002,
            "avg": 0.09045877271941974
        },
        "data_received": {
            "count": 4156613,
            "rate": 68113.97401130249
        },
        "http_req_duration{expected_response:true}": {
            "med": 4.9805165,
            "max": 302.959492,
            "p(90)": 81.330968,
            "p(95)": 108.4217215,
            "avg": 23.910452806668932,
            "min": 0.194026
        },
        "http_req_blocked": {
            "p(90)": 0.017516499999999997,
            "p(95)": 0.020691,
            "avg": 0.08252216162750547,
            "min": 0.001975,
            "med": 0.009221,
            "max": 15.114508
        },
        "checks": {
            "passes": 5788,
            "fails": 0,
            "value": 1
        },
        "vus_max": {
            "value": 100,
            "min": 100,
            "max": 100
        },
        "http_reqs": {
            "count": 11576,
            "rate": 189.6946776509715
        },
        "data_sent": {
            "count": 3771514,
            "rate": 61803.39776141379
        },
        "http_req_duration": {
            "p(95)": 108.4217215,
            "avg": 23.910452806668932,
            "min": 0.194026,
            "med": 4.9805165,
            "max": 302.959492,
            "p(90)": 81.330968,
            "thresholds": {
                "p(95)<300": false
            }
        },
        "vus": {
            "value": 29,
            "min": 29,
            "max": 100
        },
        "http_req_tls_handshaking": {
            "avg": 0,
            "min": 0,
            "med": 0,
            "max": 0,
            "p(90)": 0,
            "p(95)": 0
        },
        "http_req_waiting": {
            "avg": 23.675870452660718,
            "min": 0.143187,
            "med": 4.722103,
            "max": 302.90608,
            "p(90)": 81.1861945,
            "p(95)": 108.3153275
        },
        "http_req_failed": {
            "passes": 0,
            "fails": 11576,
            "thresholds": {
                "rate<0.01": false
            },
            "value": 0
        },
        "iterations": {
            "count": 5788,
            "rate": 94.84733882548575
        },
        "http_req_receiving": {
            "avg": 0.14412358128887354,
            "min": 0.016196,
            "med": 0.081736,
            "max": 14.492878,
            "p(90)": 0.2093665,
            "p(95)": 0.34061525
        },
        "iteration_duration": {
            "p(95)": 1149.6526261,
            "avg": 1049.7451361243989,
            "min": 1002.697093,
            "med": 1027.246343,
            "max": 1318.587687,
            "p(90)": 1118.5969728
        }
    }
}