{
    "root_group": {
        "name": "",
        "path": "",
        "id": "d41d8cd98f00b204e9800998ecf8427e",
        "groups": {},
        "checks": {
                "📦 статус 201": {
                    "name": "📦 статус 201",
                    "path": "::📦 статус 201",
                    "id": "70a1e9b1e2064741c325237b51506fdc",
                    "passes": 5779,
                    "fails": 0
                }
            }
    },
    "metrics": {
        "checks": {
            "passes": 5779,
            "fails": 0,
            "value": 1
        },
        "iterations": {
            "count": 5779,
            "rate": 94.73046013122062
        },
        "http_req_waiting": {
            "p(95)": 107.04151044999998,
            "avg": 23.15250425549412,
            "min": 0.147952,
            "med": 5.30964,
            "max": 279.872308,
            "p(90)": 81.5152959
        },
        "http_req_failed": {
            "passes": 0,
            "fails": 11558,
            "thresholds": {
                "rate<0.01": false
            },
            "value": 0
        },
        "http_req_tls_handshaking": {
            "min": 0,
            "med": 0,
            "max": 0,
            "p(90)": 0,
            "p(95)": 0,
            "avg": 0
        },
        "vus_max": {
            "min": 100,
            "max": 100,
            "value": 100
        },
        "http_req_sending": {
            "avg": 0.08781452785949122,
            "min": 0.007233,
            "med": 0.0430565,
            "max": 14.9175,
            "p(90)": 0.08421390000000005,
            "p(95)": 0.15017789999999998
        },
        "vus": {
            "min": 4,
            "max": 100,
            "value": 4
        },
        "http_reqs": {
            "count": 11558,
            "rate": 189.46092026244125
        },
        "http_req_blocked": {
            "avg": 0.035272979927323096,
            "min": 0.001986,
            "med": 0.011136,
            "max": 11.451767,
            "p(90)": 0.01786100000000001,
            "p(95)": 0.02134049999999999
        },
        "data_sent": {
            "count": 3760506,
            "rate": 61642.92502270565
        },
        "http_req_duration{expected_response:true}": {
            "max": 279.916715,
            "p(90)": 81.63226130000001,
            "p(95)": 107.29859425,
            "avg": 23.38655089660841,
            "min": 0.195865,
            "med": 5.640729
        },
        "data_received": {
            "count": 4142790,
            "rate": 67909.39659578119
        },
        "http_req_duration": {
            "avg": 23.38655089660841,
            "min": 0.195865,
            "med": 5.640729,
            "max": 279.916715,
            "p(90)": 81.63226130000001,
            "p(95)": 107.29859425,
            "thresholds": {
                "p(95)<300": false
            }
        },
        "iteration_duration": {
            "med": 1027.297725,
            "max": 1291.378923,
            "p(90)": 1116.8512251999998,
            "p(95)": 1140.9857178999998,
            "avg": 1048.5783694910833,
            "min": 1002.619297
        },
        "http_req_connecting": {
            "avg": 0.015456447309223053,
            "min": 0,
            "med": 0,
            "max": 11.359374,
            "p(90)": 0,
            "p(95)": 0
        },
        "http_req_receiving": {
            "p(95)": 0.3370496499999999,
            "avg": 0.14623211325488777,
            "min": 0.015704,
            "med": 0.089062,
            "max": 20.207257,
            "p(90)": 0.2068090000000002
        }
    }
}