{
    "root_group": {
        "groups": {},
        "checks": {
                "📦 статус 201": {
                    "name": "📦 статус 201",
                    "path": "::📦 статус 201",
                    "id": "70a1e9b1e2064741c325237b51506fdc",
                    "passes": 5694,
                    "fails": 6
                }
            },
        "name": "",
        "path": "",
        "id": "d41d8cd98f00b204e9800998ecf8427e"
    },
    "metrics": {
        "http_req_blocked": {
            "avg": 0.05229368333333351,
            "min": 0.002345,
            "med": 0.006271,
            "max": 77.924286,
            "p(90)": 0.015195400000000001,
            "p(95)": 0.019315950000000002
        },
        "http_req_sending": {
            "p(95)": 0.7189600500000005,
            "avg": 0.2124572470175437,
            "min": 0.00818,
            "med": 0.0254565,
            "max": 48.7098,
            "p(90)": 0.20479890000000003
        },
        "checks": {
            "fails": 6,
            "passes": 5694,
            "value": 0.9989473684210526
        },
        "data_sent": {
            "count": 1728142,
            "rate": 28408.64896910447
        },
        "http_req_waiting": {
            "avg": 62.223465845964945,
            "min": 3.02149,
            "med": 48.9686305,
            "max": 293.675116,
            "p(90)": 114.9252215,
            "p(95)": 189.3242769000002
        },
        "vus": {
            "value": 100,
            "min": 100,
            "max": 100
        },
        "data_received": {
            "count": 2171151,
            "rate": 35691.20281662048
        },
        "http_req_failed": {
            "passes": 6,
            "fails": 5694,
            "thresholds": {
                "rate<0.01": false
            },
            "value": 0.0010526315789473684
        },
        "http_req_duration{expected_response:true}": {
            "p(90)": 114.98648329999999,
            "p(95)": 188.4679523499992,
            "avg": 62.45001309817361,
            "min": 3.097614,
            "med": 49.1913225,
            "max": 293.749525
        },
        "http_req_tls_handshaking": {
            "med": 0,
            "max": 0,
            "p(90)": 0,
            "p(95)": 0,
            "avg": 0,
            "min": 0
        },
        "iterations": {
            "count": 5700,
            "rate": 93.70138514305854
        },
        "http_req_receiving": {
            "p(95)": 0.25166735000000007,
            "avg": 0.08911054175438608,
            "min": 0.014553,
            "med": 0.038077,
            "max": 10.549119,
            "p(90)": 0.12616270000000018
        },
        "http_req_duration": {
            "avg": 62.52503363473695,
            "min": 3.097614,
            "med": 49.2080545,
            "max": 293.749525,
            "p(90)": 115.11591620000002,
            "p(95)": 189.4643864000002,
            "thresholds": {
                "p(95)<300": false
            }
        },
        "iteration_duration": {
            "avg": 1066.2849468547395,
            "min": 1003.652546,
            "med": 1055.3826295,
            "max": 1294.454431,
            "p(90)": 1120.1743899,
            "p(95)": 1190.6515123500003
        },
        "http_req_connecting": {
            "p(95)": 0,
            "avg": 0.016103472280701754,
            "min": 0,
            "med": 0,
            "max": 6.187891,
            "p(90)": 0
        },
        "vus_max": {
            "value": 100,
            "min": 100,
            "max": 100
        },
        "http_reqs": {
            "count": 5700,
            "rate": 93.70138514305854
        }
    }
}