{
    "root_group": {
        "name": "",
        "path": "",
        "id": "d41d8cd98f00b204e9800998ecf8427e",
        "groups": {},
        "checks": {
                "📦 статус 201": {
                    "name": "📦 статус 201",
                    "path": "::📦 статус 201",
                    "id": "70a1e9b1e2064741c325237b51506fdc",
                    "passes": 5696,
                    "fails": 4
                }
            }
    },
    "metrics": {
        "http_req_connecting": {
            "min": 0,
            "med": 0,
            "max": 14.692145,
            "p(90)": 0,
            "p(95)": 0,
            "avg": 0.11525230333333328
        },
        "data_sent": {
            "count": 1732605,
            "rate": 28606.918809899435
        },
        "data_received": {
            "count": 2176061,
            "rate": 35928.78951197104
        },
        "http_req_blocked": {
            "med": 0.006375499999999999,
            "max": 17.782477,
            "p(90)": 0.014761100000000001,
            "p(95)": 0.018856200000000004,
            "avg": 0.13820773982456158,
            "min": 0.002001
        },
        "http_req_receiving": {
            "p(90)": 0.11804770000000009,
            "p(95)": 0.23597665000000015,
            "avg": 0.09174304842105273,
            "min": 0.017206,
            "med": 0.037323,
            "max": 16.933449
        },
        "http_req_duration": {
            "p(95)": 134.98249660000002,
            "avg": 57.54343267666661,
            "min": 3.0364,
            "med": 48.23292,
            "max": 296.663862,
            "p(90)": 101.02810180000002,
            "thresholds": {
                "p(95)<300": false
            }
        },
        "vus_max": {
            "min": 100,
            "max": 100,
            "value": 100
        },
        "http_req_waiting": {
            "avg": 57.21023984192989,
            "min": 2.950062,
            "med": 47.990896500000005,
            "max": 295.914325,
            "p(90)": 100.2637387,
            "p(95)": 134.59734000000003
        },
        "http_req_duration{expected_response:true}": {
            "avg": 57.46158753827242,
            "min": 3.0364,
            "med": 48.223282,
            "max": 296.663862,
            "p(90)": 100.8082435,
            "p(95)": 134.732576
        },
        "checks": {
            "passes": 5696,
            "fails": 4,
            "value": 0.9992982456140351
        },
        "http_req_sending": {
            "p(95)": 0.8510088000000008,
            "avg": 0.24144978631578903,
            "min": 0.007614,
            "med": 0.0245725,
            "max": 25.68996,
            "p(90)": 0.20256140000000036
        },
        "vus": {
            "value": 100,
            "min": 100,
            "max": 100
        },
        "iterations": {
            "count": 5700,
            "rate": 94.11229750371653
        },
        "http_reqs": {
            "rate": 94.11229750371653,
            "count": 5700
        },
        "http_req_tls_handshaking": {
            "med": 0,
            "max": 0,
            "p(90)": 0,
            "p(95)": 0,
            "avg": 0,
            "min": 0
        },
        "http_req_failed": {
            "passes": 4,
            "fails": 5696,
            "thresholds": {
                "rate<0.01": false
            },
            "value": 0.0007017543859649122
        },
        "iteration_duration": {
            "max": 1297.071778,
            "p(90)": 1108.4486878999999,
            "p(95)": 1140.6407507499998,
            "avg": 1061.497830186141,
            "min": 1003.918759,
            "med": 1052.0046674999999
        }
    }
}