{
    "root_group": {
        "checks": {
            "статус 200": {
                "name": "статус 200",
                "path": "::статус 200",
                "id": "63fd587a2004924fac2f18b343720cda",
                "passes": 5536,
                "fails": 0
            },
            "ответ не пустой": {
                "name": "ответ не пустой",
                "path": "::ответ не пустой",
                "id": "1c568cf298ad7d73e64d124a4ad0618f",
                "passes": 5536,
                "fails": 0
            }
        },
        "name": "",
        "path": "",
        "id": "d41d8cd98f00b204e9800998ecf8427e",
        "groups": {}
    },
    "metrics": {
        "vus": {
            "value": 100,
            "min": 100,
            "max": 100
        },
        "http_req_connecting": {
            "p(90)": 0,
            "p(95)": 0,
            "avg": 0.011758860549132949,
            "min": 0,
            "med": 0,
            "max": 3.310086
        },
        "http_req_receiving": {
            "p(90)": 0.5679244999999999,
            "p(95)": 0.99394975,
            "avg": 0.2893229273843934,
            "min": 0.022072,
            "med": 0.1384765,
            "max": 21.676327
        },
        "data_sent": {
            "rate": 9527.292201367753,
            "count": 580680
        },
        "http_req_duration": {
            "avg": 91.90600447850429,
            "min": 10.652037,
            "med": 75.78260599999999,
            "max": 609.464304,
            "p(90)": 160.3703495,
            "p(95)": 201.73517075,
            "thresholds": {
                "p(95)<300": false
            }
        },
        "http_req_duration{expected_response:true}": {
            "min": 10.652037,
            "med": 75.78260599999999,
            "max": 609.464304,
            "p(90)": 160.3703495,
            "p(95)": 201.73517075,
            "avg": 91.90600447850429
        },
        "iteration_duration": {
            "min": 1011.478403,
            "med": 1076.7718180000002,
            "max": 1612.075784,
            "p(90)": 1161.484402,
            "p(95)": 1203.244633,
            "avg": 1093.0146545736995
        },
        "iterations": {
            "count": 5536,
            "rate": 90.82987123161101
        },
        "http_req_sending": {
            "avg": 0.08261881809971088,
            "min": 0.006695,
            "med": 0.0200035,
            "max": 20.97967,
            "p(90)": 0.061102500000000004,
            "p(95)": 0.0954525
        },
        "checks": {
            "passes": 11072,
            "fails": 0,
            "value": 1
        },
        "http_req_failed": {
            "passes": 0,
            "fails": 5536,
            "thresholds": {
                "rate<0.01": false
            },
            "value": 0
        },
        "http_req_waiting": {
            "min": 10.578682,
            "med": 75.5301005,
            "max": 608.670892,
            "p(90)": 160.0603435,
            "p(95)": 201.56382424999998,
            "avg": 91.53406273302025
        },
        "vus_max": {
            "value": 100,
            "min": 100,
            "max": 100
        },
        "http_reqs": {
            "count": 5536,
            "rate": 90.82987123161101,
            "thresholds": {
                "count>1000": false
            }
        },
        "data_received": {
            "count": 34103799,
            "rate": 559545.4609246287
        },
        "http_req_blocked": {
            "avg": 0.03342652835982661,
            "min": 0.001945,
            "med": 0.0062875,
            "max": 15.037846,
            "p(90)": 0.017328000000000003,
            "p(95)": 0.0218795
        },
        "http_req_tls_handshaking": {
            "p(95)": 0,
            "avg": 0,
            "min": 0,
            "med": 0,
            "max": 0,
            "p(90)": 0
        }
    }
}