{
    "root_group": {
        "name": "",
        "path": "",
        "id": "d41d8cd98f00b204e9800998ecf8427e",
        "groups": {},
        "checks": {
                "статус 200": {
                    "id": "63fd587a2004924fac2f18b343720cda",
                    "passes": 5560,
                    "fails": 0,
                    "name": "статус 200",
                    "path": "::статус 200"
                },
                "ответ не пустой": {
                    "name": "ответ не пустой",
                    "path": "::ответ не пустой",
                    "id": "1c568cf298ad7d73e64d124a4ad0618f",
                    "passes": 5560,
                    "fails": 0
                }
            }
    },
    "metrics": {
        "vus_max": {
            "value": 100,
            "min": 100,
            "max": 100
        },
        "http_req_duration{expected_response:true}": {
            "avg": 89.73792015863296,
            "min": 10.292033,
            "med": 69.90684300000001,
            "max": 671.284504,
            "p(90)": 164.23281360000004,
            "p(95)": 212.27357520000007
        },
        "http_req_tls_handshaking": {
            "avg": 0,
            "min": 0,
            "med": 0,
            "max": 0,
            "p(90)": 0,
            "p(95)": 0
        },
        "http_req_receiving": {
            "avg": 0.25542161276978376,
            "min": 0.02391,
            "med": 0.135536,
            "max": 17.378192,
            "p(90)": 0.49029320000000004,
            "p(95)": 0.8537683500000003
        },
        "http_req_blocked": {
            "avg": 0.055127347482014595,
            "min": 0.002077,
            "med": 0.006445,
            "max": 10.931577,
            "p(90)": 0.017493100000000008,
            "p(95)": 0.02200830000000005
        },
        "http_req_sending": {
            "max": 56.055756,
            "p(90)": 0.05866240000000002,
            "p(95)": 0.08137415000000005,
            "avg": 0.053268324460431477,
            "min": 0.006458,
            "med": 0.0187195
        },
        "http_req_connecting": {
            "min": 0,
            "med": 0,
            "max": 6.816087,
            "p(90)": 0,
            "p(95)": 0,
            "avg": 0.03472840179856115
        },
        "checks": {
            "passes": 11120,
            "fails": 0,
            "value": 1
        },
        "vus": {
            "value": 1,
            "min": 1,
            "max": 100
        },
        "data_sent": {
            "count": 583202,
            "rate": 9564.0863119088
        },
        "iterations": {
            "count": 5560,
            "rate": 91.17993404380117
        },
        "data_received": {
            "count": 34279476,
            "rate": 562158.3382618822
        },
        "iteration_duration": {
            "avg": 1090.888043516546,
            "min": 1010.773165,
            "med": 1070.981579,
            "max": 1677.316627,
            "p(90)": 1165.6207339,
            "p(95)": 1213.4180148
        },
        "http_req_duration": {
            "med": 69.90684300000001,
            "max": 671.284504,
            "p(90)": 164.23281360000004,
            "p(95)": 212.27357520000007,
            "avg": 89.73792015863296,
            "min": 10.292033,
            "thresholds": {
                "p(95)<300": false
            }
        },
        "http_req_failed": {
            "passes": 0,
            "fails": 5560,
            "thresholds": {
                "rate<0.01": false
            },
            "value": 0
        },
        "http_reqs": {
            "count": 5560,
            "rate": 91.17993404380117,
            "thresholds": {
                "count>1000": false
            }
        },
        "http_req_waiting": {
            "min": 10.221103,
            "med": 69.537748,
            "max": 671.091169,
            "p(90)": 163.34279150000023,
            "p(95)": 211.66012620000006,
            "avg": 89.42923022140276
        }
    }
}