{
    "root_group": {
        "name": "",
        "path": "",
        "id": "d41d8cd98f00b204e9800998ecf8427e",
        "groups": {},
        "checks": {
                "статус 200": {
                    "name": "статус 200",
                    "path": "::статус 200",
                    "id": "63fd587a2004924fac2f18b343720cda",
                    "passes": 5550,
                    "fails": 0
                },
                "ответ не пустой": {
                    "fails": 0,
                    "name": "ответ не пустой",
                    "path": "::ответ не пустой",
                    "id": "1c568cf298ad7d73e64d124a4ad0618f",
                    "passes": 5550
                }
            }
    },
    "metrics": {
        "iteration_duration": {
            "avg": 1091.127309855135,
            "min": 1010.651312,
            "med": 1073.4417645,
            "max": 1726.948074,
            "p(90)": 1162.3094598,
            "p(95)": 1201.27838475
        },
        "http_req_connecting": {
            "avg": 0.017450747567567565,
            "min": 0,
            "med": 0,
            "max": 4.179231,
            "p(90)": 0,
            "p(95)": 0
        },
        "http_req_duration": {
            "min": 10.347597,
            "med": 72.273449,
            "max": 725.66244,
            "p(90)": 161.15309780000007,
            "p(95)": 200.24135200000003,
            "avg": 89.9961167803605,
            "thresholds": {
                "p(95)<300": false
            }
        },
        "http_req_failed": {
            "passes": 0,
            "fails": 5550,
            "thresholds": {
                "rate<0.01": false
            },
            "value": 0
        },
        "http_req_waiting": {
            "p(90)": 160.91782580000006,
            "p(95)": 199.52951455,
            "avg": 89.64462584252249,
            "min": 10.268502,
            "med": 71.976414,
            "max": 725.560239
        },
        "http_req_tls_handshaking": {
            "max": 0,
            "p(90)": 0,
            "p(95)": 0,
            "avg": 0,
            "min": 0,
            "med": 0
        },
        "vus_max": {
            "value": 100,
            "min": 100,
            "max": 100
        },
        "data_received": {
            "rate": 561740.1234511607,
            "count": 34241359
        },
        "http_req_sending": {
            "p(95)": 0.09370770000000002,
            "avg": 0.041924352792792774,
            "min": 0.006534,
            "med": 0.019645,
            "max": 7.218791,
            "p(90)": 0.06147860000000002
        },
        "http_req_blocked": {
            "p(95)": 0.023882550000000002,
            "avg": 0.0343087439639639,
            "min": 0.002461,
            "med": 0.0064305000000000005,
            "max": 7.325842,
            "p(90)": 0.0175254
        },
        "data_sent": {
            "count": 582102,
            "rate": 9549.564003612344
        },
        "http_req_receiving": {
            "max": 23.813225,
            "p(90)": 0.5696103000000001,
            "p(95)": 1.0064830500000017,
            "avg": 0.3095665850450454,
            "min": 0.023628,
            "med": 0.135217
        },
        "iterations": {
            "count": 5550,
            "rate": 91.04947280725459
        },
        "checks": {
            "fails": 0,
            "passes": 11100,
            "value": 1
        },
        "http_req_duration{expected_response:true}": {
            "avg": 89.9961167803605,
            "min": 10.347597,
            "med": 72.273449,
            "max": 725.66244,
            "p(90)": 161.15309780000007,
            "p(95)": 200.24135200000003
        },
        "http_reqs": {
            "count": 5550,
            "rate": 91.04947280725459,
            "thresholds": {
                "count>1000": false
            }
        },
        "vus": {
            "value": 100,
            "min": 100,
            "max": 100
        }
    }
}