{
    "metrics": {
        "http_req_receiving": {
            "avg": 0.3258901713669837,
            "min": 0.023525,
            "med": 0.128953,
            "max": 47.988817,
            "p(90)": 0.5373838000000001,
            "p(95)": 1.0108778999999988
        },
        "vus": {
            "value": 11,
            "min": 11,
            "max": 100
        },
        "iterations": {
            "count": 5567,
            "rate": 91.23334048233113
        },
        "http_req_duration{expected_response:true}": {
            "max": 633.663152,
            "p(90)": 172.5064562,
            "p(95)": 229.890468,
            "avg": 87.88546890479594,
            "min": 10.421018,
            "med": 64.257232
        },
        "http_req_failed": {
            "passes": 0,
            "fails": 5567,
            "thresholds": {
                "rate<0.01": false
            },
            "value": 0
        },
        "http_req_blocked": {
            "p(90)": 0.017335200000000002,
            "p(95)": 0.024491099999999953,
            "avg": 0.027011439015627737,
            "min": 0.002314,
            "med": 0.006318,
            "max": 23.012537
        },
        "checks": {
            "passes": 11134,
            "fails": 0,
            "value": 1
        },
        "http_req_duration": {
            "avg": 87.88546890479594,
            "min": 10.421018,
            "med": 64.257232,
            "max": 633.663152,
            "p(90)": 172.5064562,
            "p(95)": 229.890468,
            "thresholds": {
                "p(95)<300": false
            }
        },
        "http_req_connecting": {
            "max": 22.964895,
            "p(90)": 0,
            "p(95)": 0,
            "avg": 0.011840641099335367,
            "min": 0,
            "med": 0
        },
        "http_req_waiting": {
            "avg": 87.50708679611989,
            "min": 10.340213,
            "med": 63.904584,
            "max": 633.322633,
            "p(90)": 171.94850420000031,
            "p(95)": 229.45918029999999
        },
        "iteration_duration": {
            "avg": 1089.2329369777249,
            "min": 1011.030809,
            "med": 1065.763308,
            "max": 1634.866359,
            "p(90)": 1173.9939402,
            "p(95)": 1230.9291704
        },
        "http_req_tls_handshaking": {
            "avg": 0,
            "min": 0,
            "med": 0,
            "max": 0,
            "p(90)": 0,
            "p(95)": 0
        },
        "http_req_sending": {
            "avg": 0.052491937309143075,
            "min": 0.006163,
            "med": 0.018724,
            "max": 31.422971,
            "p(90)": 0.05841440000000002,
            "p(95)": 0.08992969999999986
        },
        "vus_max": {
            "max": 100,
            "value": 100,
            "min": 100
        },
        "data_received": {
            "count": 34345864,
            "rate": 562868.3140779305
        },
        "data_sent": {
            "count": 583941,
            "rate": 9569.766135188238
        },
        "http_reqs": {
            "count": 5567,
            "rate": 91.23334048233113,
            "thresholds": {
                "count>1000": false
            }
        }
    },
    "root_group": {
        "id": "d41d8cd98f00b204e9800998ecf8427e",
        "groups": {},
        "checks": {
                "статус 200": {
                    "name": "статус 200",
                    "path": "::статус 200",
                    "id": "63fd587a2004924fac2f18b343720cda",
                    "passes": 5567,
                    "fails": 0
                },
                "ответ не пустой": {
                    "passes": 5567,
                    "fails": 0,
                    "name": "ответ не пустой",
                    "path": "::ответ не пустой",
                    "id": "1c568cf298ad7d73e64d124a4ad0618f"
                }
            },
        "name": "",
        "path": ""
    }
}