{
    "metrics": {
        "data_received": {
            "count": 900000,
            "rate": 14852.885252556922
        },
        "http_req_duration{expected_response:true}": {
            "min": 1.126632,
            "med": 3.8986935000000003,
            "max": 198.981601,
            "p(90)": 10.2650863,
            "p(95)": 17.275995050000006,
            "avg": 6.92242643599998
        },
        "checks": {
            "passes": 6000,
            "fails": 0,
            "value": 1
        },
        "iterations": {
            "count": 6000,
            "rate": 99.01923501704614
        },
        "http_req_blocked": {
            "p(95)": 0.00969225,
            "avg": 0.022183915499999984,
            "min": 0.001242,
            "med": 0.005773,
            "max": 3.065336,
            "p(90)": 0.008156100000000001
        },
        "http_reqs": {
            "count": 6000,
            "rate": 99.01923501704614,
            "thresholds": {
                "count>1000": false
            }
        },
        "http_req_sending": {
            "avg": 0.02696524366666669,
            "min": 0.003121,
            "med": 0.021326499999999998,
            "max": 1.383494,
            "p(90)": 0.03254680000000001,
            "p(95)": 0.03838925
        },
        "iteration_duration": {
            "p(95)": 1017.86233325,
            "avg": 1007.5743635436665,
            "min": 1001.273429,
            "med": 1004.560509,
            "max": 1200.503366,
            "p(90)": 1010.9885255
        },
        "http_req_waiting": {
            "avg": 6.84800702999998,
            "min": 1.093107,
            "med": 3.8247210000000003,
            "max": 198.88209,
            "p(90)": 10.178135300000005,
            "p(95)": 17.192872550000008
        },
        "http_req_duration": {
            "med": 3.8986935000000003,
            "max": 198.981601,
            "p(90)": 10.2650863,
            "p(95)": 17.275995050000006,
            "avg": 6.92242643599998,
            "min": 1.126632,
            "thresholds": {
                "p(95)<500": false
            }
        },
        "http_req_failed": {
            "passes": 0,
            "fails": 6000,
            "thresholds": {
                "rate<0.01": false
            },
            "value": 0
        },
        "http_req_tls_handshaking": {
            "min": 0,
            "med": 0,
            "max": 0,
            "p(90)": 0,
            "p(95)": 0,
            "avg": 0
        },
        "http_req_receiving": {
            "p(95)": 0.08072290000000001,
            "avg": 0.04745416233333348,
            "min": 0.009284,
            "med": 0.046059,
            "max": 0.764757,
            "p(90)": 0.06974250000000001
        },
        "http_req_connecting": {
            "med": 0,
            "max": 2.112498,
            "p(90)": 0,
            "p(95)": 0,
            "avg": 0.013932086333333335,
            "min": 0
        },
        "vus": {
            "value": 100,
            "min": 100,
            "max": 100
        },
        "vus_max": {
            "value": 100,
            "min": 100,
            "max": 100
        },
        "data_sent": {
            "count": 1020709,
            "rate": 16844.970725835694
        }
    },
    "root_group": {
        "name": "",
        "path": "",
        "id": "d41d8cd98f00b204e9800998ecf8427e",
        "groups": {},
        "checks": {
                "статус 201": {
                    "name": "статус 201",
                    "path": "::статус 201",
                    "id": "c314df9557299c13c0b7848462734a62",
                    "passes": 6000,
                    "fails": 0
                }
            }
    }
}