{
    "root_group": {
        "name": "",
        "path": "",
        "id": "d41d8cd98f00b204e9800998ecf8427e",
        "groups": {},
        "checks": {
                "статус 201": {
                    "id": "c314df9557299c13c0b7848462734a62",
                    "passes": 6000,
                    "fails": 0,
                    "name": "статус 201",
                    "path": "::статус 201"
                }
            }
    },
    "metrics": {
        "checks": {
            "passes": 6000,
            "fails": 0,
            "value": 1
        },
        "http_reqs": {
            "rate": 98.90697163677072,
            "count": 6000,
            "thresholds": {
                "count>1000": false
            }
        },
        "iteration_duration": {
            "avg": 1008.7992527398327,
            "min": 1001.220379,
            "med": 1005.0076515000001,
            "max": 1149.443772,
            "p(90)": 1012.4345875,
            "p(95)": 1025.8103144499999
        },
        "http_req_blocked": {
            "med": 0.005777,
            "max": 2.006184,
            "p(90)": 0.008118,
            "p(95)": 0.009598400000000002,
            "avg": 0.011059452500000006,
            "min": 0.000883
        },
        "http_req_connecting": {
            "med": 0,
            "max": 0.769719,
            "p(90)": 0,
            "p(95)": 0,
            "avg": 0.0034537816666666663,
            "min": 0
        },
        "http_req_tls_handshaking": {
            "med": 0,
            "max": 0,
            "p(90)": 0,
            "p(95)": 0,
            "avg": 0,
            "min": 0
        },
        "http_req_sending": {
            "avg": 0.025299665333333388,
            "min": 0.003666,
            "med": 0.020905,
            "max": 3.078904,
            "p(90)": 0.031103600000000002,
            "p(95)": 0.0363561
        },
        "vus_max": {
            "value": 100,
            "min": 100,
            "max": 100
        },
        "data_sent": {
            "rate": 16825.49354200816,
            "count": 1020686
        },
        "http_req_duration": {
            "avg": 8.187421672333317,
            "min": 1.059295,
            "med": 4.389468000000001,
            "max": 148.651482,
            "p(90)": 11.7497887,
            "p(95)": 25.264263200000016,
            "thresholds": {
                "p(95)<500": false
            }
        },
        "http_req_duration{expected_response:true}": {
            "avg": 8.187421672333317,
            "min": 1.059295,
            "med": 4.389468000000001,
            "max": 148.651482,
            "p(90)": 11.7497887,
            "p(95)": 25.264263200000016
        },
        "data_received": {
            "count": 900000,
            "rate": 14836.045745515608
        },
        "http_req_receiving": {
            "min": 0.008164,
            "med": 0.045211,
            "max": 0.254993,
            "p(90)": 0.06608750000000001,
            "p(95)": 0.075963,
            "avg": 0.04564496883333325
        },
        "vus": {
            "value": 100,
            "min": 100,
            "max": 100
        },
        "http_req_waiting": {
            "p(90)": 11.6791703,
            "p(95)": 25.09211555000002,
            "avg": 8.116477038166652,
            "min": 1.021604,
            "med": 4.314316,
            "max": 148.426498
        },
        "iterations": {
            "count": 6000,
            "rate": 98.90697163677072
        },
        "http_req_failed": {
            "passes": 0,
            "fails": 6000,
            "thresholds": {
                "rate<0.01": false
            },
            "value": 0
        }
    }
}