{
    "root_group": {
        "checks": {
            "статус 201": {
                "name": "статус 201",
                "path": "::статус 201",
                "id": "c314df9557299c13c0b7848462734a62",
                "passes": 6000,
                "fails": 0
            }
        },
        "name": "",
        "path": "",
        "id": "d41d8cd98f00b204e9800998ecf8427e",
        "groups": {}
    },
    "metrics": {
        "vus_max": {
            "value": 100,
            "min": 100,
            "max": 100
        },
        "http_req_duration{expected_response:true}": {
            "med": 4.541392,
            "max": 133.944856,
            "p(90)": 11.844490000000002,
            "p(95)": 21.672464600000033,
            "avg": 7.452140821333317,
            "min": 1.096704
        },
        "http_req_blocked": {
            "max": 3.241495,
            "p(90)": 0.008226200000000001,
            "p(95)": 0.00985515,
            "avg": 0.03286984299999998,
            "min": 0.001172,
            "med": 0.005987
        },
        "http_reqs": {
            "rate": 99.01955842645584,
            "count": 6000,
            "thresholds": {
                "count>1000": false
            }
        },
        "iterations": {
            "rate": 99.01955842645584,
            "count": 6000
        },
        "http_req_duration": {
            "p(90)": 11.844490000000002,
            "p(95)": 21.672464600000033,
            "avg": 7.452140821333317,
            "min": 1.096704,
            "med": 4.541392,
            "max": 133.944856,
            "thresholds": {
                "p(95)<500": false
            }
        },
        "http_req_connecting": {
            "p(90)": 0,
            "p(95)": 0,
            "avg": 0.025145879333333326,
            "min": 0,
            "med": 0,
            "max": 3.150373
        },
        "vus": {
            "min": 100,
            "max": 100,
            "value": 100
        },
        "http_req_tls_handshaking": {
            "p(90)": 0,
            "p(95)": 0,
            "avg": 0,
            "min": 0,
            "med": 0,
            "max": 0
        },
        "http_req_sending": {
            "avg": 0.026301916166666526,
            "min": 0.003098,
            "med": 0.0220415,
            "max": 1.701243,
            "p(90)": 0.03247520000000002,
            "p(95)": 0.039075700000000005
        },
        "data_sent": {
            "count": 1020527,
            "rate": 16842.02215037928
        },
        "data_received": {
            "count": 900000,
            "rate": 14852.933763968376
        },
        "http_req_failed": {
            "passes": 0,
            "fails": 6000,
            "thresholds": {
                "rate<0.01": false
            },
            "value": 0
        },
        "http_req_receiving": {
            "max": 0.629313,
            "p(90)": 0.06900550000000001,
            "p(95)": 0.07983795,
            "avg": 0.04845216799999999,
            "min": 0.009165,
            "med": 0.047211
        },
        "checks": {
            "fails": 0,
            "passes": 6000,
            "value": 1
        },
        "iteration_duration": {
            "avg": 1008.1009314673339,
            "min": 1001.324757,
            "med": 1005.1704705,
            "max": 1135.785942,
            "p(90)": 1012.5765194,
            "p(95)": 1022.28723995
        },
        "http_req_waiting": {
            "p(95)": 21.59950130000003,
            "avg": 7.377386737166654,
            "min": 1.067034,
            "med": 4.461793500000001,
            "max": 133.240622,
            "p(90)": 11.7311761
        }
    }
}