{
    "root_group": {
        "name": "",
        "path": "",
        "id": "d41d8cd98f00b204e9800998ecf8427e",
        "groups": {},
        "checks": {
                "статус 201": {
                    "id": "c314df9557299c13c0b7848462734a62",
                    "passes": 6000,
                    "fails": 0,
                    "name": "статус 201",
                    "path": "::статус 201"
                }
            }
    },
    "metrics": {
        "http_req_connecting": {
            "avg": 0.01231603583333333,
            "min": 0,
            "med": 0,
            "max": 2.125779,
            "p(90)": 0,
            "p(95)": 0
        },
        "http_req_tls_handshaking": {
            "p(95)": 0,
            "avg": 0,
            "min": 0,
            "med": 0,
            "max": 0,
            "p(90)": 0
        },
        "vus": {
            "value": 100,
            "min": 100,
            "max": 100
        },
        "http_reqs": {
            "count": 6000,
            "rate": 98.88483250154286,
            "thresholds": {
                "count>1000": false
            }
        },
        "iteration_duration": {
            "avg": 1009.2125222870017,
            "min": 1001.302992,
            "med": 1004.550552,
            "max": 1206.171584,
            "p(90)": 1014.1251163999999,
            "p(95)": 1022.3241422
        },
        "http_req_receiving": {
            "min": 0.009493,
            "med": 0.0437315,
            "max": 0.66582,
            "p(90)": 0.06803429999999999,
            "p(95)": 0.0779834,
            "avg": 0.045369880000000105
        },
        "iterations": {
            "count": 6000,
            "rate": 98.88483250154286
        },
        "http_req_duration": {
            "avg": 8.587158093999989,
            "min": 1.116035,
            "med": 3.930452,
            "max": 205.374926,
            "p(90)": 13.431493000000001,
            "p(95)": 21.77238755,
            "thresholds": {
                "p(95)<500": false
            }
        },
        "http_req_blocked": {
            "med": 0.0053855,
            "max": 2.191782,
            "p(90)": 0.0079602,
            "p(95)": 0.0092381,
            "avg": 0.018805223333333315,
            "min": 0.000932
        },
        "http_req_waiting": {
            "med": 3.859228,
            "max": 205.328796,
            "p(90)": 13.3337155,
            "p(95)": 21.63765155000001,
            "avg": 8.516670467999996,
            "min": 1.069595
        },
        "http_req_sending": {
            "avg": 0.025117746000000038,
            "min": 0.003342,
            "med": 0.019831,
            "max": 1.172236,
            "p(90)": 0.0313038,
            "p(95)": 0.036566600000000025
        },
        "http_req_failed": {
            "passes": 0,
            "fails": 6000,
            "thresholds": {
                "rate<0.01": false
            },
            "value": 0
        },
        "http_req_duration{expected_response:true}": {
            "min": 1.116035,
            "med": 3.930452,
            "max": 205.374926,
            "p(90)": 13.431493000000001,
            "p(95)": 21.77238755,
            "avg": 8.587158093999989
        },
        "data_received": {
            "count": 900000,
            "rate": 14832.724875231428
        },
        "vus_max": {
            "value": 100,
            "min": 100,
            "max": 100
        },
        "checks": {
            "fails": 0,
            "passes": 6000,
            "value": 1
        },
        "data_sent": {
            "count": 1020632,
            "rate": 16820.83739428578
        }
    }
}