{
    "root_group": {
        "id": "d41d8cd98f00b204e9800998ecf8427e",
        "groups": {},
        "checks": {
                "статус 201": {
                    "fails": 0,
                    "name": "статус 201",
                    "path": "::статус 201",
                    "id": "c314df9557299c13c0b7848462734a62",
                    "passes": 6000
                }
            },
        "name": "",
        "path": ""
    },
    "metrics": {
        "iterations": {
            "count": 6000,
            "rate": 99.06384046984019
        },
        "iteration_duration": {
            "avg": 1007.4303135794974,
            "min": 1001.353847,
            "med": 1004.522834,
            "max": 1193.100341,
            "p(90)": 1010.5148272,
            "p(95)": 1015.7070032
        },
        "http_req_failed": {
            "passes": 0,
            "fails": 6000,
            "thresholds": {
                "rate<0.01": false
            },
            "value": 0
        },
        "http_req_receiving": {
            "max": 0.580696,
            "p(90)": 0.0672161,
            "p(95)": 0.07692790000000001,
            "avg": 0.045502557333333325,
            "min": 0.006307,
            "med": 0.044678999999999996
        },
        "checks": {
            "passes": 6000,
            "fails": 0,
            "value": 1
        },
        "vus": {
            "value": 100,
            "min": 100,
            "max": 100
        },
        "vus_max": {
            "value": 100,
            "min": 100,
            "max": 100
        },
        "data_sent": {
            "count": 1020694,
            "rate": 16852.311264087177
        },
        "http_req_waiting": {
            "avg": 6.688562349333325,
            "min": 1.121568,
            "med": 3.812786,
            "max": 190.08989,
            "p(90)": 9.773990900000001,
            "p(95)": 15.025116450000002
        },
        "http_req_duration{expected_response:true}": {
            "p(90)": 9.845459000000004,
            "p(95)": 15.103568950000001,
            "avg": 6.763975928499993,
            "min": 1.149685,
            "med": 3.87994,
            "max": 190.163789
        },
        "data_received": {
            "rate": 14859.576070476029,
            "count": 900000
        },
        "http_req_blocked": {
            "avg": 0.0526655249999999,
            "min": 0.001091,
            "med": 0.0055775,
            "max": 6.53738,
            "p(90)": 0.008133600000000001,
            "p(95)": 0.009265200000000001
        },
        "http_reqs": {
            "count": 6000,
            "rate": 99.06384046984019,
            "thresholds": {
                "count>1000": false
            }
        },
        "http_req_tls_handshaking": {
            "avg": 0,
            "min": 0,
            "med": 0,
            "max": 0,
            "p(90)": 0,
            "p(95)": 0
        },
        "http_req_sending": {
            "max": 4.080654,
            "p(90)": 0.0317757,
            "p(95)": 0.03701,
            "avg": 0.029911021833333273,
            "min": 0.003189,
            "med": 0.0203175
        },
        "http_req_connecting": {
            "avg": 0.04280015933333333,
            "min": 0,
            "med": 0,
            "max": 6.446511,
            "p(90)": 0,
            "p(95)": 0
        },
        "http_req_duration": {
            "p(90)": 9.845459000000004,
            "p(95)": 15.103568950000001,
            "avg": 6.763975928499993,
            "min": 1.149685,
            "med": 3.87994,
            "max": 190.163789,
            "thresholds": {
                "p(95)<500": false
            }
        }
    }
}