{
    "root_group": {
        "id": "d41d8cd98f00b204e9800998ecf8427e",
        "groups": {},
        "checks": {
                "статус 201": {
                    "fails": 0,
                    "name": "статус 201",
                    "path": "::статус 201",
                    "id": "c314df9557299c13c0b7848462734a62",
                    "passes": 6000
                }
            },
        "name": "",
        "path": ""
    },
    "metrics": {
        "http_req_sending": {
            "max": 3.335303,
            "p(90)": 0.0323504,
            "p(95)": 0.03922935,
            "avg": 0.027495699166666648,
            "min": 0.003649,
            "med": 0.021159999999999998
        },
        "vus": {
            "value": 100,
            "min": 100,
            "max": 100
        },
        "http_req_duration{expected_response:true}": {
            "max": 141.468618,
            "p(90)": 12.8536201,
            "p(95)": 16.94692065000001,
            "avg": 6.9808767640000005,
            "min": 1.127592,
            "med": 4.4789175
        },
        "iterations": {
            "rate": 99.09506948380239,
            "count": 6000
        },
        "http_req_connecting": {
            "min": 0,
            "med": 0,
            "max": 2.382274,
            "p(90)": 0,
            "p(95)": 0,
            "avg": 0.012558022666666667
        },
        "http_req_blocked": {
            "min": 0.001179,
            "med": 0.0057585,
            "max": 5.156396,
            "p(90)": 0.0080272,
            "p(95)": 0.009816650000000003,
            "avg": 0.02038686533333328
        },
        "http_req_waiting": {
            "p(95)": 16.867382250000002,
            "avg": 6.905595278666648,
            "min": 1.083346,
            "med": 4.4052895,
            "max": 141.377113,
            "p(90)": 12.747126500000006
        },
        "http_req_tls_handshaking": {
            "avg": 0,
            "min": 0,
            "med": 0,
            "max": 0,
            "p(90)": 0,
            "p(95)": 0
        },
        "data_received": {
            "count": 900000,
            "rate": 14864.260422570358
        },
        "http_req_duration": {
            "p(90)": 12.8536201,
            "p(95)": 16.94692065000001,
            "avg": 6.9808767640000005,
            "min": 1.127592,
            "med": 4.4789175,
            "max": 141.468618,
            "thresholds": {
                "p(95)<500": false
            }
        },
        "http_reqs": {
            "count": 6000,
            "rate": 99.09506948380239,
            "thresholds": {
                "count>1000": false
            }
        },
        "vus_max": {
            "value": 100,
            "min": 100,
            "max": 100
        },
        "data_sent": {
            "count": 1020317,
            "rate": 16851.397335084133
        },
        "checks": {
            "passes": 6000,
            "fails": 0,
            "value": 1
        },
        "iteration_duration": {
            "p(90)": 1013.4387255,
            "p(95)": 1017.53034355,
            "avg": 1007.6042670081719,
            "min": 1001.26969,
            "med": 1005.1144859999999,
            "max": 1143.547246
        },
        "http_req_receiving": {
            "med": 0.046289,
            "max": 2.387819,
            "p(90)": 0.0696255,
            "p(95)": 0.08013025000000001,
            "avg": 0.047785786166666504,
            "min": 0.008063
        },
        "http_req_failed": {
            "passes": 0,
            "fails": 6000,
            "thresholds": {
                "rate<0.01": false
            },
            "value": 0
        }
    }
}