{
    "root_group": {
        "id": "d41d8cd98f00b204e9800998ecf8427e",
        "groups": {},
        "checks": {
                "статус 201": {
                    "path": "::статус 201",
                    "id": "c314df9557299c13c0b7848462734a62",
                    "passes": 6000,
                    "fails": 0,
                    "name": "статус 201"
                }
            },
        "name": "",
        "path": ""
    },
    "metrics": {
        "http_req_tls_handshaking": {
            "p(95)": 0,
            "avg": 0,
            "min": 0,
            "med": 0,
            "max": 0,
            "p(90)": 0
        },
        "data_received": {
            "count": 900000,
            "rate": 14866.296183289833
        },
        "http_req_sending": {
            "avg": 0.025141862833333323,
            "min": 0.003292,
            "med": 0.020709,
            "max": 0.816024,
            "p(90)": 0.03125270000000001,
            "p(95)": 0.036738650000000005
        },
        "http_req_blocked": {
            "min": 0.001007,
            "med": 0.005667,
            "max": 3.024768,
            "p(90)": 0.0079611,
            "p(95)": 0.009045049999999999,
            "avg": 0.03178637933333339
        },
        "http_req_duration{expected_response:true}": {
            "min": 1.081427,
            "med": 3.9320415000000004,
            "max": 149.296637,
            "p(90)": 10.214798500000002,
            "p(95)": 14.45438245000002,
            "avg": 6.2927384506666515
        },
        "vus_max": {
            "min": 100,
            "max": 100,
            "value": 100
        },
        "http_req_waiting": {
            "max": 149.107173,
            "p(90)": 10.1359534,
            "p(95)": 14.41011555000001,
            "avg": 6.221394031499993,
            "min": 1.042161,
            "med": 3.852048
        },
        "data_sent": {
            "rate": 16858.049509713266,
            "count": 1020580
        },
        "iterations": {
            "count": 6000,
            "rate": 99.10864122193222
        },
        "http_req_failed": {
            "fails": 6000,
            "passes": 0,
            "thresholds": {
                "rate<0.01": false
            },
            "value": 0
        },
        "http_req_receiving": {
            "max": 0.237183,
            "p(90)": 0.06744190000000004,
            "p(95)": 0.07789325000000001,
            "avg": 0.04620255633333331,
            "min": 0.009659,
            "med": 0.045698
        },
        "iteration_duration": {
            "max": 1150.153594,
            "p(90)": 1010.9160087,
            "p(95)": 1015.1352278500001,
            "avg": 1006.9304021516703,
            "min": 1001.21162,
            "med": 1004.559686
        },
        "checks": {
            "passes": 6000,
            "fails": 0,
            "value": 1
        },
        "vus": {
            "value": 100,
            "min": 100,
            "max": 100
        },
        "http_req_duration": {
            "max": 149.296637,
            "p(90)": 10.214798500000002,
            "p(95)": 14.45438245000002,
            "avg": 6.2927384506666515,
            "min": 1.081427,
            "med": 3.9320415000000004,
            "thresholds": {
                "p(95)<500": false
            }
        },
        "http_reqs": {
            "count": 6000,
            "rate": 99.10864122193222,
            "thresholds": {
                "count>1000": false
            }
        },
        "http_req_connecting": {
            "avg": 0.024070648000000007,
            "min": 0,
            "med": 0,
            "max": 2.533028,
            "p(90)": 0,
            "p(95)": 0
        }
    }
}