{
    "metrics": {
        "http_req_receiving": {
            "avg": 0.047729676499999776,
            "min": 0.007824,
            "med": 0.046715,
            "max": 0.47582,
            "p(90)": 0.06980760000000001,
            "p(95)": 0.08019920000000001
        },
        "checks": {
            "passes": 6000,
            "fails": 0,
            "value": 1
        },
        "iterations": {
            "count": 6000,
            "rate": 98.93194509882247
        },
        "vus": {
            "value": 100,
            "min": 100,
            "max": 100
        },
        "http_req_blocked": {
            "min": 0.001058,
            "med": 0.00573,
            "max": 2.499576,
            "p(90)": 0.008347100000000001,
            "p(95)": 0.00992015,
            "avg": 0.01854909683333329
        },
        "http_req_sending": {
            "p(90)": 0.032799,
            "p(95)": 0.0385121,
            "avg": 0.026936169333333284,
            "min": 0.003389,
            "med": 0.021339499999999997,
            "max": 1.426427
        },
        "data_received": {
            "count": 900000,
            "rate": 14839.79176482337
        },
        "http_req_duration{expected_response:true}": {
            "min": 1.124862,
            "med": 4.1557375,
            "max": 149.059012,
            "p(90)": 12.479213600000007,
            "p(95)": 24.272865300000003,
            "avg": 7.698284938166659
        },
        "http_req_tls_handshaking": {
            "avg": 0,
            "min": 0,
            "med": 0,
            "max": 0,
            "p(90)": 0,
            "p(95)": 0
        },
        "http_req_failed": {
            "fails": 6000,
            "passes": 0,
            "thresholds": {
                "rate<0.01": false
            },
            "value": 0
        },
        "http_req_waiting": {
            "avg": 7.623619092333342,
            "min": 1.085951,
            "med": 4.073728,
            "max": 148.951229,
            "p(90)": 12.41841760000001,
            "p(95)": 24.207037750000005
        },
        "data_sent": {
            "count": 1020839,
            "rate": 16832.264650456138
        },
        "vus_max": {
            "value": 100,
            "min": 100,
            "max": 100
        },
        "http_req_duration": {
            "min": 1.124862,
            "med": 4.1557375,
            "max": 149.059012,
            "p(90)": 12.479213600000007,
            "p(95)": 24.272865300000003,
            "avg": 7.698284938166659,
            "thresholds": {
                "p(95)<500": false
            }
        },
        "http_reqs": {
            "count": 6000,
            "rate": 98.93194509882247,
            "thresholds": {
                "count>1000": false
            }
        },
        "http_req_connecting": {
            "p(95)": 0,
            "avg": 0.009941264500000003,
            "min": 0,
            "med": 0,
            "max": 1.658541,
            "p(90)": 0
        },
        "iteration_duration": {
            "avg": 1008.3410495995015,
            "min": 1001.341727,
            "med": 1004.8225845,
            "max": 1149.784588,
            "p(90)": 1013.2039702000001,
            "p(95)": 1025.1691154
        }
    },
    "root_group": {
        "name": "",
        "path": "",
        "id": "d41d8cd98f00b204e9800998ecf8427e",
        "groups": {},
        "checks": {
                "статус 201": {
                    "fails": 0,
                    "name": "статус 201",
                    "path": "::статус 201",
                    "id": "c314df9557299c13c0b7848462734a62",
                    "passes": 6000
                }
            }
    }
}