{
    "metrics": {
        "data_received": {
            "rate": 14805.884268077081,
            "count": 900000
        },
        "http_req_waiting": {
            "avg": 9.572312964166667,
            "min": 1.141051,
            "med": 3.6470409999999998,
            "max": 411.74142,
            "p(90)": 8.61010510000001,
            "p(95)": 15.17887435000001
        },
        "http_req_receiving": {
            "min": 0.009514,
            "med": 0.0489355,
            "max": 0.841715,
            "p(90)": 0.07174080000000004,
            "p(95)": 0.08372935000000002,
            "avg": 0.04994257500000021
        },
        "data_sent": {
            "rate": 16791.71527004166,
            "count": 1020712
        },
        "http_reqs": {
            "count": 6000,
            "rate": 98.70589512051387,
            "thresholds": {
                "count>1000": false
            }
        },
        "http_req_duration": {
            "p(95)": 15.253644900000014,
            "avg": 9.651209760500045,
            "min": 1.169765,
            "med": 3.72657,
            "max": 411.849584,
            "p(90)": 8.7384287,
            "thresholds": {
                "p(95)<500": false
            }
        },
        "checks": {
            "passes": 6000,
            "fails": 0,
            "value": 1
        },
        "iteration_duration": {
            "avg": 1010.3475157883313,
            "min": 1001.433526,
            "med": 1004.4330505,
            "max": 1413.574634,
            "p(90)": 1009.4707807999999,
            "p(95)": 1015.95370355
        },
        "http_req_sending": {
            "p(95)": 0.03929545000000001,
            "avg": 0.02895422133333327,
            "min": 0.003655,
            "med": 0.0224695,
            "max": 2.176439,
            "p(90)": 0.0338784
        },
        "http_req_tls_handshaking": {
            "avg": 0,
            "min": 0,
            "med": 0,
            "max": 0,
            "p(90)": 0,
            "p(95)": 0
        },
        "vus": {
            "value": 100,
            "min": 100,
            "max": 100
        },
        "http_req_blocked": {
            "med": 0.005941500000000001,
            "max": 4.855073,
            "p(90)": 0.008377600000000006,
            "p(95)": 0.009801300000000002,
            "avg": 0.03870607833333328,
            "min": 0.001169
        },
        "http_req_connecting": {
            "avg": 0.029468246666666673,
            "min": 0,
            "med": 0,
            "max": 3.543758,
            "p(90)": 0,
            "p(95)": 0
        },
        "vus_max": {
            "value": 100,
            "min": 100,
            "max": 100
        },
        "http_req_failed": {
            "passes": 0,
            "fails": 6000,
            "thresholds": {
                "rate<0.01": false
            },
            "value": 0
        },
        "iterations": {
            "count": 6000,
            "rate": 98.70589512051387
        },
        "http_req_duration{expected_response:true}": {
            "med": 3.72657,
            "max": 411.849584,
            "p(90)": 8.7384287,
            "p(95)": 15.253644900000014,
            "avg": 9.651209760500045,
            "min": 1.169765
        }
    },
    "root_group": {
        "id": "d41d8cd98f00b204e9800998ecf8427e",
        "groups": {},
        "checks": {
                "статус 201": {
                    "passes": 6000,
                    "fails": 0,
                    "name": "статус 201",
                    "path": "::статус 201",
                    "id": "c314df9557299c13c0b7848462734a62"
                }
            },
        "name": "",
        "path": ""
    }
}