{
    "root_group": {
        "id": "d41d8cd98f00b204e9800998ecf8427e",
        "groups": {},
        "checks": {
                "статус 201": {
                    "name": "статус 201",
                    "path": "::статус 201",
                    "id": "c314df9557299c13c0b7848462734a62",
                    "passes": 6000,
                    "fails": 0
                }
            },
        "name": "",
        "path": ""
    },
    "metrics": {
        "data_received": {
            "count": 900000,
            "rate": 14865.627586869128
        },
        "iterations": {
            "count": 6000,
            "rate": 99.10418391246085
        },
        "iteration_duration": {
            "avg": 1007.1760675534989,
            "min": 1001.222483,
            "med": 1003.8843805,
            "max": 1150.727011,
            "p(90)": 1009.8587510000001,
            "p(95)": 1014.5065108499999
        },
        "http_req_tls_handshaking": {
            "avg": 0,
            "min": 0,
            "med": 0,
            "max": 0,
            "p(90)": 0,
            "p(95)": 0
        },
        "vus": {
            "value": 100,
            "min": 100,
            "max": 100
        },
        "http_req_blocked": {
            "p(90)": 0.007566400000000001,
            "p(95)": 0.008882,
            "avg": 0.03175753799999992,
            "min": 0.00095,
            "med": 0.0043495,
            "max": 2.848241
        },
        "http_req_connecting": {
            "avg": 0.024805448833333334,
            "min": 0,
            "med": 0,
            "max": 2.738486,
            "p(90)": 0,
            "p(95)": 0
        },
        "http_req_duration": {
            "avg": 6.557648032999999,
            "min": 1.130926,
            "med": 3.2988595,
            "max": 148.767337,
            "p(90)": 9.202770000000001,
            "p(95)": 13.797482300000002,
            "thresholds": {
                "p(95)<500": false
            }
        },
        "http_reqs": {
            "count": 6000,
            "rate": 99.10418391246085,
            "thresholds": {
                "count>1000": false
            }
        },
        "checks": {
            "passes": 6000,
            "fails": 0,
            "value": 1
        },
        "http_req_sending": {
            "p(95)": 0.0345023,
            "avg": 0.021392823833333335,
            "min": 0.002752,
            "med": 0.0159645,
            "max": 1.411371,
            "p(90)": 0.029476800000000008
        },
        "http_req_waiting": {
            "avg": 6.496873437666682,
            "min": 1.100342,
            "med": 3.242671,
            "max": 147.82294,
            "p(90)": 9.134357900000001,
            "p(95)": 13.710245250000007
        },
        "vus_max": {
            "value": 100,
            "min": 100,
            "max": 100
        },
        "data_sent": {
            "count": 1020704,
            "rate": 16859.339489364076
        },
        "http_req_duration{expected_response:true}": {
            "p(90)": 9.202770000000001,
            "p(95)": 13.797482300000002,
            "avg": 6.557648032999999,
            "min": 1.130926,
            "med": 3.2988595,
            "max": 148.767337
        },
        "http_req_failed": {
            "passes": 0,
            "fails": 6000,
            "thresholds": {
                "rate<0.01": false
            },
            "value": 0
        },
        "http_req_receiving": {
            "avg": 0.03938177149999992,
            "min": 0.007597,
            "med": 0.035836,
            "max": 0.303108,
            "p(90)": 0.06205220000000001,
            "p(95)": 0.07152495000000006
        }
    }
}