{
    "root_group": {
        "path": "",
        "id": "d41d8cd98f00b204e9800998ecf8427e",
        "groups": {},
        "checks": {
                "📦 статус 201": {
                    "name": "📦 статус 201",
                    "path": "::📦 статус 201",
                    "id": "70a1e9b1e2064741c325237b51506fdc",
                    "passes": 5924,
                    "fails": 0
                }
            },
        "name": ""
    },
    "metrics": {
        "http_req_tls_handshaking": {
            "med": 0,
            "max": 0,
            "p(90)": 0,
            "p(95)": 0,
            "avg": 0,
            "min": 0
        },
        "http_req_sending": {
            "p(95)": 0.039384949999999974,
            "avg": 0.022406972822417253,
            "min": 0.001956,
            "med": 0.0179765,
            "max": 2.612855,
            "p(90)": 0.031624
        },
        "http_reqs": {
            "count": 11848,
            "rate": 194.1936596364806
        },
        "http_req_connecting": {
            "min": 0,
            "med": 0,
            "max": 4.005051,
            "p(90)": 0,
            "p(95)": 0,
            "avg": 0.013595507089804186
        },
        "iteration_duration": {
            "avg": 1019.4877439248844,
            "min": 1002.480621,
            "med": 1008.7203185,
            "max": 1363.925879,
            "p(90)": 1028.3175615999999,
            "p(95)": 1060.2399328999998
        },
        "http_req_receiving": {
            "max": 6.567682,
            "p(90)": 0.0882696,
            "p(95)": 0.10738679999999996,
            "avg": 0.057615927076299596,
            "min": 0.004715,
            "med": 0.050147
        },
        "vus": {
            "min": 1,
            "max": 100,
            "value": 1
        },
        "data_received": {
            "count": 4242590,
            "rate": 69537.81890927888
        },
        "http_req_failed": {
            "passes": 0,
            "fails": 11848,
            "thresholds": {
                "rate<0.01": false
            },
            "value": 0
        },
        "http_req_duration{expected_response:true}": {
            "avg": 9.339525753038561,
            "min": 0.073377,
            "med": 3.462295,
            "max": 362.579778,
            "p(90)": 16.271908300000003,
            "p(95)": 26.07900469999999
        },
        "checks": {
            "passes": 5924,
            "fails": 0,
            "value": 1
        },
        "iterations": {
            "count": 5924,
            "rate": 97.0968298182403
        },
        "vus_max": {
            "value": 100,
            "min": 100,
            "max": 100
        },
        "data_sent": {
            "count": 3864400,
            "rate": 63339.12713531529
        },
        "http_req_waiting": {
            "p(90)": 16.1874377,
            "p(95)": 25.938428199999997,
            "avg": 9.25950285313975,
            "min": 0.056235,
            "med": 3.4164395,
            "max": 362.539577
        },
        "http_req_duration": {
            "p(95)": 26.07900469999999,
            "avg": 9.339525753038561,
            "min": 0.073377,
            "med": 3.462295,
            "max": 362.579778,
            "p(90)": 16.271908300000003,
            "thresholds": {
                "p(95)<300": false
            }
        },
        "http_req_blocked": {
            "avg": 0.020268458474003975,
            "min": 0.000468,
            "med": 0.00477,
            "max": 4.205667,
            "p(90)": 0.007795900000000003,
            "p(95)": 0.008943549999999998
        }
    }
}