{
    "root_group": {
        "path": "",
        "id": "d41d8cd98f00b204e9800998ecf8427e",
        "groups": {},
        "checks": {
                "📦 статус 201": {
                    "id": "70a1e9b1e2064741c325237b51506fdc",
                    "passes": 5942,
                    "fails": 0,
                    "name": "📦 статус 201",
                    "path": "::📦 статус 201"
                }
            },
        "name": ""
    },
    "metrics": {
        "vus_max": {
            "value": 100,
            "min": 100,
            "max": 100
        },
        "http_req_duration{expected_response:true}": {
            "avg": 8.07996452170985,
            "min": 0.082325,
            "med": 3.4811445,
            "max": 282.343534,
            "p(90)": 17.096227400000004,
            "p(95)": 24.19113940000001
        },
        "http_req_sending": {
            "max": 1.255044,
            "p(90)": 0.03213220000000001,
            "p(95)": 0.03971780000000002,
            "avg": 0.0230557620329855,
            "min": 0.002434,
            "med": 0.019013000000000002
        },
        "http_req_receiving": {
            "p(95)": 0.11274320000000002,
            "avg": 0.06174121566812569,
            "min": 0.005681,
            "med": 0.0531865,
            "max": 4.005568,
            "p(90)": 0.09079670000000002
        },
        "http_req_connecting": {
            "p(95)": 0,
            "avg": 0.002007982665769101,
            "min": 0,
            "med": 0,
            "max": 0.848339,
            "p(90)": 0
        },
        "iterations": {
            "count": 5942,
            "rate": 97.39719821707537
        },
        "http_req_waiting": {
            "avg": 7.995167544008776,
            "min": 0.061921,
            "med": 3.3893315,
            "max": 282.217011,
            "p(90)": 17.0140657,
            "p(95)": 24.0670858
        },
        "http_req_failed": {
            "passes": 0,
            "fails": 11884,
            "thresholds": {
                "rate<0.01": false
            },
            "value": 0
        },
        "data_sent": {
            "count": 3868758,
            "rate": 63414.03395824572
        },
        "http_reqs": {
            "count": 11884,
            "rate": 194.79439643415074
        },
        "iteration_duration": {
            "avg": 1016.9364165222169,
            "min": 1002.970069,
            "med": 1008.9141205000001,
            "max": 1283.489723,
            "p(90)": 1026.3277669,
            "p(95)": 1051.99480025
        },
        "data_received": {
            "count": 4244662,
            "rate": 69575.59511586798
        },
        "http_req_tls_handshaking": {
            "p(95)": 0,
            "avg": 0,
            "min": 0,
            "med": 0,
            "max": 0,
            "p(90)": 0
        },
        "checks": {
            "passes": 5942,
            "fails": 0,
            "value": 1
        },
        "vus": {
            "value": 10,
            "min": 10,
            "max": 100
        },
        "http_req_duration": {
            "avg": 8.07996452170985,
            "min": 0.082325,
            "med": 3.4811445,
            "max": 282.343534,
            "p(90)": 17.096227400000004,
            "p(95)": 24.19113940000001,
            "thresholds": {
                "p(95)<300": false
            }
        },
        "http_req_blocked": {
            "min": 0.000574,
            "med": 0.005071,
            "max": 2.736289,
            "p(90)": 0.007911,
            "p(95)": 0.009037500000000004,
            "avg": 0.009385819000336654
        }
    }
}