{
    "root_group": {
        "checks": {
            "📦 статус 201": {
                "id": "70a1e9b1e2064741c325237b51506fdc",
                "passes": 5980,
                "fails": 0,
                "name": "📦 статус 201",
                "path": "::📦 статус 201"
            }
        },
        "name": "",
        "path": "",
        "id": "d41d8cd98f00b204e9800998ecf8427e",
        "groups": {}
    },
    "metrics": {
        "http_req_duration": {
            "max": 348.869677,
            "p(90)": 16.1659221,
            "p(95)": 19.725172049999994,
            "avg": 6.756879459615394,
            "min": 0.074863,
            "med": 3.537598,
            "thresholds": {
                "p(95)<300": false
            }
        },
        "http_reqs": {
            "count": 11960,
            "rate": 196.5733196679241
        },
        "vus": {
            "value": 100,
            "min": 100,
            "max": 100
        },
        "data_sent": {
            "rate": 64177.11276929648,
            "count": 3904692
        },
        "iteration_duration": {
            "p(95)": 1028.78073795,
            "avg": 1014.3010417463213,
            "min": 1002.89597,
            "med": 1009.345729,
            "max": 1349.758916,
            "p(90)": 1021.2778982
        },
        "http_req_receiving": {
            "avg": 0.06394197934782613,
            "min": 0.007179,
            "med": 0.054798,
            "max": 5.840397,
            "p(90)": 0.09469680000000001,
            "p(95)": 0.1193344
        },
        "http_req_connecting": {
            "min": 0,
            "med": 0,
            "max": 1.858607,
            "p(90)": 0,
            "p(95)": 0,
            "avg": 0.0025065540133779275
        },
        "http_req_waiting": {
            "avg": 6.669769860535105,
            "min": 0.054192,
            "med": 3.48721,
            "max": 348.827743,
            "p(90)": 16.061247400000003,
            "p(95)": 19.659624199999993
        },
        "http_req_blocked": {
            "avg": 0.011926594481605305,
            "min": 0.000603,
            "med": 0.005236,
            "max": 12.208526,
            "p(90)": 0.008099100000000001,
            "p(95)": 0.00923
        },
        "http_req_tls_handshaking": {
            "avg": 0,
            "min": 0,
            "med": 0,
            "max": 0,
            "p(90)": 0,
            "p(95)": 0
        },
        "data_received": {
            "count": 4301203,
            "rate": 70694.12644445102
        },
        "iterations": {
            "count": 5980,
            "rate": 98.28665983396205
        },
        "http_req_sending": {
            "avg": 0.02316761973244149,
            "min": 0.002465,
            "med": 0.019521499999999997,
            "max": 1.129394,
            "p(90)": 0.0335933,
            "p(95)": 0.04229735
        },
        "vus_max": {
            "max": 100,
            "value": 100,
            "min": 100
        },
        "http_req_duration{expected_response:true}": {
            "med": 3.537598,
            "max": 348.869677,
            "p(90)": 16.1659221,
            "p(95)": 19.725172049999994,
            "avg": 6.756879459615394,
            "min": 0.074863
        },
        "checks": {
            "passes": 5980,
            "fails": 0,
            "value": 1
        },
        "http_req_failed": {
            "passes": 0,
            "fails": 11960,
            "thresholds": {
                "rate<0.01": false
            },
            "value": 0
        }
    }
}