{
    "root_group": {
        "name": "",
        "path": "",
        "id": "d41d8cd98f00b204e9800998ecf8427e",
        "groups": {},
        "checks": {
                "📦 статус 201": {
                    "name": "📦 статус 201",
                    "path": "::📦 статус 201",
                    "id": "70a1e9b1e2064741c325237b51506fdc",
                    "passes": 5906,
                    "fails": 0
                }
            }
    },
    "metrics": {
        "http_req_sending": {
            "avg": 0.02564036200474098,
            "min": 0.002368,
            "med": 0.019483,
            "max": 2.330768,
            "p(90)": 0.033983599999999996,
            "p(95)": 0.04455569999999997
        },
        "http_req_receiving": {
            "min": 0.006729,
            "med": 0.0539785,
            "max": 1.78428,
            "p(90)": 0.0938574,
            "p(95)": 0.11807129999999993,
            "avg": 0.062138512529631124
        },
        "checks": {
            "fails": 0,
            "passes": 5906,
            "value": 1
        },
        "vus": {
            "value": 3,
            "min": 3,
            "max": 100
        },
        "http_req_duration": {
            "avg": 12.406344947680347,
            "min": 0.090893,
            "med": 3.6337235,
            "max": 744.221967,
            "p(90)": 18.8844981,
            "p(95)": 26.638697599999976,
            "thresholds": {
                "p(95)<300": false
            }
        },
        "data_received": {
            "count": 4222938,
            "rate": 69214.63654214896
        },
        "http_req_failed": {
            "passes": 0,
            "fails": 11812,
            "thresholds": {
                "rate<0.01": false
            },
            "value": 0
        },
        "iteration_duration": {
            "avg": 1025.6127732841182,
            "min": 1002.967847,
            "med": 1011.1216185,
            "max": 1744.972653,
            "p(90)": 1028.4517775,
            "p(95)": 1053.114683
        },
        "http_req_duration{expected_response:true}": {
            "p(95)": 26.638697599999976,
            "avg": 12.406344947680347,
            "min": 0.090893,
            "med": 3.6337235,
            "max": 744.221967,
            "p(90)": 18.8844981
        },
        "data_sent": {
            "count": 3843834,
            "rate": 63001.0606924266
        },
        "http_req_blocked": {
            "p(95)": 0.009207449999999999,
            "avg": 0.014339113189976256,
            "min": 0.000583,
            "med": 0.005181,
            "max": 3.897506,
            "p(90)": 0.008028
        },
        "http_req_connecting": {
            "p(90)": 0,
            "p(95)": 0,
            "avg": 0.007396520910938028,
            "min": 0,
            "med": 0,
            "max": 2.447716
        },
        "http_reqs": {
            "count": 11812,
            "rate": 193.6005896453757
        },
        "http_req_tls_handshaking": {
            "p(95)": 0,
            "avg": 0,
            "min": 0,
            "med": 0,
            "max": 0,
            "p(90)": 0
        },
        "iterations": {
            "count": 5906,
            "rate": 96.80029482268785
        },
        "http_req_waiting": {
            "avg": 12.318566073145952,
            "min": 0.066998,
            "med": 3.5520835,
            "max": 744.184624,
            "p(90)": 18.7523712,
            "p(95)": 26.549039249999947
        },
        "vus_max": {
            "min": 100,
            "max": 100,
            "value": 100
        }
    }
}