{
    "root_group": {
        "groups": {},
        "checks": {
                "📦 статус 201": {
                    "fails": 0,
                    "name": "📦 статус 201",
                    "path": "::📦 статус 201",
                    "id": "70a1e9b1e2064741c325237b51506fdc",
                    "passes": 5922
                }
            },
        "name": "",
        "path": "",
        "id": "d41d8cd98f00b204e9800998ecf8427e"
    },
    "metrics": {
        "iteration_duration": {
            "avg": 1016.8061198286067,
            "min": 1002.824408,
            "med": 1009.5601174999999,
            "max": 1330.366858,
            "p(90)": 1022.8601521,
            "p(95)": 1037.1549322
        },
        "http_reqs": {
            "count": 11844,
            "rate": 194.12391557418056
        },
        "data_sent": {
            "count": 3853112,
            "rate": 63152.75148479077
        },
        "data_received": {
            "count": 4238630,
            "rate": 69471.41609846242
        },
        "http_req_duration{expected_response:true}": {
            "avg": 8.027320635342841,
            "min": 0.084529,
            "med": 3.5108165,
            "max": 329.391118,
            "p(90)": 16.25110920000001,
            "p(95)": 21.232009950000027
        },
        "http_req_tls_handshaking": {
            "max": 0,
            "p(90)": 0,
            "p(95)": 0,
            "avg": 0,
            "min": 0,
            "med": 0
        },
        "http_req_receiving": {
            "med": 0.048988000000000004,
            "max": 2.838329,
            "p(90)": 0.08630940000000002,
            "p(95)": 0.10720275,
            "avg": 0.05761578199932479,
            "min": 0.00506
        },
        "http_req_duration": {
            "max": 329.391118,
            "p(90)": 16.25110920000001,
            "p(95)": 21.232009950000027,
            "avg": 8.027320635342841,
            "min": 0.084529,
            "med": 3.5108165,
            "thresholds": {
                "p(95)<300": false
            }
        },
        "http_req_failed": {
            "fails": 11844,
            "passes": 0,
            "thresholds": {
                "rate<0.01": false
            },
            "value": 0
        },
        "http_req_connecting": {
            "min": 0,
            "med": 0,
            "max": 1.503138,
            "p(90)": 0,
            "p(95)": 0,
            "avg": 0.002880244174265453
        },
        "vus": {
            "max": 100,
            "value": 3,
            "min": 3
        },
        "http_req_waiting": {
            "p(90)": 16.161188500000005,
            "p(95)": 21.07801730000002,
            "avg": 7.947855550742977,
            "min": 0.063653,
            "med": 3.4334755,
            "max": 329.357152
        },
        "http_req_sending": {
            "max": 2.548484,
            "p(90)": 0.03079120000000002,
            "p(95)": 0.03802040000000001,
            "avg": 0.021849302600472992,
            "min": 0.001977,
            "med": 0.017304
        },
        "iterations": {
            "count": 5922,
            "rate": 97.06195778709028
        },
        "vus_max": {
            "value": 100,
            "min": 100,
            "max": 100
        },
        "checks": {
            "fails": 0,
            "passes": 5922,
            "value": 1
        },
        "http_req_blocked": {
            "med": 0.00455,
            "max": 1.574737,
            "p(90)": 0.007692400000000001,
            "p(95)": 0.008836700000000001,
            "avg": 0.008749162951705466,
            "min": 0.000495
        }
    }
}