{
    "root_group": {
        "name": "",
        "path": "",
        "id": "d41d8cd98f00b204e9800998ecf8427e",
        "groups": {},
        "checks": {
                "📦 статус 201": {
                    "fails": 0,
                    "name": "📦 статус 201",
                    "path": "::📦 статус 201",
                    "id": "70a1e9b1e2064741c325237b51506fdc",
                    "passes": 5910
                }
            }
    },
    "metrics": {
        "checks": {
            "passes": 5910,
            "fails": 0,
            "value": 1
        },
        "vus": {
            "value": 7,
            "min": 7,
            "max": 100
        },
        "http_req_failed": {
            "passes": 0,
            "fails": 11820,
            "thresholds": {
                "rate<0.01": false
            },
            "value": 0
        },
        "http_req_tls_handshaking": {
            "med": 0,
            "max": 0,
            "p(90)": 0,
            "p(95)": 0,
            "avg": 0,
            "min": 0
        },
        "data_sent": {
            "count": 3858590,
            "rate": 63248.442907744946
        },
        "iterations": {
            "count": 5910,
            "rate": 96.87432393303581
        },
        "http_req_blocked": {
            "p(90)": 0.008055,
            "p(95)": 0.009187,
            "avg": 0.02034094551607448,
            "min": 0.000543,
            "med": 0.0051354999999999994,
            "max": 10.075374
        },
        "http_req_waiting": {
            "min": 0.064582,
            "med": 3.600188,
            "max": 372.091856,
            "p(90)": 17.25777130000001,
            "p(95)": 22.42253119999999,
            "avg": 9.965078553299493
        },
        "http_reqs": {
            "count": 11820,
            "rate": 193.74864786607162
        },
        "data_received": {
            "count": 4236955,
            "rate": 69450.448588781
        },
        "http_req_duration{expected_response:true}": {
            "max": 372.123351,
            "p(90)": 17.3614743,
            "p(95)": 22.54700909999999,
            "avg": 10.057803795685249,
            "min": 0.087489,
            "med": 3.642821
        },
        "http_req_connecting": {
            "med": 0,
            "max": 0.954518,
            "p(90)": 0,
            "p(95)": 0,
            "avg": 0.0022381297800338398,
            "min": 0
        },
        "vus_max": {
            "max": 100,
            "value": 100,
            "min": 100
        },
        "iteration_duration": {
            "avg": 1020.914607934519,
            "min": 1002.965238,
            "med": 1010.0852964999999,
            "max": 1373.045538,
            "p(90)": 1024.1030099999998,
            "p(95)": 1040.33415205
        },
        "http_req_duration": {
            "p(95)": 22.54700909999999,
            "avg": 10.057803795685249,
            "min": 0.087489,
            "med": 3.642821,
            "max": 372.123351,
            "p(90)": 17.3614743,
            "thresholds": {
                "p(95)<300": false
            }
        },
        "http_req_sending": {
            "min": 0.002257,
            "med": 0.018943500000000002,
            "max": 9.950573,
            "p(90)": 0.032295500000000005,
            "p(95)": 0.03949744999999999,
            "avg": 0.030218735363790095
        },
        "http_req_receiving": {
            "avg": 0.06250650702199678,
            "min": 0.005612,
            "med": 0.0531585,
            "max": 5.135399,
            "p(90)": 0.09058500000000004,
            "p(95)": 0.11382769999999998
        }
    }
}