{
    "root_group": {
        "id": "d41d8cd98f00b204e9800998ecf8427e",
        "groups": {},
        "checks": {
                "статус 200": {
                    "fails": 0,
                    "name": "статус 200",
                    "path": "::статус 200",
                    "id": "63fd587a2004924fac2f18b343720cda",
                    "passes": 1222
                },
                "ответ не пустой": {
                    "name": "ответ не пустой",
                    "path": "::ответ не пустой",
                    "id": "1c568cf298ad7d73e64d124a4ad0618f",
                    "passes": 1222,
                    "fails": 0
                }
            },
        "name": "",
        "path": ""
    },
    "metrics": {
        "http_req_duration{expected_response:true}": {
            "avg": 4131.109606719325,
            "min": 362.199451,
            "med": 4180.718828,
            "max": 6002.715705,
            "p(90)": 4455.6623458,
            "p(95)": 4566.44715555
        },
        "data_sent": {
            "rate": 1967.713154340399,
            "count": 128165
        },
        "http_req_duration": {
            "avg": 4131.109606719325,
            "min": 362.199451,
            "med": 4180.718828,
            "max": 6002.715705,
            "p(90)": 4455.6623458,
            "p(95)": 4566.44715555,
            "thresholds": {
                "p(95)<300": true
            }
        },
        "http_reqs": {
            "count": 1222,
            "rate": 18.76132699726109,
            "thresholds": {
                "count>1000": false
            }
        },
        "vus_max": {
            "value": 100,
            "min": 100,
            "max": 100
        },
        "iteration_duration": {
            "max": 7004.342401,
            "p(90)": 5456.7990454,
            "p(95)": 5567.8115967,
            "avg": 5132.175383640754,
            "min": 1363.796034,
            "med": 5181.3697059999995
        },
        "http_req_failed": {
            "passes": 0,
            "fails": 1222,
            "thresholds": {
                "rate<0.01": false
            },
            "value": 0
        },
        "vus": {
            "max": 100,
            "value": 8,
            "min": 8
        },
        "http_req_tls_handshaking": {
            "p(90)": 0,
            "p(95)": 0,
            "avg": 0,
            "min": 0,
            "med": 0,
            "max": 0
        },
        "http_req_blocked": {
            "avg": 0.0476901448445173,
            "min": 0.003992,
            "med": 0.006983,
            "max": 5.269344,
            "p(90)": 0.02938180000000016,
            "p(95)": 0.2135411500000008
        },
        "http_req_connecting": {
            "max": 5.227042,
            "p(90)": 0,
            "p(95)": 0.15758345000000007,
            "avg": 0.03640173404255318,
            "min": 0,
            "med": 0
        },
        "checks": {
            "passes": 2444,
            "fails": 0,
            "value": 1
        },
        "http_req_sending": {
            "avg": 0.04757251309328974,
            "min": 0.010434,
            "med": 0.0214595,
            "max": 2.625917,
            "p(90)": 0.06341470000000002,
            "p(95)": 0.1243859
        },
        "data_received": {
            "count": 7975815,
            "rate": 122452.4331298363
        },
        "iterations": {
            "count": 1222,
            "rate": 18.76132699726109
        },
        "http_req_waiting": {
            "med": 4180.569545,
            "max": 6002.482426,
            "p(90)": 4455.5125491,
            "p(95)": 4566.3292816,
            "avg": 4130.919209720133,
            "min": 361.92058
        },
        "http_req_receiving": {
            "avg": 0.14282448608837972,
            "min": 0.031359,
            "med": 0.1303935,
            "max": 3.344538,
            "p(90)": 0.1657579,
            "p(95)": 0.18678020000000006
        }
    }
}