{
    "metrics": {
        "iteration_duration": {
            "p(95)": 5631.9176785,
            "avg": 5174.71840123204,
            "min": 1393.614553,
            "med": 5235.304037,
            "max": 6996.873018,
            "p(90)": 5502.355429
        },
        "http_req_duration": {
            "max": 5995.411235,
            "p(90)": 4501.326014,
            "p(95)": 4630.599478,
            "avg": 4173.608476142033,
            "min": 392.494437,
            "med": 4234.333667,
            "thresholds": {
                "p(95)<300": true
            }
        },
        "http_req_waiting": {
            "p(95)": 4630.410008,
            "avg": 4173.353267455,
            "min": 392.251927,
            "med": 4234.172157,
            "max": 5995.071707,
            "p(90)": 4501.100622
        },
        "http_req_receiving": {
            "med": 0.133023,
            "max": 2.168161,
            "p(90)": 0.173103,
            "p(95)": 0.2048935,
            "avg": 0.14006765730800974,
            "min": 0.051976
        },
        "data_received": {
            "count": 7889602,
            "rate": 121108.26304164181
        },
        "vus": {
            "min": 6,
            "max": 100,
            "value": 6
        },
        "iterations": {
            "count": 1211,
            "rate": 18.589290884816272
        },
        "http_req_failed": {
            "passes": 0,
            "fails": 1211,
            "thresholds": {
                "rate<0.01": false
            },
            "value": 0
        },
        "checks": {
            "passes": 2422,
            "fails": 0,
            "value": 1
        },
        "data_sent": {
            "count": 127015,
            "rate": 1949.7264919363658
        },
        "http_req_blocked": {
            "avg": 0.09442199834847254,
            "min": 0.005123,
            "med": 0.007048,
            "max": 5.076425,
            "p(90)": 0.028986,
            "p(95)": 0.45239399999999996
        },
        "http_req_duration{expected_response:true}": {
            "avg": 4173.608476142033,
            "min": 392.494437,
            "med": 4234.333667,
            "max": 5995.411235,
            "p(90)": 4501.326014,
            "p(95)": 4630.599478
        },
        "http_req_connecting": {
            "p(95)": 0.334824,
            "avg": 0.0795847539223782,
            "min": 0,
            "med": 0,
            "max": 5.030499,
            "p(90)": 0
        },
        "http_reqs": {
            "count": 1211,
            "rate": 18.589290884816272,
            "thresholds": {
                "count>1000": false
            }
        },
        "http_req_tls_handshaking": {
            "p(95)": 0,
            "avg": 0,
            "min": 0,
            "med": 0,
            "max": 0,
            "p(90)": 0
        },
        "http_req_sending": {
            "max": 5.322234,
            "p(90)": 0.07039,
            "p(95)": 0.442404,
            "avg": 0.11514102972749801,
            "min": 0.012753,
            "med": 0.021735
        },
        "vus_max": {
            "min": 100,
            "max": 100,
            "value": 100
        }
    },
    "root_group": {
        "name": "",
        "path": "",
        "id": "d41d8cd98f00b204e9800998ecf8427e",
        "groups": {},
        "checks": {
                "статус 200": {
                    "path": "::статус 200",
                    "id": "63fd587a2004924fac2f18b343720cda",
                    "passes": 1211,
                    "fails": 0,
                    "name": "статус 200"
                },
                "ответ не пустой": {
                    "path": "::ответ не пустой",
                    "id": "1c568cf298ad7d73e64d124a4ad0618f",
                    "passes": 1211,
                    "fails": 0,
                    "name": "ответ не пустой"
                }
            }
    }
}