{
    "metrics": {
        "iterations": {
            "count": 1237,
            "rate": 18.991864722253585
        },
        "http_req_duration{expected_response:true}": {
            "min": 383.380366,
            "med": 4139.670375,
            "max": 5518.877499,
            "p(90)": 4369.2818268,
            "p(95)": 4450.256230800001,
            "avg": 4068.06653005901
        },
        "http_req_sending": {
            "min": 0.009505,
            "med": 0.022909,
            "max": 1.626319,
            "p(90)": 0.06050720000000002,
            "p(95)": 0.08291820000000003,
            "avg": 0.03856390460792243
        },
        "iteration_duration": {
            "max": 6520.108366,
            "p(90)": 5370.2371992,
            "p(95)": 5451.4354142,
            "avg": 5069.156071216653,
            "min": 1384.61077,
            "med": 5140.510247
        },
        "http_req_blocked": {
            "avg": 0.044844652384801925,
            "min": 0.003814,
            "med": 0.007113,
            "max": 2.896797,
            "p(90)": 0.02988060000000014,
            "p(95)": 0.1748006
        },
        "http_req_tls_handshaking": {
            "p(95)": 0,
            "avg": 0,
            "min": 0,
            "med": 0,
            "max": 0,
            "p(90)": 0
        },
        "vus": {
            "min": 8,
            "max": 100,
            "value": 8
        },
        "data_sent": {
            "count": 129740,
            "rate": 1991.9195869564917
        },
        "data_received": {
            "count": 8078286,
            "rate": 124027.25537564675
        },
        "checks": {
            "passes": 2474,
            "fails": 0,
            "value": 1
        },
        "http_req_duration": {
            "max": 5518.877499,
            "p(90)": 4369.2818268,
            "p(95)": 4450.256230800001,
            "avg": 4068.06653005901,
            "min": 383.380366,
            "med": 4139.670375,
            "thresholds": {
                "p(95)<300": true
            }
        },
        "http_req_failed": {
            "passes": 0,
            "fails": 1237,
            "thresholds": {
                "rate<0.01": false
            },
            "value": 0
        },
        "http_reqs": {
            "count": 1237,
            "rate": 18.991864722253585,
            "thresholds": {
                "count>1000": false
            }
        },
        "http_req_receiving": {
            "med": 0.133512,
            "max": 1.623163,
            "p(90)": 0.16992660000000004,
            "p(95)": 0.19804500000000008,
            "avg": 0.13815142845594153,
            "min": 0.040721
        },
        "vus_max": {
            "min": 100,
            "max": 100,
            "value": 100
        },
        "http_req_connecting": {
            "max": 2.859423,
            "p(90)": 0,
            "p(95)": 0.12054200000000004,
            "avg": 0.01605725464834277,
            "min": 0,
            "med": 0
        },
        "http_req_waiting": {
            "avg": 4067.8898147259556,
            "min": 383.155924,
            "med": 4139.498998,
            "max": 5518.703805,
            "p(90)": 4369.1297978,
            "p(95)": 4450.1068444
        }
    },
    "root_group": {
        "name": "",
        "path": "",
        "id": "d41d8cd98f00b204e9800998ecf8427e",
        "groups": {},
        "checks": {
                "статус 200": {
                    "passes": 1237,
                    "fails": 0,
                    "name": "статус 200",
                    "path": "::статус 200",
                    "id": "63fd587a2004924fac2f18b343720cda"
                },
                "ответ не пустой": {
                    "passes": 1237,
                    "fails": 0,
                    "name": "ответ не пустой",
                    "path": "::ответ не пустой",
                    "id": "1c568cf298ad7d73e64d124a4ad0618f"
                }
            }
    }
}