{
    "root_group": {
        "name": "",
        "path": "",
        "id": "d41d8cd98f00b204e9800998ecf8427e",
        "groups": {},
        "checks": {
                "статус 200": {
                    "name": "статус 200",
                    "path": "::статус 200",
                    "id": "63fd587a2004924fac2f18b343720cda",
                    "passes": 1229,
                    "fails": 0
                },
                "ответ не пустой": {
                    "name": "ответ не пустой",
                    "path": "::ответ не пустой",
                    "id": "1c568cf298ad7d73e64d124a4ad0618f",
                    "passes": 1229,
                    "fails": 0
                }
            }
    },
    "metrics": {
        "vus": {
            "value": 6,
            "min": 6,
            "max": 100
        },
        "http_req_receiving": {
            "min": 0.054298,
            "med": 0.130137,
            "max": 2.96765,
            "p(90)": 0.16376659999999998,
            "p(95)": 0.18031199999999997,
            "avg": 0.1381977518307567
        },
        "checks": {
            "passes": 2458,
            "fails": 0,
            "value": 1
        },
        "iterations": {
            "count": 1229,
            "rate": 18.86646830788047
        },
        "http_req_duration{expected_response:true}": {
            "p(90)": 4410.5956426,
            "p(95)": 4495.0611548,
            "avg": 4099.9716319194495,
            "min": 386.387217,
            "med": 4164.291377,
            "max": 5634.350991
        },
        "data_sent": {
            "count": 128906,
            "rate": 1978.8453732267208
        },
        "http_req_duration": {
            "max": 5634.350991,
            "p(90)": 4410.5956426,
            "p(95)": 4495.0611548,
            "avg": 4099.9716319194495,
            "min": 386.387217,
            "med": 4164.291377,
            "thresholds": {
                "p(95)<300": true
            }
        },
        "http_reqs": {
            "count": 1229,
            "rate": 18.86646830788047,
            "thresholds": {
                "count>1000": false
            }
        },
        "http_req_failed": {
            "passes": 0,
            "fails": 1229,
            "thresholds": {
                "rate<0.01": false
            },
            "value": 0
        },
        "http_req_blocked": {
            "p(90)": 0.028536600000000027,
            "p(95)": 3.001414999999999,
            "avg": 0.35968022701383245,
            "min": 0.003452,
            "med": 0.006982,
            "max": 31.306654
        },
        "data_received": {
            "count": 7998805,
            "rate": 122790.23680505763
        },
        "http_req_connecting": {
            "avg": 0.3141838380797399,
            "min": 0,
            "med": 0,
            "max": 31.244523,
            "p(90)": 0,
            "p(95)": 2.566314799999995
        },
        "http_req_waiting": {
            "avg": 4099.655701147272,
            "min": 386.150302,
            "med": 4164.064197,
            "max": 5634.158243,
            "p(90)": 4410.4335762,
            "p(95)": 4494.8871888
        },
        "http_req_tls_handshaking": {
            "p(90)": 0,
            "p(95)": 0,
            "avg": 0,
            "min": 0,
            "med": 0,
            "max": 0
        },
        "vus_max": {
            "value": 100,
            "min": 100,
            "max": 100
        },
        "iteration_duration": {
            "avg": 5101.360896621636,
            "min": 1388.410622,
            "med": 5165.774174,
            "max": 6635.699854,
            "p(90)": 5412.668439,
            "p(95)": 5496.046516
        },
        "http_req_sending": {
            "med": 0.022258,
            "max": 9.953024,
            "p(90)": 0.07146520000000003,
            "p(95)": 0.35918339999999993,
            "avg": 0.17773302034174127,
            "min": 0.011064
        }
    }
}