{
    "metrics": {
        "iteration_duration": {
            "avg": 5269.61092094379,
            "min": 1397.382891,
            "med": 5358.669872500001,
            "max": 6640.541456,
            "p(90)": 5630.2568498,
            "p(95)": 5723.05717625
        },
        "vus_max": {
            "value": 100,
            "min": 100,
            "max": 100
        },
        "data_sent": {
            "rate": 1911.598925784848,
            "count": 125025
        },
        "iterations": {
            "count": 1192,
            "rate": 18.225362283827543
        },
        "checks": {
            "passes": 2384,
            "fails": 0,
            "value": 1
        },
        "http_req_duration{expected_response:true}": {
            "min": 394.065248,
            "med": 4357.4734145,
            "max": 5639.47883,
            "p(90)": 4626.5344262,
            "p(95)": 4721.5400804500005,
            "avg": 4268.406587194635
        },
        "http_req_failed": {
            "passes": 0,
            "fails": 1192,
            "thresholds": {
                "rate<0.01": false
            },
            "value": 0
        },
        "http_req_waiting": {
            "avg": 4268.220080791102,
            "min": 393.800574,
            "med": 4357.3250255,
            "max": 5639.182634,
            "p(90)": 4626.386106100001,
            "p(95)": 4721.34773905
        },
        "data_received": {
            "rate": 118972.45870600386,
            "count": 7781199
        },
        "http_req_duration": {
            "avg": 4268.406587194635,
            "min": 394.065248,
            "med": 4357.4734145,
            "max": 5639.47883,
            "p(90)": 4626.5344262,
            "p(95)": 4721.5400804500005,
            "thresholds": {
                "p(95)<300": true
            }
        },
        "http_req_receiving": {
            "med": 0.1375925,
            "max": 2.00236,
            "p(90)": 0.1745602,
            "p(95)": 0.20506935000000007,
            "avg": 0.14357821560402687,
            "min": 0.040363
        },
        "vus": {
            "value": 12,
            "min": 12,
            "max": 100
        },
        "http_req_connecting": {
            "max": 2.821132,
            "p(90)": 0,
            "p(95)": 0.6541869500000014,
            "avg": 0.0868149966442953,
            "min": 0,
            "med": 0
        },
        "http_req_tls_handshaking": {
            "med": 0,
            "max": 0,
            "p(90)": 0,
            "p(95)": 0,
            "avg": 0,
            "min": 0
        },
        "http_reqs": {
            "count": 1192,
            "rate": 18.225362283827543,
            "thresholds": {
                "count>1000": false
            }
        },
        "http_req_blocked": {
            "min": 0.004135,
            "med": 0.007099,
            "max": 3.800512,
            "p(90)": 0.026619500000000035,
            "p(95)": 1.3780497500000022,
            "avg": 0.1699393129194632
        },
        "http_req_sending": {
            "min": 0.008736,
            "med": 0.022670000000000003,
            "max": 1.292237,
            "p(90)": 0.06568970000000002,
            "p(95)": 0.12706975000000004,
            "avg": 0.042928187919463116
        }
    },
    "root_group": {
        "name": "",
        "path": "",
        "id": "d41d8cd98f00b204e9800998ecf8427e",
        "groups": {},
        "checks": {
                "статус 200": {
                    "fails": 0,
                    "name": "статус 200",
                    "path": "::статус 200",
                    "id": "63fd587a2004924fac2f18b343720cda",
                    "passes": 1192
                },
                "ответ не пустой": {
                    "name": "ответ не пустой",
                    "path": "::ответ не пустой",
                    "id": "1c568cf298ad7d73e64d124a4ad0618f",
                    "passes": 1192,
                    "fails": 0
                }
            }
    }
}