{
    "metrics": {
        "http_req_receiving": {
            "p(95)": 0.2059448,
            "avg": 0.1564405812449475,
            "min": 0.05548,
            "med": 0.128756,
            "max": 12.635311,
            "p(90)": 0.17286460000000003
        },
        "http_req_blocked": {
            "avg": 0.07372247534357325,
            "min": 0.004465,
            "med": 0.006836,
            "max": 4.915817,
            "p(90)": 0.023970200000000004,
            "p(95)": 0.2275922000000001
        },
        "checks": {
            "passes": 2474,
            "fails": 0,
            "value": 1
        },
        "http_req_duration{expected_response:true}": {
            "max": 5349.251278,
            "p(90)": 4509.820591600001,
            "p(95)": 4625.0551806,
            "avg": 4070.179127340344,
            "min": 445.390902,
            "med": 4134.45296
        },
        "http_req_sending": {
            "p(90)": 0.06467580000000003,
            "p(95)": 0.11801160000000008,
            "avg": 0.04143707679870655,
            "min": 0.013649,
            "med": 0.023728,
            "max": 1.916277
        },
        "vus_max": {
            "value": 100,
            "min": 100,
            "max": 100
        },
        "data_sent": {
            "count": 129734,
            "rate": 1989.921737032115
        },
        "http_req_waiting": {
            "min": 444.938141,
            "med": 4134.267059,
            "max": 5349.099065,
            "p(90)": 4509.596332800001,
            "p(95)": 4624.8702118,
            "avg": 4069.9812496822983
        },
        "data_received": {
            "count": 8065266,
            "rate": 123708.88223862718
        },
        "iteration_duration": {
            "med": 5135.050023,
            "max": 6355.02784,
            "p(90)": 5511.0157594,
            "p(95)": 5625.9316988,
            "avg": 5071.276333544868,
            "min": 1446.822997
        },
        "http_reqs": {
            "count": 1237,
            "rate": 18.97369377887621,
            "thresholds": {
                "count>1000": false
            }
        },
        "iterations": {
            "count": 1237,
            "rate": 18.97369377887621
        },
        "http_req_duration": {
            "p(95)": 4625.0551806,
            "avg": 4070.179127340344,
            "min": 445.390902,
            "med": 4134.45296,
            "max": 5349.251278,
            "p(90)": 4509.820591600001,
            "thresholds": {
                "p(95)<300": true
            }
        },
        "vus": {
            "max": 100,
            "value": 8,
            "min": 8
        },
        "http_req_failed": {
            "passes": 0,
            "fails": 1237,
            "thresholds": {
                "rate<0.01": false
            },
            "value": 0
        },
        "http_req_tls_handshaking": {
            "avg": 0,
            "min": 0,
            "med": 0,
            "max": 0,
            "p(90)": 0,
            "p(95)": 0
        },
        "http_req_connecting": {
            "max": 0.639496,
            "p(90)": 0,
            "p(95)": 0.1396938000000005,
            "avg": 0.018517337914308818,
            "min": 0,
            "med": 0
        }
    },
    "root_group": {
        "name": "",
        "path": "",
        "id": "d41d8cd98f00b204e9800998ecf8427e",
        "groups": {},
        "checks": {
                "статус 200": {
                    "name": "статус 200",
                    "path": "::статус 200",
                    "id": "63fd587a2004924fac2f18b343720cda",
                    "passes": 1237,
                    "fails": 0
                },
                "ответ не пустой": {
                    "name": "ответ не пустой",
                    "path": "::ответ не пустой",
                    "id": "1c568cf298ad7d73e64d124a4ad0618f",
                    "passes": 1237,
                    "fails": 0
                }
            }
    }
}