{
    "root_group": {
        "name": "",
        "path": "",
        "id": "d41d8cd98f00b204e9800998ecf8427e",
        "groups": {},
        "checks": {
                "статус 200": {
                    "name": "статус 200",
                    "path": "::статус 200",
                    "id": "63fd587a2004924fac2f18b343720cda",
                    "passes": 1235,
                    "fails": 0
                },
                "ответ не пустой": {
                    "passes": 1235,
                    "fails": 0,
                    "name": "ответ не пустой",
                    "path": "::ответ не пустой",
                    "id": "1c568cf298ad7d73e64d124a4ad0618f"
                }
            }
    },
    "metrics": {
        "http_req_connecting": {
            "max": 5.095879,
            "p(90)": 0,
            "p(95)": 0.20416089999999995,
            "avg": 0.04244315546558704,
            "min": 0,
            "med": 0
        },
        "http_req_sending": {
            "med": 0.022862,
            "max": 6.413859,
            "p(90)": 0.06958480000000004,
            "p(95)": 0.1507863,
            "avg": 0.06168738137651808,
            "min": 0.010739
        },
        "iteration_duration": {
            "avg": 5074.243542460731,
            "min": 1477.511826,
            "med": 5112.134589,
            "max": 6405.905006,
            "p(90)": 5587.007352600001,
            "p(95)": 5690.672707899999
        },
        "http_req_tls_handshaking": {
            "min": 0,
            "med": 0,
            "max": 0,
            "p(90)": 0,
            "p(95)": 0,
            "avg": 0
        },
        "data_received": {
            "count": 8043256,
            "rate": 123389.98406123235
        },
        "vus": {
            "value": 8,
            "min": 8,
            "max": 100
        },
        "http_reqs": {
            "count": 1235,
            "rate": 18.94588837103058,
            "thresholds": {
                "count>1000": false
            }
        },
        "http_req_blocked": {
            "avg": 0.0674910396761135,
            "min": 0.003147,
            "med": 0.006792,
            "max": 6.214429,
            "p(90)": 0.025188400000000125,
            "p(95)": 0.30604759999999975
        },
        "data_sent": {
            "count": 129536,
            "rate": 1987.1859077164513
        },
        "checks": {
            "passes": 2470,
            "fails": 0,
            "value": 1
        },
        "vus_max": {
            "value": 100,
            "min": 100,
            "max": 100
        },
        "http_req_waiting": {
            "p(95)": 4689.220292999999,
            "avg": 4072.9333412445358,
            "min": 474.263801,
            "med": 4110.673235,
            "max": 5403.945523,
            "p(90)": 4585.604068199999
        },
        "http_req_duration": {
            "p(90)": 4585.702816999999,
            "p(95)": 4689.417702,
            "avg": 4073.1303763716533,
            "min": 474.45448,
            "med": 4110.863661,
            "max": 5404.310891,
            "thresholds": {
                "p(95)<300": true
            }
        },
        "http_req_receiving": {
            "p(90)": 0.16607940000000002,
            "p(95)": 0.1969802,
            "avg": 0.13534774574898772,
            "min": 0.053757,
            "med": 0.129187,
            "max": 2.373593
        },
        "iterations": {
            "count": 1235,
            "rate": 18.94588837103058
        },
        "http_req_duration{expected_response:true}": {
            "avg": 4073.1303763716533,
            "min": 474.45448,
            "med": 4110.863661,
            "max": 5404.310891,
            "p(90)": 4585.702816999999,
            "p(95)": 4689.417702
        },
        "http_req_failed": {
            "passes": 0,
            "fails": 1235,
            "thresholds": {
                "rate<0.01": false
            },
            "value": 0
        }
    }
}