{
    "metrics": {
        "iterations": {
            "count": 5250,
            "rate": 85.98204136453344
        },
        "http_req_receiving": {
            "avg": 0.16416437428571407,
            "min": 0.018974,
            "med": 0.0916695,
            "max": 38.58263,
            "p(90)": 0.2632266000000002,
            "p(95)": 0.46206805000000073
        },
        "iteration_duration": {
            "avg": 1152.2258736196156,
            "min": 1012.482128,
            "med": 1162.3432109999999,
            "max": 1399.459626,
            "p(90)": 1269.2325481,
            "p(95)": 1287.4227774
        },
        "http_req_duration": {
            "max": 394.16848,
            "p(90)": 263.462522,
            "p(95)": 280.74240665,
            "avg": 148.4432303834284,
            "min": 12.07853,
            "med": 158.860001,
            "thresholds": {
                "p(95)<500": false
            }
        },
        "http_req_failed": {
            "passes": 0,
            "fails": 5250,
            "thresholds": {
                "rate<0.01": false
            },
            "value": 0
        },
        "http_req_blocked": {
            "p(90)": 0.021453300000000012,
            "p(95)": 0.03287945000000002,
            "avg": 0.05599805885714255,
            "min": 0.004326,
            "med": 0.015185500000000001,
            "max": 5.630317
        },
        "http_req_tls_handshaking": {
            "max": 0,
            "p(90)": 0,
            "p(95)": 0,
            "avg": 0,
            "min": 0,
            "med": 0
        },
        "data_sent": {
            "rate": 14977.563902219385,
            "count": 914519
        },
        "checks": {
            "passes": 5250,
            "fails": 0,
            "value": 1
        },
        "http_req_duration{expected_response:true}": {
            "min": 12.07853,
            "med": 158.860001,
            "max": 394.16848,
            "p(90)": 263.462522,
            "p(95)": 280.74240665,
            "avg": 148.4432303834284
        },
        "http_req_sending": {
            "p(95)": 0.5792090000000001,
            "avg": 0.21437340457142914,
            "min": 0.016276,
            "med": 0.0605375,
            "max": 43.29009,
            "p(90)": 0.19114050000000032
        },
        "http_reqs": {
            "count": 5250,
            "rate": 85.98204136453344,
            "thresholds": {
                "count>1000": false
            }
        },
        "http_req_connecting": {
            "avg": 0.01885744723809524,
            "min": 0,
            "med": 0,
            "max": 5.214155,
            "p(90)": 0,
            "p(95)": 0
        },
        "data_received": {
            "count": 483000,
            "rate": 7910.347805537078
        },
        "http_req_waiting": {
            "min": 11.971788,
            "med": 158.261078,
            "max": 394.045796,
            "p(90)": 262.9266328,
            "p(95)": 280.464716,
            "avg": 148.06469260457126
        },
        "vus": {
            "min": 12,
            "max": 100,
            "value": 12
        },
        "vus_max": {
            "value": 100,
            "min": 100,
            "max": 100
        }
    },
    "root_group": {
        "id": "d41d8cd98f00b204e9800998ecf8427e",
        "groups": {},
        "checks": {
                "статус 201": {
                    "id": "c314df9557299c13c0b7848462734a62",
                    "passes": 5250,
                    "fails": 0,
                    "name": "статус 201",
                    "path": "::статус 201"
                }
            },
        "name": "",
        "path": ""
    }
}