{
    "root_group": {
        "path": "",
        "id": "d41d8cd98f00b204e9800998ecf8427e",
        "groups": {},
        "checks": {
                "статус 201": {
                    "name": "статус 201",
                    "path": "::статус 201",
                    "id": "c314df9557299c13c0b7848462734a62",
                    "passes": 5279,
                    "fails": 0
                }
            },
        "name": ""
    },
    "metrics": {
        "http_req_duration": {
            "avg": 140.03775720003793,
            "min": 11.329861,
            "med": 136.149324,
            "max": 508.110658,
            "p(90)": 253.9758156,
            "p(95)": 290.3052553999999,
            "thresholds": {
                "p(95)<500": false
            }
        },
        "vus_max": {
            "max": 100,
            "value": 100,
            "min": 100
        },
        "http_req_sending": {
            "p(90)": 0.19473179999999998,
            "p(95)": 0.5971538999999993,
            "avg": 0.2859701333585901,
            "min": 0.015819,
            "med": 0.061548,
            "max": 78.776916
        },
        "http_req_waiting": {
            "p(95)": 290.1083913,
            "avg": 139.6024611585526,
            "min": 11.264043,
            "med": 135.626122,
            "max": 505.925655,
            "p(90)": 253.523313
        },
        "data_sent": {
            "rate": 15064.251414331527,
            "count": 919773
        },
        "http_req_failed": {
            "passes": 0,
            "fails": 5279,
            "thresholds": {
                "rate<0.01": false
            },
            "value": 0
        },
        "vus": {
            "value": 17,
            "min": 17,
            "max": 100
        },
        "data_received": {
            "rate": 7954.380978671437,
            "count": 485668
        },
        "http_req_receiving": {
            "avg": 0.14932590812653945,
            "min": 0.018388,
            "med": 0.092399,
            "max": 8.365701,
            "p(90)": 0.261973,
            "p(95)": 0.4270687999999995
        },
        "iterations": {
            "count": 5279,
            "rate": 86.46066281164606
        },
        "http_req_connecting": {
            "p(95)": 0,
            "avg": 0.15946462606554274,
            "min": 0,
            "med": 0,
            "max": 43.588184,
            "p(90)": 0
        },
        "http_reqs": {
            "count": 5279,
            "rate": 86.46066281164606,
            "thresholds": {
                "count>1000": false
            }
        },
        "http_req_blocked": {
            "med": 0.015046,
            "max": 62.470765,
            "p(90)": 0.021744399999999997,
            "p(95)": 0.04163939999999987,
            "avg": 0.25061652074256546,
            "min": 0.004359
        },
        "checks": {
            "fails": 0,
            "passes": 5279,
            "value": 1
        },
        "http_req_duration{expected_response:true}": {
            "min": 11.329861,
            "med": 136.149324,
            "max": 508.110658,
            "p(90)": 253.9758156,
            "p(95)": 290.3052553999999,
            "avg": 140.03775720003793
        },
        "http_req_tls_handshaking": {
            "max": 0,
            "p(90)": 0,
            "p(95)": 0,
            "avg": 0,
            "min": 0,
            "med": 0
        },
        "iteration_duration": {
            "p(90)": 1261.7270044,
            "p(95)": 1297.2890428999997,
            "avg": 1143.6577140721731,
            "min": 1011.903952,
            "med": 1139.943346,
            "max": 1538.562122
        }
    }
}