{
    "root_group": {
        "name": "",
        "path": "",
        "id": "d41d8cd98f00b204e9800998ecf8427e",
        "groups": {},
        "checks": {
                "статус 201": {
                    "name": "статус 201",
                    "path": "::статус 201",
                    "id": "c314df9557299c13c0b7848462734a62",
                    "passes": 5290,
                    "fails": 0
                }
            }
    },
    "metrics": {
        "vus_max": {
            "value": 100,
            "min": 100,
            "max": 100
        },
        "data_sent": {
            "count": 921575,
            "rate": 15106.29430486538
        },
        "iterations": {
            "rate": 86.71274380569987,
            "count": 5290
        },
        "http_req_duration{expected_response:true}": {
            "max": 474.889891,
            "p(90)": 253.4642276,
            "p(95)": 272.91227035000003,
            "avg": 139.84166435349755,
            "min": 11.367575,
            "med": 150.440285
        },
        "http_req_receiving": {
            "p(90)": 0.22962370000000026,
            "p(95)": 0.41542790000000057,
            "avg": 0.14686512816635208,
            "min": 0.017291,
            "med": 0.093986,
            "max": 10.201527
        },
        "http_req_tls_handshaking": {
            "avg": 0,
            "min": 0,
            "med": 0,
            "max": 0,
            "p(90)": 0,
            "p(95)": 0
        },
        "iteration_duration": {
            "p(90)": 1259.2228386000002,
            "p(95)": 1281.69729185,
            "avg": 1143.281367996215,
            "min": 1012.47521,
            "med": 1153.3173565,
            "max": 1489.687207
        },
        "http_req_connecting": {
            "avg": 0.09385814045368615,
            "min": 0,
            "med": 0,
            "max": 18.053992,
            "p(90)": 0,
            "p(95)": 0
        },
        "http_req_blocked": {
            "max": 26.303426,
            "p(90)": 0.0219733,
            "p(95)": 0.03400660000000005,
            "avg": 0.1428757064272208,
            "min": 0.00508,
            "med": 0.0152505
        },
        "vus": {
            "min": 5,
            "max": 100,
            "value": 5
        },
        "data_received": {
            "count": 486680,
            "rate": 7977.572430124388
        },
        "http_req_failed": {
            "passes": 0,
            "fails": 5290,
            "thresholds": {
                "rate<0.01": false
            },
            "value": 0
        },
        "http_req_sending": {
            "p(90)": 0.20009940000000032,
            "p(95)": 0.7717149000000014,
            "avg": 0.23723634725897919,
            "min": 0.017516,
            "med": 0.0615685,
            "max": 29.086704
        },
        "http_reqs": {
            "rate": 86.71274380569987,
            "count": 5290,
            "thresholds": {
                "count>1000": false
            }
        },
        "checks": {
            "passes": 5290,
            "fails": 0,
            "value": 1
        },
        "http_req_waiting": {
            "avg": 139.4575628780719,
            "min": 11.270253,
            "med": 150.1342655,
            "max": 474.759518,
            "p(90)": 252.49988640000004,
            "p(95)": 272.15514260000003
        },
        "http_req_duration": {
            "avg": 139.84166435349755,
            "min": 11.367575,
            "med": 150.440285,
            "max": 474.889891,
            "p(90)": 253.4642276,
            "p(95)": 272.91227035000003,
            "thresholds": {
                "p(95)<500": false
            }
        }
    }
}