{
    "metrics": {
        "iteration_duration": {
            "min": 1012.88857,
            "med": 1159.627663,
            "max": 1386.199131,
            "p(90)": 1259.5356398,
            "p(95)": 1287.984735,
            "avg": 1148.3925634700563
        },
        "http_req_sending": {
            "avg": 0.3952238016733221,
            "min": 0.016836,
            "med": 0.061014,
            "max": 59.275829,
            "p(90)": 0.1901733999999999,
            "p(95)": 0.6235640999999987
        },
        "vus_max": {
            "value": 100,
            "min": 100,
            "max": 100
        },
        "http_req_connecting": {
            "p(90)": 0,
            "p(95)": 0,
            "avg": 0.17031100513405584,
            "min": 0,
            "med": 0,
            "max": 94.091623
        },
        "checks": {
            "fails": 0,
            "passes": 5259,
            "value": 1
        },
        "http_req_failed": {
            "passes": 0,
            "fails": 5259,
            "thresholds": {
                "rate<0.01": false
            },
            "value": 0
        },
        "iterations": {
            "count": 5259,
            "rate": 86.17281746280771
        },
        "http_req_duration": {
            "min": 11.862932,
            "med": 155.305377,
            "max": 384.972085,
            "p(90)": 254.46574700000002,
            "p(95)": 274.9388554999999,
            "avg": 144.10935404563583,
            "thresholds": {
                "p(95)<500": false
            }
        },
        "http_reqs": {
            "count": 5259,
            "rate": 86.17281746280771,
            "thresholds": {
                "count>1000": false
            }
        },
        "http_req_duration{expected_response:true}": {
            "min": 11.862932,
            "med": 155.305377,
            "max": 384.972085,
            "p(90)": 254.46574700000002,
            "p(95)": 274.9388554999999,
            "avg": 144.10935404563583
        },
        "vus": {
            "min": 7,
            "max": 100,
            "value": 7
        },
        "data_sent": {
            "count": 916396,
            "rate": 15015.863326040528
        },
        "http_req_tls_handshaking": {
            "p(95)": 0,
            "avg": 0,
            "min": 0,
            "med": 0,
            "max": 0,
            "p(90)": 0
        },
        "http_req_receiving": {
            "p(95)": 0.41622079999999984,
            "avg": 0.1517217748621408,
            "min": 0.018236,
            "med": 0.089686,
            "max": 15.968805,
            "p(90)": 0.24480779999999996
        },
        "data_received": {
            "count": 483828,
            "rate": 7927.8992065783095
        },
        "http_req_blocked": {
            "avg": 0.49268238391329056,
            "min": 0.004798,
            "med": 0.015518,
            "max": 94.471636,
            "p(90)": 0.022523999999999995,
            "p(95)": 0.04472069999999983
        },
        "http_req_waiting": {
            "p(95)": 273.95618939999997,
            "avg": 143.56240846910083,
            "min": 11.802471,
            "med": 154.830268,
            "max": 384.873869,
            "p(90)": 253.50714739999998
        }
    },
    "root_group": {
        "name": "",
        "path": "",
        "id": "d41d8cd98f00b204e9800998ecf8427e",
        "groups": {},
        "checks": {
                "статус 201": {
                    "name": "статус 201",
                    "path": "::статус 201",
                    "id": "c314df9557299c13c0b7848462734a62",
                    "passes": 5259,
                    "fails": 0
                }
            }
    }
}