{
    "root_group": {
        "path": "",
        "id": "d41d8cd98f00b204e9800998ecf8427e",
        "groups": {},
        "checks": {
                "статус 201": {
                    "path": "::статус 201",
                    "id": "c314df9557299c13c0b7848462734a62",
                    "passes": 5251,
                    "fails": 0,
                    "name": "статус 201"
                }
            },
        "name": ""
    },
    "metrics": {
        "http_req_connecting": {
            "med": 0,
            "max": 16.536458,
            "p(90)": 0,
            "p(95)": 0,
            "avg": 0.05175378308893542,
            "min": 0
        },
        "http_req_tls_handshaking": {
            "avg": 0,
            "min": 0,
            "med": 0,
            "max": 0,
            "p(90)": 0,
            "p(95)": 0
        },
        "http_req_waiting": {
            "max": 687.350029,
            "p(90)": 267.951728,
            "p(95)": 297.86308099999997,
            "avg": 150.14383625747448,
            "min": 11.685065,
            "med": 147.423537
        },
        "checks": {
            "passes": 5251,
            "fails": 0,
            "value": 1
        },
        "iteration_duration": {
            "max": 1688.296276,
            "p(90)": 1274.141773,
            "p(95)": 1307.591015,
            "avg": 1154.1954322483346,
            "min": 1012.822864,
            "med": 1151.054888
        },
        "http_reqs": {
            "count": 5251,
            "rate": 86.092307659982,
            "thresholds": {
                "count>1000": false
            }
        },
        "vus": {
            "value": 16,
            "min": 16,
            "max": 100
        },
        "http_req_receiving": {
            "max": 12.560057,
            "p(90)": 0.25926,
            "p(95)": 0.433249,
            "avg": 0.14617690706532138,
            "min": 0.019205,
            "med": 0.087551
        },
        "vus_max": {
            "value": 100,
            "min": 100,
            "max": 100
        },
        "data_received": {
            "count": 483092,
            "rate": 7920.492304718343
        },
        "iterations": {
            "count": 5251,
            "rate": 86.092307659982
        },
        "http_req_duration{expected_response:true}": {
            "p(95)": 299.36749599999996,
            "avg": 150.5569718356503,
            "min": 11.796601,
            "med": 147.793901,
            "max": 687.494511,
            "p(90)": 268.885492
        },
        "http_req_blocked": {
            "avg": 0.1462275960769385,
            "min": 0.004114,
            "med": 0.015188,
            "max": 53.409729,
            "p(90)": 0.021945,
            "p(95)": 0.040769
        },
        "http_req_failed": {
            "passes": 0,
            "fails": 5251,
            "thresholds": {
                "rate<0.01": false
            },
            "value": 0
        },
        "http_req_sending": {
            "p(90)": 0.218531,
            "p(95)": 0.7988985,
            "avg": 0.2669586711102649,
            "min": 0.01485,
            "med": 0.0605,
            "max": 25.967655
        },
        "data_sent": {
            "count": 914986,
            "rate": 15001.57231319297
        },
        "http_req_duration": {
            "max": 687.494511,
            "p(90)": 268.885492,
            "p(95)": 299.36749599999996,
            "avg": 150.5569718356503,
            "min": 11.796601,
            "med": 147.793901,
            "thresholds": {
                "p(95)<500": false
            }
        }
    }
}