{
    "metrics": {
        "http_req_failed": {
            "passes": 0,
            "fails": 5949,
            "thresholds": {
                "rate<0.01": false
            },
            "value": 0
        },
        "http_req_sending": {
            "avg": 0.05275243435871574,
            "min": 0.006579,
            "med": 0.043937,
            "max": 2.862768,
            "p(90)": 0.0699018,
            "p(95)": 0.0889518
        },
        "data_received": {
            "count": 4319849,
            "rate": 70825.92905213237
        },
        "checks": {
            "passes": 11898,
            "fails": 0,
            "value": 1
        },
        "vus": {
            "value": 2,
            "min": 2,
            "max": 100
        },
        "vus_max": {
            "value": 100,
            "min": 100,
            "max": 100
        },
        "http_req_receiving": {
            "med": 0.140829,
            "max": 6.278708,
            "p(90)": 0.2233992,
            "p(95)": 0.3028913999999999,
            "avg": 0.16183655252983742,
            "min": 0.017358
        },
        "http_reqs": {
            "count": 5949,
            "rate": 97.53661573150717,
            "thresholds": {
                "count>1000": false
            }
        },
        "iterations": {
            "count": 5949,
            "rate": 97.53661573150717
        },
        "http_req_duration{expected_response:true}": {
            "avg": 15.132405746007723,
            "min": 1.308795,
            "med": 7.026483,
            "max": 272.430551,
            "p(90)": 29.586641599999997,
            "p(95)": 58.24096559999997
        },
        "http_req_connecting": {
            "p(95)": 0,
            "avg": 0.016332740964868038,
            "min": 0,
            "med": 0,
            "max": 3.13638,
            "p(90)": 0
        },
        "iteration_duration": {
            "med": 1008.294053,
            "max": 1273.976911,
            "p(90)": 1030.9934158,
            "p(95)": 1059.4208523999996,
            "avg": 1016.416180864177,
            "min": 1001.61694
        },
        "data_sent": {
            "count": 517563,
            "rate": 8485.685568641124
        },
        "http_req_tls_handshaking": {
            "avg": 0,
            "min": 0,
            "med": 0,
            "max": 0,
            "p(90)": 0,
            "p(95)": 0
        },
        "http_req_duration": {
            "med": 7.026483,
            "max": 272.430551,
            "p(90)": 29.586641599999997,
            "p(95)": 58.24096559999997,
            "avg": 15.132405746007723,
            "min": 1.308795,
            "thresholds": {
                "p(95)<300": false
            }
        },
        "http_req_blocked": {
            "min": 0.002293,
            "med": 0.014457,
            "max": 4.266104,
            "p(90)": 0.0203292,
            "p(95)": 0.02512639999999995,
            "avg": 0.040768683812405525
        },
        "http_req_waiting": {
            "min": 1.262399,
            "med": 6.802232,
            "max": 272.377948,
            "p(90)": 29.184517199999988,
            "p(95)": 58.06683719999997,
            "avg": 14.917816759119196
        }
    },
    "root_group": {
        "path": "",
        "id": "d41d8cd98f00b204e9800998ecf8427e",
        "groups": {},
        "checks": {
                "статус 200": {
                    "path": "::статус 200",
                    "id": "63fd587a2004924fac2f18b343720cda",
                    "passes": 5949,
                    "fails": 0,
                    "name": "статус 200"
                },
                "ответ содержит orderId": {
                    "name": "ответ содержит orderId",
                    "path": "::ответ содержит orderId",
                    "id": "9b0caa480d77dd97e7e57f2f6d3f304a",
                    "passes": 5949,
                    "fails": 0
                }
            },
        "name": ""
    }
}