{
    "root_group": {
        "checks": {
            "статус 200": {
                "name": "статус 200",
                "path": "::статус 200",
                "id": "63fd587a2004924fac2f18b343720cda",
                "passes": 5956,
                "fails": 0
            },
            "ответ содержит orderId": {
                "name": "ответ содержит orderId",
                "path": "::ответ содержит orderId",
                "id": "9b0caa480d77dd97e7e57f2f6d3f304a",
                "passes": 5956,
                "fails": 0
            }
        },
        "name": "",
        "path": "",
        "id": "d41d8cd98f00b204e9800998ecf8427e",
        "groups": {}
    },
    "metrics": {
        "checks": {
            "passes": 11912,
            "fails": 0,
            "value": 1
        },
        "http_req_tls_handshaking": {
            "avg": 0,
            "min": 0,
            "med": 0,
            "max": 0,
            "p(90)": 0,
            "p(95)": 0
        },
        "http_req_blocked": {
            "avg": 0.023862667058428443,
            "min": 0.002546,
            "med": 0.014669999999999999,
            "max": 6.390759,
            "p(90)": 0.020299499999999998,
            "p(95)": 0.025716
        },
        "vus": {
            "value": 3,
            "min": 3,
            "max": 100
        },
        "http_req_duration": {
            "med": 6.9153424999999995,
            "max": 248.649187,
            "p(90)": 28.8961095,
            "p(95)": 64.95716375,
            "avg": 15.013202613666875,
            "min": 1.438795,
            "thresholds": {
                "p(95)<300": false
            }
        },
        "data_received": {
            "count": 4298287,
            "rate": 70473.47904858903
        },
        "http_req_failed": {
            "passes": 0,
            "fails": 5956,
            "thresholds": {
                "rate<0.01": false
            },
            "value": 0
        },
        "http_reqs": {
            "count": 5956,
            "rate": 97.6528652492019,
            "thresholds": {
                "count>1000": false
            }
        },
        "http_req_sending": {
            "p(95)": 0.09017800000000001,
            "avg": 0.06041901292813968,
            "min": 0.007214,
            "med": 0.044416,
            "max": 25.537149,
            "p(90)": 0.072477
        },
        "data_sent": {
            "count": 518172,
            "rate": 8495.799276680564
        },
        "http_req_waiting": {
            "med": 6.695327,
            "max": 248.503647,
            "p(90)": 28.453747,
            "p(95)": 64.81198475000001,
            "avg": 14.79603455120878,
            "min": 1.389238
        },
        "iteration_duration": {
            "avg": 1016.2054215164535,
            "min": 1001.650906,
            "med": 1008.183314,
            "max": 1249.08362,
            "p(90)": 1030.2958965,
            "p(95)": 1066.03463925
        },
        "http_req_duration{expected_response:true}": {
            "p(95)": 64.95716375,
            "avg": 15.013202613666875,
            "min": 1.438795,
            "med": 6.9153424999999995,
            "max": 248.649187,
            "p(90)": 28.8961095
        },
        "iterations": {
            "count": 5956,
            "rate": 97.6528652492019
        },
        "vus_max": {
            "value": 100,
            "min": 100,
            "max": 100
        },
        "http_req_connecting": {
            "med": 0,
            "max": 6.182989,
            "p(90)": 0,
            "p(95)": 0,
            "avg": 0.006594543821356613,
            "min": 0
        },
        "http_req_receiving": {
            "avg": 0.1567490495298857,
            "min": 0.018675,
            "med": 0.1389205,
            "max": 5.244518,
            "p(90)": 0.2194855,
            "p(95)": 0.2954805
        }
    }
}