{
    "root_group": {
        "id": "d41d8cd98f00b204e9800998ecf8427e",
        "groups": {},
        "checks": {
                "статус 200": {
                    "id": "63fd587a2004924fac2f18b343720cda",
                    "passes": 5954,
                    "fails": 0,
                    "name": "статус 200",
                    "path": "::статус 200"
                },
                "ответ содержит orderId": {
                    "name": "ответ содержит orderId",
                    "path": "::ответ содержит orderId",
                    "id": "9b0caa480d77dd97e7e57f2f6d3f304a",
                    "passes": 5954,
                    "fails": 0
                }
            },
        "name": "",
        "path": ""
    },
    "metrics": {
        "http_req_waiting": {
            "max": 231.099154,
            "p(90)": 31.47893219999999,
            "p(95)": 75.78219409999981,
            "avg": 14.740821654517967,
            "min": 1.393446,
            "med": 6.782088
        },
        "iteration_duration": {
            "p(90)": 1033.4956498,
            "p(95)": 1077.9115451,
            "avg": 1016.2087094192115,
            "min": 1001.741684,
            "med": 1008.290479,
            "max": 1232.210942
        },
        "http_req_tls_handshaking": {
            "avg": 0,
            "min": 0,
            "med": 0,
            "max": 0,
            "p(90)": 0,
            "p(95)": 0
        },
        "http_reqs": {
            "count": 5954,
            "rate": 97.61726941610996,
            "thresholds": {
                "count>1000": false
            }
        },
        "vus": {
            "value": 5,
            "min": 5,
            "max": 100
        },
        "http_req_connecting": {
            "p(95)": 0,
            "avg": 0.009917428787369831,
            "min": 0,
            "med": 0,
            "max": 4.970991,
            "p(90)": 0
        },
        "vus_max": {
            "value": 100,
            "min": 100,
            "max": 100
        },
        "http_req_failed": {
            "passes": 0,
            "fails": 5954,
            "thresholds": {
                "rate<0.01": false
            },
            "value": 0
        },
        "http_req_sending": {
            "avg": 0.07513222556264693,
            "min": 0.006038,
            "med": 0.043623999999999996,
            "max": 13.966183,
            "p(90)": 0.0709422,
            "p(95)": 0.08918644999999996
        },
        "checks": {
            "passes": 11908,
            "fails": 0,
            "value": 1
        },
        "http_req_blocked": {
            "avg": 0.03641489536446068,
            "min": 0.001969,
            "med": 0.014627999999999999,
            "max": 13.207177,
            "p(90)": 0.0202908,
            "p(95)": 0.025018999999999954
        },
        "data_received": {
            "count": 4333456,
            "rate": 71048.05875963357
        },
        "http_req_receiving": {
            "avg": 0.15768101746724922,
            "min": 0.01797,
            "med": 0.1342955,
            "max": 8.67107,
            "p(90)": 0.2215932,
            "p(95)": 0.2996231499999996
        },
        "data_sent": {
            "count": 517998,
            "rate": 8492.702439201566
        },
        "http_req_duration": {
            "med": 7.0129245000000004,
            "max": 231.395835,
            "p(90)": 31.822082099999978,
            "p(95)": 76.15435704999996,
            "avg": 14.97363489754787,
            "min": 1.441625,
            "thresholds": {
                "p(95)<300": false
            }
        },
        "iterations": {
            "count": 5954,
            "rate": 97.61726941610996
        },
        "http_req_duration{expected_response:true}": {
            "avg": 14.97363489754787,
            "min": 1.441625,
            "med": 7.0129245000000004,
            "max": 231.395835,
            "p(90)": 31.822082099999978,
            "p(95)": 76.15435704999996
        }
    }
}