{
    "metrics": {
        "http_req_duration": {
            "avg": 14.01820559299014,
            "min": 1.403347,
            "med": 6.877208,
            "max": 224.131101,
            "p(90)": 32.97345780000001,
            "p(95)": 57.75064399999998,
            "thresholds": {
                "p(95)<300": false
            }
        },
        "http_req_duration{expected_response:true}": {
            "avg": 14.01820559299014,
            "min": 1.403347,
            "med": 6.877208,
            "max": 224.131101,
            "p(90)": 32.97345780000001,
            "p(95)": 57.75064399999998
        },
        "data_sent": {
            "count": 518781,
            "rate": 8504.923467138156
        },
        "iteration_duration": {
            "min": 1001.64379,
            "med": 1008.126201,
            "max": 1229.956786,
            "p(90)": 1034.9533264,
            "p(95)": 1059.2325427,
            "avg": 1015.2441548282773
        },
        "vus_max": {
            "value": 100,
            "min": 100,
            "max": 100
        },
        "http_req_receiving": {
            "p(95)": 0.2758332999999997,
            "avg": 0.14906742579238635,
            "min": 0.018754,
            "med": 0.125156,
            "max": 23.826517,
            "p(90)": 0.2097974000000001
        },
        "http_req_sending": {
            "min": 0.007019,
            "med": 0.041286,
            "max": 5.33106,
            "p(90)": 0.06846800000000001,
            "p(95)": 0.08791129999999997,
            "avg": 0.050674528928392026
        },
        "http_req_waiting": {
            "min": 1.342656,
            "med": 6.668132,
            "max": 221.825099,
            "p(90)": 32.74313660000001,
            "p(95)": 57.66027669999996,
            "avg": 13.818463638269314
        },
        "checks": {
            "passes": 11926,
            "fails": 0,
            "value": 1
        },
        "data_received": {
            "count": 4324844,
            "rate": 70901.72390143751
        },
        "http_req_connecting": {
            "p(95)": 0,
            "avg": 0.034906860137514664,
            "min": 0,
            "med": 0,
            "max": 9.39052,
            "p(90)": 0
        },
        "http_req_tls_handshaking": {
            "med": 0,
            "max": 0,
            "p(90)": 0,
            "p(95)": 0,
            "avg": 0,
            "min": 0
        },
        "vus": {
            "value": 3,
            "min": 3,
            "max": 100
        },
        "http_req_failed": {
            "passes": 0,
            "fails": 5963,
            "thresholds": {
                "rate<0.01": false
            },
            "value": 0
        },
        "iterations": {
            "rate": 97.757741001588,
            "count": 5963
        },
        "http_req_blocked": {
            "med": 0.013835,
            "max": 9.434765,
            "p(90)": 0.0200148,
            "p(95)": 0.02491929999999999,
            "avg": 0.05384873352339417,
            "min": 0.002132
        },
        "http_reqs": {
            "count": 5963,
            "rate": 97.757741001588,
            "thresholds": {
                "count>1000": false
            }
        }
    },
    "root_group": {
        "checks": {
            "статус 200": {
                "passes": 5963,
                "fails": 0,
                "name": "статус 200",
                "path": "::статус 200",
                "id": "63fd587a2004924fac2f18b343720cda"
            },
            "ответ содержит orderId": {
                "path": "::ответ содержит orderId",
                "id": "9b0caa480d77dd97e7e57f2f6d3f304a",
                "passes": 5963,
                "fails": 0,
                "name": "ответ содержит orderId"
            }
        },
        "name": "",
        "path": "",
        "id": "d41d8cd98f00b204e9800998ecf8427e",
        "groups": {}
    }
}