{
    "root_group": {
        "checks": {
            "статус 200": {
                "name": "статус 200",
                "path": "::статус 200",
                "id": "63fd587a2004924fac2f18b343720cda",
                "passes": 5518,
                "fails": 0
            },
            "ответ не пустой": {
                "path": "::ответ не пустой",
                "id": "1c568cf298ad7d73e64d124a4ad0618f",
                "passes": 5518,
                "fails": 0,
                "name": "ответ не пустой"
            }
        },
        "name": "",
        "path": "",
        "id": "d41d8cd98f00b204e9800998ecf8427e",
        "groups": {}
    },
    "metrics": {
        "http_reqs": {
            "count": 5518,
            "rate": 90.42254888164443,
            "thresholds": {
                "count>1000": false
            }
        },
        "iterations": {
            "count": 5518,
            "rate": 90.42254888164443
        },
        "http_req_tls_handshaking": {
            "min": 0,
            "med": 0,
            "max": 0,
            "p(90)": 0,
            "p(95)": 0,
            "avg": 0
        },
        "http_req_waiting": {
            "avg": 96.02922409496162,
            "min": 10.539368,
            "med": 75.831986,
            "max": 673.05599,
            "p(90)": 177.83042090000004,
            "p(95)": 234.2140557
        },
        "data_sent": {
            "count": 578802,
            "rate": 9484.732174301116
        },
        "http_req_sending": {
            "avg": 0.052289921529539755,
            "min": 0.006271,
            "med": 0.0204065,
            "max": 35.865717,
            "p(90)": 0.06246720000000001,
            "p(95)": 0.09716414999999995
        },
        "http_req_receiving": {
            "p(90)": 0.5452261000000005,
            "p(95)": 1.0002549499999998,
            "avg": 0.3167976092787249,
            "min": 0.022629,
            "med": 0.12719,
            "max": 60.803483
        },
        "http_req_blocked": {
            "max": 4.833051,
            "p(90)": 0.0180492,
            "p(95)": 0.02335489999999999,
            "avg": 0.039060548749546925,
            "min": 0.002276,
            "med": 0.0065875
        },
        "http_req_duration{expected_response:true}": {
            "p(90)": 178.3579275,
            "p(95)": 234.63888044999996,
            "avg": 96.39831162577029,
            "min": 10.607764,
            "med": 76.43032,
            "max": 673.301376
        },
        "http_req_connecting": {
            "avg": 0.024658183762232715,
            "min": 0,
            "med": 0,
            "max": 3.83188,
            "p(90)": 0,
            "p(95)": 0
        },
        "vus_max": {
            "value": 100,
            "min": 100,
            "max": 100
        },
        "http_req_duration": {
            "avg": 96.39831162577029,
            "min": 10.607764,
            "med": 76.43032,
            "max": 673.301376,
            "p(90)": 178.3579275,
            "p(95)": 234.63888044999996,
            "thresholds": {
                "p(95)<300": false
            }
        },
        "iteration_duration": {
            "med": 1078.0037195,
            "max": 1675.366417,
            "p(90)": 1179.7195901,
            "p(95)": 1235.5992433,
            "avg": 1097.711755859728,
            "min": 1011.178887
        },
        "http_req_failed": {
            "passes": 0,
            "fails": 5518,
            "thresholds": {
                "rate<0.01": false
            },
            "value": 0
        },
        "checks": {
            "passes": 11036,
            "fails": 0,
            "value": 1
        },
        "vus": {
            "value": 1,
            "min": 1,
            "max": 100
        },
        "data_received": {
            "count": 34073507,
            "rate": 558356.8960269216
        }
    }
}