{
    "root_group": {
        "checks": {
            "статус 200": {
                "name": "статус 200",
                "path": "::статус 200",
                "id": "63fd587a2004924fac2f18b343720cda",
                "passes": 5588,
                "fails": 0
            },
            "ответ не пустой": {
                "name": "ответ не пустой",
                "path": "::ответ не пустой",
                "id": "1c568cf298ad7d73e64d124a4ad0618f",
                "passes": 5588,
                "fails": 0
            }
        },
        "name": "",
        "path": "",
        "id": "d41d8cd98f00b204e9800998ecf8427e",
        "groups": {}
    },
    "metrics": {
        "http_req_duration": {
            "avg": 78.97865808661408,
            "min": 10.602735,
            "med": 57.493567999999996,
            "max": 571.591207,
            "p(90)": 153.8441737,
            "p(95)": 207.80959164999993,
            "thresholds": {
                "p(95)<300": false
            }
        },
        "http_req_tls_handshaking": {
            "avg": 0,
            "min": 0,
            "med": 0,
            "max": 0,
            "p(90)": 0,
            "p(95)": 0
        },
        "checks": {
            "passes": 11176,
            "fails": 0,
            "value": 1
        },
        "http_req_receiving": {
            "avg": 0.28631160003579154,
            "min": 0.02149,
            "med": 0.1232405,
            "max": 17.584388,
            "p(90)": 0.5818558000000001,
            "p(95)": 1.0461625999999995
        },
        "vus_max": {
            "value": 100,
            "min": 100,
            "max": 100
        },
        "http_req_failed": {
            "passes": 0,
            "fails": 5588,
            "thresholds": {
                "rate<0.01": false
            },
            "value": 0
        },
        "vus": {
            "min": 6,
            "max": 100,
            "value": 6
        },
        "http_req_sending": {
            "p(90)": 0.05617340000000003,
            "p(95)": 0.08717374999999995,
            "avg": 0.03858536703650681,
            "min": 0.006641,
            "med": 0.0184315,
            "max": 5.459111
        },
        "http_req_blocked": {
            "avg": 0.045129858983536136,
            "min": 0.002316,
            "med": 0.0061825000000000005,
            "max": 12.002037,
            "p(90)": 0.0159436,
            "p(95)": 0.020631149999999984
        },
        "data_sent": {
            "count": 586135,
            "rate": 9606.20259763003
        },
        "data_received": {
            "count": 34439017,
            "rate": 564423.169688254
        },
        "http_reqs": {
            "count": 5588,
            "rate": 91.58207599879995,
            "thresholds": {
                "count>1000": false
            }
        },
        "http_req_duration{expected_response:true}": {
            "max": 571.591207,
            "p(90)": 153.8441737,
            "p(95)": 207.80959164999993,
            "avg": 78.97865808661408,
            "min": 10.602735,
            "med": 57.493567999999996
        },
        "iteration_duration": {
            "med": 1058.3988405,
            "max": 1572.251493,
            "p(90)": 1155.4754679,
            "p(95)": 1209.0548562,
            "avg": 1080.0379414983877,
            "min": 1011.056307
        },
        "http_req_connecting": {
            "avg": 0.026991746241947022,
            "min": 0,
            "med": 0,
            "max": 2.996271,
            "p(90)": 0,
            "p(95)": 0
        },
        "http_req_waiting": {
            "med": 57.126827000000006,
            "max": 571.185514,
            "p(90)": 153.19447000000002,
            "p(95)": 207.07581504999985,
            "avg": 78.65376111954195,
            "min": 10.540622
        },
        "iterations": {
            "count": 5588,
            "rate": 91.58207599879995
        }
    }
}