{
    "root_group": {
        "id": "d41d8cd98f00b204e9800998ecf8427e",
        "groups": {},
        "checks": {
                "статус 200": {
                    "id": "63fd587a2004924fac2f18b343720cda",
                    "passes": 5551,
                    "fails": 0,
                    "name": "статус 200",
                    "path": "::статус 200"
                },
                "ответ не пустой": {
                    "name": "ответ не пустой",
                    "path": "::ответ не пустой",
                    "id": "1c568cf298ad7d73e64d124a4ad0618f",
                    "passes": 5551,
                    "fails": 0
                }
            },
        "name": "",
        "path": ""
    },
    "metrics": {
        "iteration_duration": {
            "min": 1011.662834,
            "med": 1074.23394,
            "max": 1669.914368,
            "p(90)": 1168.939511,
            "p(95)": 1211.2931095,
            "avg": 1091.9458360243243
        },
        "vus": {
            "min": 4,
            "max": 100,
            "value": 4
        },
        "http_req_duration{expected_response:true}": {
            "p(90)": 167.732068,
            "p(95)": 209.80611199999998,
            "avg": 90.73414512087886,
            "min": 10.694217,
            "med": 73.330614,
            "max": 665.075103
        },
        "http_req_sending": {
            "max": 11.876696,
            "p(90)": 0.061863,
            "p(95)": 0.1021575,
            "avg": 0.12272858800216224,
            "min": 0.006585,
            "med": 0.01938
        },
        "http_req_duration": {
            "min": 10.694217,
            "med": 73.330614,
            "max": 665.075103,
            "p(90)": 167.732068,
            "p(95)": 209.80611199999998,
            "avg": 90.73414512087886,
            "thresholds": {
                "p(95)<300": false
            }
        },
        "checks": {
            "passes": 11102,
            "fails": 0,
            "value": 1
        },
        "data_sent": {
            "rate": 9528.558646587158,
            "count": 582205
        },
        "http_req_failed": {
            "passes": 0,
            "fails": 5551,
            "thresholds": {
                "rate<0.01": false
            },
            "value": 0
        },
        "http_req_connecting": {
            "p(95)": 0,
            "avg": 0.034008697351828515,
            "min": 0,
            "med": 0,
            "max": 6.93704,
            "p(90)": 0
        },
        "vus_max": {
            "max": 100,
            "value": 100,
            "min": 100
        },
        "http_req_waiting": {
            "med": 72.94076,
            "max": 654.805384,
            "p(90)": 167.54453,
            "p(95)": 209.0588745,
            "avg": 90.32995542442808,
            "min": 10.58433
        },
        "data_received": {
            "count": 34216862,
            "rate": 560004.425020705
        },
        "http_req_blocked": {
            "max": 15.917095,
            "p(90)": 0.017351,
            "p(95)": 0.023063,
            "avg": 0.0754776058367865,
            "min": 0.002368,
            "med": 0.006338
        },
        "http_req_receiving": {
            "p(95)": 0.9571989999999999,
            "avg": 0.2814611084489279,
            "min": 0.023749,
            "med": 0.132259,
            "max": 13.968424,
            "p(90)": 0.543208
        },
        "iterations": {
            "count": 5551,
            "rate": 90.8494929573008
        },
        "http_reqs": {
            "count": 5551,
            "rate": 90.8494929573008,
            "thresholds": {
                "count>1000": false
            }
        },
        "http_req_tls_handshaking": {
            "p(95)": 0,
            "avg": 0,
            "min": 0,
            "med": 0,
            "max": 0,
            "p(90)": 0
        }
    }
}