{
    "metrics": {
        "http_reqs": {
            "count": 5490,
            "rate": 89.97213823208172,
            "thresholds": {
                "count>1000": false
            }
        },
        "http_req_connecting": {
            "avg": 0.005312804918032787,
            "min": 0,
            "med": 0,
            "max": 0.989331,
            "p(90)": 0,
            "p(95)": 0
        },
        "data_sent": {
            "count": 575860,
            "rate": 9437.405377472965
        },
        "http_req_sending": {
            "avg": 0.05611864280510023,
            "min": 0.005803,
            "med": 0.0219695,
            "max": 41.841555,
            "p(90)": 0.065013,
            "p(95)": 0.09567835000000002
        },
        "checks": {
            "fails": 0,
            "passes": 10980,
            "value": 1
        },
        "iteration_duration": {
            "p(95)": 1219.9146389500002,
            "avg": 1102.6374601666655,
            "min": 1011.02329,
            "med": 1088.7167755,
            "max": 1642.220842,
            "p(90)": 1179.5712153000002
        },
        "data_received": {
            "count": 33832831,
            "rate": 554464.8720427431
        },
        "http_req_duration": {
            "avg": 101.30725789398906,
            "min": 10.845146,
            "med": 87.3118135,
            "max": 640.861337,
            "p(90)": 178.32792670000003,
            "p(95)": 218.59008415000002,
            "thresholds": {
                "p(95)<300": false
            }
        },
        "vus": {
            "value": 9,
            "min": 9,
            "max": 100
        },
        "http_req_waiting": {
            "p(90)": 177.61446520000004,
            "p(95)": 218.42061635,
            "avg": 100.9317957633879,
            "min": 10.771102,
            "med": 86.972581,
            "max": 639.498947
        },
        "iterations": {
            "rate": 89.97213823208172,
            "count": 5490
        },
        "http_req_blocked": {
            "avg": 0.0221848746812387,
            "min": 0.002343,
            "med": 0.006777,
            "max": 8.047926,
            "p(90)": 0.018264600000000002,
            "p(95)": 0.023321550000000003
        },
        "http_req_receiving": {
            "avg": 0.3193434877959929,
            "min": 0.023248,
            "med": 0.130723,
            "max": 42.26939,
            "p(90)": 0.5597418000000006,
            "p(95)": 0.9622581500000008
        },
        "http_req_failed": {
            "passes": 0,
            "fails": 5490,
            "thresholds": {
                "rate<0.01": false
            },
            "value": 0
        },
        "http_req_duration{expected_response:true}": {
            "avg": 101.30725789398906,
            "min": 10.845146,
            "med": 87.3118135,
            "max": 640.861337,
            "p(90)": 178.32792670000003,
            "p(95)": 218.59008415000002
        },
        "http_req_tls_handshaking": {
            "avg": 0,
            "min": 0,
            "med": 0,
            "max": 0,
            "p(90)": 0,
            "p(95)": 0
        },
        "vus_max": {
            "value": 100,
            "min": 100,
            "max": 100
        }
    },
    "root_group": {
        "name": "",
        "path": "",
        "id": "d41d8cd98f00b204e9800998ecf8427e",
        "groups": {},
        "checks": {
                "статус 200": {
                    "name": "статус 200",
                    "path": "::статус 200",
                    "id": "63fd587a2004924fac2f18b343720cda",
                    "passes": 5490,
                    "fails": 0
                },
                "ответ не пустой": {
                    "name": "ответ не пустой",
                    "path": "::ответ не пустой",
                    "id": "1c568cf298ad7d73e64d124a4ad0618f",
                    "passes": 5490,
                    "fails": 0
                }
            }
    }
}