{
    "root_group": {
        "path": "",
        "id": "d41d8cd98f00b204e9800998ecf8427e",
        "groups": {},
        "checks": {
                "статус 200": {
                    "name": "статус 200",
                    "path": "::статус 200",
                    "id": "63fd587a2004924fac2f18b343720cda",
                    "passes": 5534,
                    "fails": 0
                },
                "ответ не пустой": {
                    "passes": 5534,
                    "fails": 0,
                    "name": "ответ не пустой",
                    "path": "::ответ не пустой",
                    "id": "1c568cf298ad7d73e64d124a4ad0618f"
                }
            },
        "name": ""
    },
    "metrics": {
        "iterations": {
            "count": 5534,
            "rate": 90.55352090186553
        },
        "http_req_waiting": {
            "min": 9.844972,
            "med": 80.725944,
            "max": 599.046978,
            "p(90)": 164.1874752,
            "p(95)": 194.47803879999984,
            "avg": 93.7202076337189
        },
        "http_req_connecting": {
            "avg": 0.005084239067582218,
            "min": 0,
            "med": 0,
            "max": 2.639984,
            "p(90)": 0,
            "p(95)": 0
        },
        "http_req_receiving": {
            "p(90)": 0.5332414999999999,
            "p(95)": 0.9078220999999989,
            "avg": 0.2668528913986268,
            "min": 0.020112,
            "med": 0.1394845,
            "max": 15.934215
        },
        "checks": {
            "passes": 11068,
            "fails": 0,
            "value": 1
        },
        "http_req_failed": {
            "fails": 5534,
            "passes": 0,
            "thresholds": {
                "rate<0.01": false
            },
            "value": 0
        },
        "http_req_sending": {
            "min": 0.005903,
            "med": 0.020215,
            "max": 24.969974,
            "p(90)": 0.0639541,
            "p(95)": 0.09347669999999998,
            "avg": 0.04896563209251907
        },
        "iteration_duration": {
            "min": 1010.536264,
            "med": 1082.385967,
            "max": 1609.064791,
            "p(90)": 1166.1421183999998,
            "p(95)": 1196.7744904499993,
            "avg": 1095.1928171114898
        },
        "http_req_duration{expected_response:true}": {
            "avg": 94.03602615721003,
            "min": 9.927215,
            "med": 81.116845,
            "max": 599.147775,
            "p(90)": 164.5693248,
            "p(95)": 195.0452966499998
        },
        "http_req_tls_handshaking": {
            "p(90)": 0,
            "p(95)": 0,
            "avg": 0,
            "min": 0,
            "med": 0,
            "max": 0
        },
        "vus": {
            "value": 34,
            "min": 34,
            "max": 100
        },
        "http_reqs": {
            "count": 5534,
            "rate": 90.55352090186553,
            "thresholds": {
                "count>1000": false
            }
        },
        "http_req_duration": {
            "min": 9.927215,
            "med": 81.116845,
            "max": 599.147775,
            "p(90)": 164.5693248,
            "p(95)": 195.0452966499998,
            "avg": 94.03602615721003,
            "thresholds": {
                "p(95)<300": false
            }
        },
        "data_received": {
            "count": 34147091,
            "rate": 558753.0391410199
        },
        "http_req_blocked": {
            "med": 0.0062594999999999994,
            "max": 3.563769,
            "p(90)": 0.018114399999999996,
            "p(95)": 0.02267649999999998,
            "avg": 0.021068274123599587,
            "min": 0.002183
        },
        "vus_max": {
            "value": 100,
            "min": 100,
            "max": 100
        },
        "data_sent": {
            "count": 580529,
            "rate": 9499.267245326904
        }
    }
}