{
    "root_group": {
        "id": "d41d8cd98f00b204e9800998ecf8427e",
        "groups": {},
        "checks": {
                "статус 200": {
                    "id": "63fd587a2004924fac2f18b343720cda",
                    "passes": 5522,
                    "fails": 0,
                    "name": "статус 200",
                    "path": "::статус 200"
                },
                "ответ не пустой": {
                    "name": "ответ не пустой",
                    "path": "::ответ не пустой",
                    "id": "1c568cf298ad7d73e64d124a4ad0618f",
                    "passes": 5522,
                    "fails": 0
                }
            },
        "name": "",
        "path": ""
    },
    "metrics": {
        "http_req_failed": {
            "passes": 0,
            "fails": 5522,
            "thresholds": {
                "rate<0.01": false
            },
            "value": 0
        },
        "http_req_duration{expected_response:true}": {
            "max": 678.714162,
            "p(90)": 172.07183680000003,
            "p(95)": 205.75264934999998,
            "avg": 99.14593704291913,
            "min": 9.745017,
            "med": 86.1876935
        },
        "http_req_connecting": {
            "avg": 0.01730593860919956,
            "min": 0,
            "med": 0,
            "max": 3.291011,
            "p(90)": 0,
            "p(95)": 0
        },
        "http_req_tls_handshaking": {
            "max": 0,
            "p(90)": 0,
            "p(95)": 0,
            "avg": 0,
            "min": 0,
            "med": 0
        },
        "iterations": {
            "count": 5522,
            "rate": 90.43842698378374
        },
        "http_reqs": {
            "count": 5522,
            "rate": 90.43842698378374,
            "thresholds": {
                "count>1000": false
            }
        },
        "http_req_blocked": {
            "p(90)": 0.017994000000000007,
            "p(95)": 0.023705549999999954,
            "avg": 0.03275961427019195,
            "min": 0.002286,
            "med": 0.006556,
            "max": 5.581373
        },
        "http_req_waiting": {
            "p(90)": 171.81657170000008,
            "p(95)": 205.62178884999992,
            "avg": 98.80053356446969,
            "min": 9.671357,
            "med": 85.846218,
            "max": 678.492244
        },
        "checks": {
            "passes": 11044,
            "fails": 0,
            "value": 1
        },
        "vus": {
            "max": 100,
            "value": 23,
            "min": 23
        },
        "data_received": {
            "count": 34004434,
            "rate": 556919.145496902
        },
        "iteration_duration": {
            "p(95)": 1206.4433791,
            "avg": 1100.3843516088316,
            "min": 1010.066222,
            "med": 1087.242725,
            "max": 1681.343833,
            "p(90)": 1172.7126336000001
        },
        "http_req_sending": {
            "med": 0.019851,
            "max": 15.133508,
            "p(90)": 0.06306340000000002,
            "p(95)": 0.10198614999999993,
            "avg": 0.05385752951829058,
            "min": 0.006336
        },
        "http_req_duration": {
            "avg": 99.14593704291913,
            "min": 9.745017,
            "med": 86.1876935,
            "max": 678.714162,
            "p(90)": 172.07183680000003,
            "p(95)": 205.75264934999998,
            "thresholds": {
                "p(95)<300": false
            }
        },
        "http_req_receiving": {
            "avg": 0.2915459489315462,
            "min": 0.022388,
            "med": 0.1325125,
            "max": 18.343613,
            "p(90)": 0.5732256000000002,
            "p(95)": 1.0032230499999997
        },
        "vus_max": {
            "max": 100,
            "value": 100,
            "min": 100
        },
        "data_sent": {
            "count": 579167,
            "rate": 9485.503882817291
        }
    }
}