{
    "root_group": {
        "name": "",
        "path": "",
        "id": "d41d8cd98f00b204e9800998ecf8427e",
        "groups": {},
        "checks": {
                "статус 201": {
                    "id": "c314df9557299c13c0b7848462734a62",
                    "passes": 6000,
                    "fails": 0,
                    "name": "статус 201",
                    "path": "::статус 201"
                }
            }
    },
    "metrics": {
        "http_req_waiting": {
            "avg": 7.517911192000033,
            "min": 1.257314,
            "med": 4.4128065,
            "max": 158.73791,
            "p(90)": 12.25534110000001,
            "p(95)": 22.327185450000012
        },
        "checks": {
            "passes": 6000,
            "fails": 0,
            "value": 1
        },
        "http_req_receiving": {
            "p(90)": 0.0811549,
            "p(95)": 0.09482955,
            "avg": 0.055727980333333475,
            "min": 0.008894,
            "med": 0.054027,
            "max": 0.401866
        },
        "http_req_duration": {
            "min": 1.292857,
            "med": 4.497263500000001,
            "max": 158.87513,
            "p(90)": 12.357347100000007,
            "p(95)": 22.450499300000004,
            "avg": 7.6024572198333065,
            "thresholds": {
                "p(95)<500": false
            }
        },
        "http_reqs": {
            "count": 6000,
            "rate": 98.98090352990076,
            "thresholds": {
                "count>1000": false
            }
        },
        "iterations": {
            "count": 6000,
            "rate": 98.98090352990076
        },
        "data_sent": {
            "count": 1020585,
            "rate": 16836.404238177292
        },
        "vus": {
            "max": 100,
            "value": 100,
            "min": 100
        },
        "http_req_failed": {
            "passes": 0,
            "fails": 6000,
            "thresholds": {
                "rate<0.01": false
            },
            "value": 0
        },
        "http_req_connecting": {
            "med": 0,
            "max": 2.441976,
            "p(90)": 0,
            "p(95)": 0,
            "avg": 0.015642614833333335,
            "min": 0
        },
        "http_req_sending": {
            "avg": 0.028818047500000016,
            "min": 0.003369,
            "med": 0.023691,
            "max": 1.288459,
            "p(90)": 0.036263800000000006,
            "p(95)": 0.043251800000000014
        },
        "vus_max": {
            "value": 100,
            "min": 100,
            "max": 100
        },
        "http_req_blocked": {
            "min": 0.001021,
            "med": 0.00624,
            "max": 2.523726,
            "p(90)": 0.008867200000000006,
            "p(95)": 0.0103212,
            "avg": 0.023955996166666594
        },
        "iteration_duration": {
            "p(90)": 1013.0894634,
            "p(95)": 1022.9026577,
            "avg": 1008.2677344734993,
            "min": 1001.429982,
            "med": 1005.197867,
            "max": 1160.265752
        },
        "data_received": {
            "count": 900000,
            "rate": 14847.135529485113
        },
        "http_req_duration{expected_response:true}": {
            "p(90)": 12.357347100000007,
            "p(95)": 22.450499300000004,
            "avg": 7.6024572198333065,
            "min": 1.292857,
            "med": 4.497263500000001,
            "max": 158.87513
        },
        "http_req_tls_handshaking": {
            "avg": 0,
            "min": 0,
            "med": 0,
            "max": 0,
            "p(90)": 0,
            "p(95)": 0
        }
    }
}