{
    "root_group": {
        "name": "",
        "path": "",
        "id": "d41d8cd98f00b204e9800998ecf8427e",
        "groups": {},
        "checks": {
                "статус 201": {
                    "name": "статус 201",
                    "path": "::статус 201",
                    "id": "c314df9557299c13c0b7848462734a62",
                    "passes": 6000,
                    "fails": 0
                }
            }
    },
    "metrics": {
        "data_sent": {
            "count": 1020715,
            "rate": 16848.16774595125
        },
        "http_req_sending": {
            "p(90)": 0.03642920000000001,
            "p(95)": 0.0423913,
            "avg": 0.027384590166666712,
            "min": 0.002526,
            "med": 0.024008500000000002,
            "max": 2.159107
        },
        "iterations": {
            "count": 6000,
            "rate": 99.03744578624543
        },
        "http_req_connecting": {
            "max": 2.471941,
            "p(90)": 0,
            "p(95)": 0,
            "avg": 0.004428603999999999,
            "min": 0,
            "med": 0
        },
        "iteration_duration": {
            "max": 1165.714012,
            "p(90)": 1011.1630221,
            "p(95)": 1014.4916689500001,
            "avg": 1007.4409156704992,
            "min": 1001.542677,
            "med": 1005.037868
        },
        "http_req_failed": {
            "passes": 0,
            "fails": 6000,
            "thresholds": {
                "rate<0.01": false
            },
            "value": 0
        },
        "http_req_duration{expected_response:true}": {
            "avg": 6.772481893166641,
            "min": 1.345007,
            "med": 4.354324500000001,
            "max": 163.368559,
            "p(90)": 10.500673000000008,
            "p(95)": 13.907376700000002
        },
        "checks": {
            "fails": 0,
            "passes": 6000,
            "value": 1
        },
        "http_req_blocked": {
            "p(90)": 0.0088562,
            "p(95)": 0.010479000000000004,
            "avg": 0.013097049666666694,
            "min": 0.000896,
            "med": 0.00625,
            "max": 2.599497
        },
        "data_received": {
            "count": 900000,
            "rate": 14855.616867936815
        },
        "http_req_waiting": {
            "avg": 6.688346283166658,
            "min": 1.301347,
            "med": 4.263211,
            "max": 163.236982,
            "p(90)": 10.434476200000002,
            "p(95)": 13.793191100000005
        },
        "vus_max": {
            "value": 100,
            "min": 100,
            "max": 100
        },
        "http_req_tls_handshaking": {
            "avg": 0,
            "min": 0,
            "med": 0,
            "max": 0,
            "p(90)": 0,
            "p(95)": 0
        },
        "http_reqs": {
            "count": 6000,
            "rate": 99.03744578624543,
            "thresholds": {
                "count>1000": false
            }
        },
        "vus": {
            "value": 100,
            "min": 100,
            "max": 100
        },
        "http_req_duration": {
            "min": 1.345007,
            "med": 4.354324500000001,
            "max": 163.368559,
            "p(90)": 10.500673000000008,
            "p(95)": 13.907376700000002,
            "avg": 6.772481893166641,
            "thresholds": {
                "p(95)<500": false
            }
        },
        "http_req_receiving": {
            "med": 0.0547405,
            "max": 0.407367,
            "p(90)": 0.08204370000000001,
            "p(95)": 0.09665825000000001,
            "avg": 0.05675101983333344,
            "min": 0.007113
        }
    }
}