{
    "root_group": {
        "name": "",
        "path": "",
        "id": "d41d8cd98f00b204e9800998ecf8427e",
        "groups": {},
        "checks": {
                "статус 201": {
                    "id": "c314df9557299c13c0b7848462734a62",
                    "passes": 6000,
                    "fails": 0,
                    "name": "статус 201",
                    "path": "::статус 201"
                }
            }
    },
    "metrics": {
        "http_req_failed": {
            "passes": 0,
            "fails": 6000,
            "thresholds": {
                "rate<0.01": false
            },
            "value": 0
        },
        "vus_max": {
            "value": 100,
            "min": 100,
            "max": 100
        },
        "data_sent": {
            "count": 1020469,
            "rate": 16838.11626733115
        },
        "iteration_duration": {
            "p(90)": 1011.4873197,
            "p(95)": 1017.76723235,
            "avg": 1007.6747805800007,
            "min": 1001.598429,
            "med": 1005.1372175,
            "max": 1113.270258
        },
        "http_req_receiving": {
            "p(90)": 0.08127590000000001,
            "p(95)": 0.09494195,
            "avg": 0.05721404433333335,
            "min": 0.00954,
            "med": 0.055226,
            "max": 0.353467
        },
        "checks": {
            "passes": 6000,
            "fails": 0,
            "value": 1
        },
        "http_req_sending": {
            "max": 2.837767,
            "p(90)": 0.036116100000000005,
            "p(95)": 0.04108200000000001,
            "avg": 0.03159668933333354,
            "min": 0.003878,
            "med": 0.0245145
        },
        "http_req_tls_handshaking": {
            "p(90)": 0,
            "p(95)": 0,
            "avg": 0,
            "min": 0,
            "med": 0,
            "max": 0
        },
        "vus": {
            "value": 100,
            "min": 100,
            "max": 100
        },
        "http_req_connecting": {
            "avg": 0.0017944068333333326,
            "min": 0,
            "med": 0,
            "max": 0.473044,
            "p(90)": 0,
            "p(95)": 0
        },
        "data_received": {
            "rate": 14850.333170922424,
            "count": 900000
        },
        "iterations": {
            "count": 6000,
            "rate": 99.00222113948283
        },
        "http_req_duration{expected_response:true}": {
            "p(95)": 16.98537685000001,
            "avg": 6.977694927500007,
            "min": 1.328643,
            "med": 4.412978,
            "max": 112.713013,
            "p(90)": 10.7668891
        },
        "http_req_waiting": {
            "max": 112.637635,
            "p(90)": 10.657591500000004,
            "p(95)": 16.68422320000002,
            "avg": 6.888884193833314,
            "min": 1.281222,
            "med": 4.3154915
        },
        "http_req_duration": {
            "avg": 6.977694927500007,
            "min": 1.328643,
            "med": 4.412978,
            "max": 112.713013,
            "p(90)": 10.7668891,
            "p(95)": 16.98537685000001,
            "thresholds": {
                "p(95)<500": false
            }
        },
        "http_reqs": {
            "count": 6000,
            "rate": 99.00222113948283,
            "thresholds": {
                "count>1000": false
            }
        },
        "http_req_blocked": {
            "min": 0.001349,
            "med": 0.00651,
            "max": 3.797323,
            "p(90)": 0.0089642,
            "p(95)": 0.010516550000000006,
            "avg": 0.03985881316666669
        }
    }
}