{
    "root_group": {
        "name": "",
        "path": "",
        "id": "d41d8cd98f00b204e9800998ecf8427e",
        "groups": {},
        "checks": {
                "статус 201": {
                    "path": "::статус 201",
                    "id": "c314df9557299c13c0b7848462734a62",
                    "passes": 6000,
                    "fails": 0,
                    "name": "статус 201"
                }
            }
    },
    "metrics": {
        "http_req_duration{expected_response:true}": {
            "max": 424.073506,
            "p(90)": 8.400129000000003,
            "p(95)": 14.834522300000009,
            "avg": 9.615341195166694,
            "min": 1.319031,
            "med": 4.0169645
        },
        "http_req_blocked": {
            "avg": 0.04805219050000002,
            "min": 0.001063,
            "med": 0.006081,
            "max": 4.541662,
            "p(90)": 0.008874300000000002,
            "p(95)": 0.01002245
        },
        "vus_max": {
            "value": 100,
            "min": 100,
            "max": 100
        },
        "data_received": {
            "count": 900000,
            "rate": 14801.033206607619
        },
        "http_req_tls_handshaking": {
            "avg": 0,
            "min": 0,
            "med": 0,
            "max": 0,
            "p(90)": 0,
            "p(95)": 0
        },
        "data_sent": {
            "count": 1020596,
            "rate": 16784.305873923233
        },
        "iteration_duration": {
            "max": 1426.234726,
            "p(90)": 1009.2324233,
            "p(95)": 1015.5828893,
            "avg": 1010.3383478566658,
            "min": 1001.446275,
            "med": 1004.7611305
        },
        "http_req_failed": {
            "passes": 0,
            "fails": 6000,
            "thresholds": {
                "rate<0.01": false
            },
            "value": 0
        },
        "http_reqs": {
            "count": 6000,
            "rate": 98.67355471071745,
            "thresholds": {
                "count>1000": false
            }
        },
        "http_req_sending": {
            "med": 0.0230475,
            "max": 2.13052,
            "p(90)": 0.0355742,
            "p(95)": 0.04092625,
            "avg": 0.030685328333333303,
            "min": 0.005001
        },
        "http_req_connecting": {
            "avg": 0.037905200666666666,
            "min": 0,
            "med": 0,
            "max": 4.123711,
            "p(90)": 0,
            "p(95)": 0
        },
        "http_req_waiting": {
            "med": 3.925027,
            "max": 423.652434,
            "p(90)": 8.310138100000003,
            "p(95)": 14.74002545000001,
            "avg": 9.528643170666678,
            "min": 1.274311
        },
        "http_req_duration": {
            "p(95)": 14.834522300000009,
            "avg": 9.615341195166694,
            "min": 1.319031,
            "med": 4.0169645,
            "max": 424.073506,
            "p(90)": 8.400129000000003,
            "thresholds": {
                "p(95)<500": false
            }
        },
        "vus": {
            "min": 100,
            "max": 100,
            "value": 100
        },
        "http_req_receiving": {
            "min": 0.012431,
            "med": 0.054207500000000006,
            "max": 0.313074,
            "p(90)": 0.07860790000000002,
            "p(95)": 0.09187044999999999,
            "avg": 0.056012696166666716
        },
        "checks": {
            "fails": 0,
            "passes": 6000,
            "value": 1
        },
        "iterations": {
            "count": 6000,
            "rate": 98.67355471071745
        }
    }
}