{
    "metrics": {
        "http_req_duration": {
            "med": 4.1911405,
            "max": 179.35941,
            "p(90)": 10.602697899999999,
            "p(95)": 15.953955200000022,
            "avg": 7.285148538999968,
            "min": 1.262587,
            "thresholds": {
                "p(95)<500": false
            }
        },
        "vus_max": {
            "value": 100,
            "min": 100,
            "max": 100
        },
        "http_req_connecting": {
            "avg": 0.0057893373333333335,
            "min": 0,
            "med": 0,
            "max": 1.265341,
            "p(90)": 0,
            "p(95)": 0
        },
        "vus": {
            "min": 100,
            "max": 100,
            "value": 100
        },
        "http_req_sending": {
            "avg": 0.02655919316666668,
            "min": 0.003113,
            "med": 0.023357,
            "max": 1.020562,
            "p(90)": 0.035914800000000004,
            "p(95)": 0.04175275000000001
        },
        "data_sent": {
            "count": 1020469,
            "rate": 16834.182633168864
        },
        "checks": {
            "passes": 6000,
            "fails": 0,
            "value": 1
        },
        "data_received": {
            "count": 900000,
            "rate": 14846.86391242848
        },
        "http_req_failed": {
            "passes": 0,
            "fails": 6000,
            "thresholds": {
                "rate<0.01": false
            },
            "value": 0
        },
        "http_req_tls_handshaking": {
            "med": 0,
            "max": 0,
            "p(90)": 0,
            "p(95)": 0,
            "avg": 0,
            "min": 0
        },
        "http_req_duration{expected_response:true}": {
            "avg": 7.285148538999968,
            "min": 1.262587,
            "med": 4.1911405,
            "max": 179.35941,
            "p(90)": 10.602697899999999,
            "p(95)": 15.953955200000022
        },
        "iteration_duration": {
            "avg": 1007.9531621925018,
            "min": 1001.494399,
            "med": 1004.894065,
            "max": 1181.701803,
            "p(90)": 1011.2644594,
            "p(95)": 1016.6096100999999
        },
        "iterations": {
            "rate": 98.9790927495232,
            "count": 6000
        },
        "http_req_blocked": {
            "min": 0.001099,
            "med": 0.0061285,
            "max": 1.434656,
            "p(90)": 0.008772,
            "p(95)": 0.010121500000000002,
            "avg": 0.013962697999999956
        },
        "http_req_waiting": {
            "avg": 7.202910025666632,
            "min": 1.226419,
            "med": 4.105316999999999,
            "max": 179.289958,
            "p(90)": 10.506301400000003,
            "p(95)": 15.830383050000034
        },
        "http_req_receiving": {
            "p(95)": 0.09435165000000001,
            "avg": 0.05567932016666679,
            "min": 0.009393,
            "med": 0.053795499999999996,
            "max": 0.273652,
            "p(90)": 0.080556
        },
        "http_reqs": {
            "count": 6000,
            "rate": 98.9790927495232,
            "thresholds": {
                "count>1000": false
            }
        }
    },
    "root_group": {
        "name": "",
        "path": "",
        "id": "d41d8cd98f00b204e9800998ecf8427e",
        "groups": {},
        "checks": {
                "статус 201": {
                    "name": "статус 201",
                    "path": "::статус 201",
                    "id": "c314df9557299c13c0b7848462734a62",
                    "passes": 6000,
                    "fails": 0
                }
            }
    }
}