{
    "root_group": {
        "name": "",
        "path": "",
        "id": "d41d8cd98f00b204e9800998ecf8427e",
        "groups": {},
        "checks": {
                "статус 201": {
                    "fails": 0,
                    "name": "статус 201",
                    "path": "::статус 201",
                    "id": "c314df9557299c13c0b7848462734a62",
                    "passes": 6000
                }
            }
    },
    "metrics": {
        "data_received": {
            "count": 900000,
            "rate": 14853.907684574828
        },
        "http_req_duration{expected_response:true}": {
            "avg": 6.877698354000028,
            "min": 1.243391,
            "med": 4.4218125,
            "max": 96.536826,
            "p(90)": 11.259088100000003,
            "p(95)": 18.96011535000001
        },
        "http_req_sending": {
            "avg": 0.030118825166666526,
            "min": 0.003945,
            "med": 0.02413,
            "max": 1.466824,
            "p(90)": 0.0354265,
            "p(95)": 0.041216
        },
        "iteration_duration": {
            "max": 1097.148328,
            "p(90)": 1011.8767611000001,
            "p(95)": 1019.6943003,
            "avg": 1007.5405400298332,
            "min": 1001.614841,
            "med": 1005.0858025
        },
        "http_reqs": {
            "count": 6000,
            "rate": 99.02605123049885,
            "thresholds": {
                "count>1000": false
            }
        },
        "vus_max": {
            "value": 100,
            "min": 100,
            "max": 100
        },
        "http_req_connecting": {
            "max": 1.386785,
            "p(90)": 0,
            "p(95)": 0,
            "avg": 0.006120446,
            "min": 0,
            "med": 0
        },
        "http_req_waiting": {
            "med": 4.336773,
            "max": 96.462197,
            "p(90)": 11.080306900000025,
            "p(95)": 18.776604400000014,
            "avg": 6.790962321999986,
            "min": 1.205542
        },
        "http_req_duration": {
            "avg": 6.877698354000028,
            "min": 1.243391,
            "med": 4.4218125,
            "max": 96.536826,
            "p(90)": 11.259088100000003,
            "p(95)": 18.96011535000001,
            "thresholds": {
                "p(95)<500": false
            }
        },
        "http_req_failed": {
            "fails": 6000,
            "passes": 0,
            "thresholds": {
                "rate<0.01": false
            },
            "value": 0
        },
        "http_req_tls_handshaking": {
            "min": 0,
            "med": 0,
            "max": 0,
            "p(90)": 0,
            "p(95)": 0,
            "avg": 0
        },
        "vus": {
            "min": 100,
            "max": 100,
            "value": 100
        },
        "data_sent": {
            "rate": 16842.664375778808,
            "count": 1020499
        },
        "checks": {
            "passes": 6000,
            "fails": 0,
            "value": 1
        },
        "http_req_receiving": {
            "med": 0.0550905,
            "max": 0.319971,
            "p(90)": 0.0801357,
            "p(95)": 0.09258035000000003,
            "avg": 0.05661720683333353,
            "min": 0.009447
        },
        "iterations": {
            "count": 6000,
            "rate": 99.02605123049885
        },
        "http_req_blocked": {
            "p(95)": 0.010402500000000002,
            "avg": 0.014453140666666656,
            "min": 0.000783,
            "med": 0.0064125,
            "max": 1.414325,
            "p(90)": 0.0088362
        }
    }
}