{
    "root_group": {
        "groups": {},
        "checks": {
                "статус 201": {
                    "passes": 6000,
                    "fails": 0,
                    "name": "статус 201",
                    "path": "::статус 201",
                    "id": "c314df9557299c13c0b7848462734a62"
                }
            },
        "name": "",
        "path": "",
        "id": "d41d8cd98f00b204e9800998ecf8427e"
    },
    "metrics": {
        "http_req_waiting": {
            "min": 1.232622,
            "med": 3.5415289999999997,
            "max": 189.372775,
            "p(90)": 9.936261400000001,
            "p(95)": 16.636569500000004,
            "avg": 6.648248618333318
        },
        "data_received": {
            "count": 900000,
            "rate": 14858.490694192218
        },
        "http_req_failed": {
            "passes": 0,
            "fails": 6000,
            "thresholds": {
                "rate<0.01": false
            },
            "value": 0
        },
        "http_req_tls_handshaking": {
            "avg": 0,
            "min": 0,
            "med": 0,
            "max": 0,
            "p(90)": 0,
            "p(95)": 0
        },
        "http_req_duration": {
            "p(90)": 10.036514700000001,
            "p(95)": 16.72177305000001,
            "avg": 6.728041639999991,
            "min": 1.265478,
            "med": 3.6217265000000003,
            "max": 189.486202,
            "thresholds": {
                "p(95)<500": false
            }
        },
        "http_req_sending": {
            "avg": 0.026826355333333312,
            "min": 0.003189,
            "med": 0.0214735,
            "max": 1.136916,
            "p(90)": 0.0350997,
            "p(95)": 0.040488
        },
        "iteration_duration": {
            "avg": 1007.3817189249999,
            "min": 1001.479235,
            "med": 1004.3271045,
            "max": 1190.750602,
            "p(90)": 1010.7038587000001,
            "p(95)": 1017.5119112
        },
        "checks": {
            "passes": 6000,
            "fails": 0,
            "value": 1
        },
        "vus_max": {
            "value": 100,
            "min": 100,
            "max": 100
        },
        "data_sent": {
            "count": 1020713,
            "rate": 16851.394013267804
        },
        "http_req_receiving": {
            "p(95)": 0.0902631,
            "avg": 0.05296666633333329,
            "min": 0.010623,
            "med": 0.049598500000000004,
            "max": 3.020496,
            "p(90)": 0.0768255
        },
        "http_req_connecting": {
            "min": 0,
            "med": 0,
            "max": 1.762111,
            "p(90)": 0,
            "p(95)": 0,
            "avg": 0.007669050000000005
        },
        "iterations": {
            "count": 6000,
            "rate": 99.05660462794812
        },
        "http_reqs": {
            "count": 6000,
            "rate": 99.05660462794812,
            "thresholds": {
                "count>1000": false
            }
        },
        "http_req_blocked": {
            "avg": 0.01525806833333331,
            "min": 0.001158,
            "med": 0.0056565,
            "max": 1.847928,
            "p(90)": 0.0087121,
            "p(95)": 0.00999435
        },
        "vus": {
            "value": 100,
            "min": 100,
            "max": 100
        },
        "http_req_duration{expected_response:true}": {
            "avg": 6.728041639999991,
            "min": 1.265478,
            "med": 3.6217265000000003,
            "max": 189.486202,
            "p(90)": 10.036514700000001,
            "p(95)": 16.72177305000001
        }
    }
}