{
    "root_group": {
        "checks": {
            "статус 201": {
                "name": "статус 201",
                "path": "::статус 201",
                "id": "c314df9557299c13c0b7848462734a62",
                "passes": 6000,
                "fails": 0
            }
        },
        "name": "",
        "path": "",
        "id": "d41d8cd98f00b204e9800998ecf8427e",
        "groups": {}
    },
    "metrics": {
        "iteration_duration": {
            "avg": 1007.8885849261623,
            "min": 1001.474415,
            "med": 1004.8562225000001,
            "max": 1167.321166,
            "p(90)": 1013.0890272,
            "p(95)": 1019.9515661
        },
        "iterations": {
            "count": 6000,
            "rate": 99.00445086206226
        },
        "http_req_connecting": {
            "avg": 0.0028905054999999995,
            "min": 0,
            "med": 0,
            "max": 0.982616,
            "p(90)": 0,
            "p(95)": 0
        },
        "http_req_failed": {
            "passes": 0,
            "fails": 6000,
            "thresholds": {
                "rate<0.01": false
            },
            "value": 0
        },
        "http_req_tls_handshaking": {
            "avg": 0,
            "min": 0,
            "med": 0,
            "max": 0,
            "p(90)": 0,
            "p(95)": 0
        },
        "checks": {
            "passes": 6000,
            "fails": 0,
            "value": 1
        },
        "http_req_waiting": {
            "max": 166.415839,
            "p(90)": 12.216090600000001,
            "p(95)": 19.14350380000001,
            "avg": 7.155332076999991,
            "min": 1.262454,
            "med": 4.0796135
        },
        "vus": {
            "value": 100,
            "min": 100,
            "max": 100
        },
        "http_req_blocked": {
            "min": 0.001181,
            "med": 0.005919499999999999,
            "max": 1.302998,
            "p(90)": 0.008784,
            "p(95)": 0.010143300000000001,
            "avg": 0.010430651833333337
        },
        "http_req_duration": {
            "p(90)": 12.3142959,
            "p(95)": 19.2421499,
            "avg": 7.235167277999991,
            "min": 1.310441,
            "med": 4.164331000000001,
            "max": 166.603537,
            "thresholds": {
                "p(95)<500": false
            }
        },
        "http_req_duration{expected_response:true}": {
            "p(90)": 12.3142959,
            "p(95)": 19.2421499,
            "avg": 7.235167277999991,
            "min": 1.310441,
            "med": 4.164331000000001,
            "max": 166.603537
        },
        "http_req_sending": {
            "avg": 0.025705414500000065,
            "min": 0.003678,
            "med": 0.0224905,
            "max": 1.559347,
            "p(90)": 0.035796400000000006,
            "p(95)": 0.04204725
        },
        "vus_max": {
            "value": 100,
            "min": 100,
            "max": 100
        },
        "data_received": {
            "count": 900000,
            "rate": 14850.667629309339
        },
        "http_req_receiving": {
            "avg": 0.05412978649999995,
            "min": 0.010145,
            "med": 0.051738,
            "max": 0.402051,
            "p(90)": 0.07850330000000001,
            "p(95)": 0.09281610000000003
        },
        "http_reqs": {
            "count": 6000,
            "rate": 99.00445086206226,
            "thresholds": {
                "count>1000": false
            }
        },
        "data_sent": {
            "count": 1020429,
            "rate": 16837.835464787222
        }
    }
}