{
    "metrics": {
        "http_req_failed": {
            "passes": 0,
            "fails": 6000,
            "thresholds": {
                "rate<0.01": false
            },
            "value": 0
        },
        "http_reqs": {
            "count": 6000,
            "rate": 98.95974249343665,
            "thresholds": {
                "count>1000": false
            }
        },
        "checks": {
            "passes": 6000,
            "fails": 0,
            "value": 1
        },
        "http_req_connecting": {
            "p(90)": 0,
            "p(95)": 0,
            "avg": 0.0017736376666666672,
            "min": 0,
            "med": 0,
            "max": 1.09067
        },
        "data_received": {
            "count": 900000,
            "rate": 14843.961374015498
        },
        "http_req_duration{expected_response:true}": {
            "avg": 7.34790831550002,
            "min": 1.313138,
            "med": 4.4485165,
            "max": 109.341822,
            "p(90)": 13.043322900000007,
            "p(95)": 20.872744450000006
        },
        "vus_max": {
            "max": 100,
            "value": 100,
            "min": 100
        },
        "http_req_sending": {
            "avg": 0.025110357833333378,
            "min": 0.003231,
            "med": 0.0233685,
            "max": 0.849096,
            "p(90)": 0.03567500000000001,
            "p(95)": 0.04151925
        },
        "http_req_waiting": {
            "max": 109.20969,
            "p(90)": 12.963196400000001,
            "p(95)": 20.799602500000006,
            "avg": 7.267173664999974,
            "min": 1.276036,
            "med": 4.3551065
        },
        "http_req_duration": {
            "avg": 7.34790831550002,
            "min": 1.313138,
            "med": 4.4485165,
            "max": 109.341822,
            "p(90)": 13.043322900000007,
            "p(95)": 20.872744450000006,
            "thresholds": {
                "p(95)<500": false
            }
        },
        "vus": {
            "value": 100,
            "min": 100,
            "max": 100
        },
        "http_req_receiving": {
            "med": 0.053523,
            "max": 0.745659,
            "p(90)": 0.07918620000000001,
            "p(95)": 0.09217360000000001,
            "avg": 0.05562429266666669,
            "min": 0.008676
        },
        "data_sent": {
            "count": 1020713,
            "rate": 16834.915939950533
        },
        "iteration_duration": {
            "max": 1110.407577,
            "p(90)": 1013.8185369,
            "p(95)": 1021.63517405,
            "avg": 1008.008138465832,
            "min": 1001.494742,
            "med": 1005.11869
        },
        "iterations": {
            "count": 6000,
            "rate": 98.95974249343665
        },
        "http_req_blocked": {
            "p(90)": 0.008853100000000001,
            "p(95)": 0.010351700000000004,
            "avg": 0.008865917166666635,
            "min": 0.000946,
            "med": 0.006222500000000001,
            "max": 1.141942
        },
        "http_req_tls_handshaking": {
            "avg": 0,
            "min": 0,
            "med": 0,
            "max": 0,
            "p(90)": 0,
            "p(95)": 0
        }
    },
    "root_group": {
        "groups": {},
        "checks": {
                "статус 201": {
                    "name": "статус 201",
                    "path": "::статус 201",
                    "id": "c314df9557299c13c0b7848462734a62",
                    "passes": 6000,
                    "fails": 0
                }
            },
        "name": "",
        "path": "",
        "id": "d41d8cd98f00b204e9800998ecf8427e"
    }
}