{
    "metrics": {
        "iteration_duration": {
            "avg": 1007.5944853538306,
            "min": 1001.520124,
            "med": 1005.304658,
            "max": 1170.550774,
            "p(90)": 1010.3378821,
            "p(95)": 1014.30780735
        },
        "http_req_waiting": {
            "avg": 6.791364368833343,
            "min": 1.247716,
            "med": 4.522247500000001,
            "max": 169.258151,
            "p(90)": 9.579188700000001,
            "p(95)": 13.45700170000001
        },
        "iterations": {
            "count": 6000,
            "rate": 99.04200026049868
        },
        "http_reqs": {
            "count": 6000,
            "rate": 99.04200026049868,
            "thresholds": {
                "count>1000": false
            }
        },
        "http_req_blocked": {
            "avg": 0.04039075783333339,
            "min": 0.001129,
            "med": 0.006658,
            "max": 5.031624,
            "p(90)": 0.009147200000000001,
            "p(95)": 0.01090405
        },
        "vus": {
            "value": 100,
            "min": 100,
            "max": 100
        },
        "checks": {
            "passes": 6000,
            "fails": 0,
            "value": 1
        },
        "http_req_failed": {
            "passes": 0,
            "fails": 6000,
            "thresholds": {
                "rate<0.01": false
            },
            "value": 0
        },
        "http_req_duration{expected_response:true}": {
            "max": 169.337051,
            "p(90)": 9.676758700000002,
            "p(95)": 13.620787400000005,
            "avg": 6.886380280166664,
            "min": 1.28519,
            "med": 4.6160464999999995
        },
        "http_req_receiving": {
            "p(90)": 0.08406790000000001,
            "p(95)": 0.09889285000000002,
            "avg": 0.05901699716666653,
            "min": 0.012504,
            "med": 0.0567995,
            "max": 0.486926
        },
        "data_sent": {
            "count": 1020473,
            "rate": 16844.947855305312
        },
        "http_req_tls_handshaking": {
            "avg": 0,
            "min": 0,
            "med": 0,
            "max": 0,
            "p(90)": 0,
            "p(95)": 0
        },
        "http_req_duration": {
            "min": 1.28519,
            "med": 4.6160464999999995,
            "max": 169.337051,
            "p(90)": 9.676758700000002,
            "p(95)": 13.620787400000005,
            "avg": 6.886380280166664,
            "thresholds": {
                "p(95)<500": false
            }
        },
        "vus_max": {
            "min": 100,
            "max": 100,
            "value": 100
        },
        "http_req_connecting": {
            "p(95)": 0,
            "avg": 0.012481716666666667,
            "min": 0,
            "med": 0,
            "max": 3.006922,
            "p(90)": 0
        },
        "data_received": {
            "count": 900000,
            "rate": 14856.300039074802
        },
        "http_req_sending": {
            "p(90)": 0.037038600000000005,
            "p(95)": 0.04356225,
            "avg": 0.035998914166666764,
            "min": 0.002622,
            "med": 0.0249505,
            "max": 4.150011
        }
    },
    "root_group": {
        "groups": {},
        "checks": {
                "статус 201": {
                    "fails": 0,
                    "name": "статус 201",
                    "path": "::статус 201",
                    "id": "c314df9557299c13c0b7848462734a62",
                    "passes": 6000
                }
            },
        "name": "",
        "path": "",
        "id": "d41d8cd98f00b204e9800998ecf8427e"
    }
}