{
    "root_group": {
        "checks": {
            "📦 статус 201": {
                "name": "📦 статус 201",
                "path": "::📦 статус 201",
                "id": "70a1e9b1e2064741c325237b51506fdc",
                "passes": 6000,
                "fails": 0
            }
        },
        "name": "",
        "path": "",
        "id": "d41d8cd98f00b204e9800998ecf8427e",
        "groups": {}
    },
    "metrics": {
        "iteration_duration": {
            "med": 1009.116606,
            "max": 1121.220509,
            "p(90)": 1020.7776199,
            "p(95)": 1027.2198751,
            "avg": 1013.0809314616668,
            "min": 1004.82026
        },
        "http_req_blocked": {
            "min": 0.000551,
            "med": 0.004043,
            "max": 6.784801,
            "p(90)": 0.006175,
            "p(95)": 0.007169149999999998,
            "avg": 0.024926055499999857
        },
        "http_req_duration{expected_response:true}": {
            "avg": 6.132134432500005,
            "min": 0.314164,
            "med": 4.348916,
            "max": 111.391565,
            "p(90)": 14.4728884,
            "p(95)": 18.635085699999994
        },
        "http_req_sending": {
            "p(90)": 0.024072,
            "p(95)": 0.0280791,
            "avg": 0.031001833833333138,
            "min": 0.002577,
            "med": 0.015219,
            "max": 5.83103
        },
        "iterations": {
            "count": 6000,
            "rate": 98.52751225414947
        },
        "http_req_duration": {
            "avg": 6.132134432500005,
            "min": 0.314164,
            "med": 4.348916,
            "max": 111.391565,
            "p(90)": 14.4728884,
            "p(95)": 18.635085699999994,
            "thresholds": {
                "p(95)<300": false
            }
        },
        "data_received": {
            "rate": 70726.56244396555,
            "count": 4307014
        },
        "http_req_connecting": {
            "avg": 0.018828450499999996,
            "min": 0,
            "med": 0,
            "max": 6.076408,
            "p(90)": 0,
            "p(95)": 0
        },
        "http_req_waiting": {
            "min": 0.26816,
            "med": 4.2580295,
            "max": 111.318666,
            "p(90)": 14.420182500000001,
            "p(95)": 18.573465399999996,
            "avg": 6.051884481000021
        },
        "http_req_failed": {
            "passes": 0,
            "fails": 12000,
            "thresholds": {
                "rate<0.01": false
            },
            "value": 0
        },
        "checks": {
            "passes": 6000,
            "fails": 0,
            "value": 1
        },
        "http_req_tls_handshaking": {
            "avg": 0,
            "min": 0,
            "med": 0,
            "max": 0,
            "p(90)": 0,
            "p(95)": 0
        },
        "vus": {
            "value": 100,
            "min": 100,
            "max": 100
        },
        "vus_max": {
            "value": 100,
            "min": 100,
            "max": 100
        },
        "http_req_receiving": {
            "med": 0.0442,
            "max": 0.927416,
            "p(90)": 0.0700159,
            "p(95)": 0.08181194999999998,
            "avg": 0.049248117666666646,
            "min": 0.007534
        },
        "data_sent": {
            "count": 3912156,
            "rate": 64242.49970502406
        },
        "http_reqs": {
            "count": 12000,
            "rate": 197.05502450829894
        }
    }
}