{
    "root_group": {
        "name": "",
        "path": "",
        "id": "d41d8cd98f00b204e9800998ecf8427e",
        "groups": {},
        "checks": {
                "📦 статус 201": {
                    "name": "📦 статус 201",
                    "path": "::📦 статус 201",
                    "id": "70a1e9b1e2064741c325237b51506fdc",
                    "passes": 5922,
                    "fails": 0
                }
            }
    },
    "metrics": {
        "http_req_duration": {
            "p(90)": 16.38403820000001,
            "p(95)": 30.817253900000104,
            "avg": 9.115126910334425,
            "min": 0.285019,
            "med": 4.559670000000001,
            "max": 300.142705,
            "thresholds": {
                "p(95)<300": false
            }
        },
        "http_reqs": {
            "count": 11844,
            "rate": 195.02634551079595
        },
        "vus": {
            "value": 100,
            "min": 100,
            "max": 100
        },
        "iterations": {
            "count": 5922,
            "rate": 97.51317275539797
        },
        "http_req_receiving": {
            "avg": 0.054215853934481896,
            "min": 0.007548,
            "med": 0.045117000000000004,
            "max": 5.903534,
            "p(90)": 0.0706225,
            "p(95)": 0.08259875
        },
        "http_req_waiting": {
            "avg": 9.042759621918272,
            "min": 0.237938,
            "med": 4.487697000000001,
            "max": 300.124483,
            "p(90)": 16.311531200000022,
            "p(95)": 30.528609250000056
        },
        "iteration_duration": {
            "avg": 1019.0438486784881,
            "min": 1004.580605,
            "med": 1009.5681835,
            "max": 1303.727151,
            "p(90)": 1033.5348744,
            "p(95)": 1072.9128256499998
        },
        "http_req_sending": {
            "min": 0.002639,
            "med": 0.015511500000000001,
            "max": 2.455029,
            "p(90)": 0.0246157,
            "p(95)": 0.02833885,
            "avg": 0.018151434481594012
        },
        "http_req_tls_handshaking": {
            "min": 0,
            "med": 0,
            "max": 0,
            "p(90)": 0,
            "p(95)": 0,
            "avg": 0
        },
        "http_req_failed": {
            "passes": 0,
            "fails": 11844,
            "thresholds": {
                "rate<0.01": false
            },
            "value": 0
        },
        "http_req_duration{expected_response:true}": {
            "min": 0.285019,
            "med": 4.559670000000001,
            "max": 300.142705,
            "p(90)": 16.38403820000001,
            "p(95)": 30.817253900000104,
            "avg": 9.115126910334425
        },
        "checks": {
            "passes": 5922,
            "fails": 0,
            "value": 1
        },
        "http_req_blocked": {
            "avg": 0.007408974501857478,
            "min": 0.000564,
            "med": 0.004089,
            "max": 1.042054,
            "p(90)": 0.006317,
            "p(95)": 0.00736
        },
        "http_req_connecting": {
            "avg": 0.002480481678486997,
            "min": 0,
            "med": 0,
            "max": 0.970864,
            "p(90)": 0,
            "p(95)": 0
        },
        "data_received": {
            "count": 4227315,
            "rate": 69608.05435435413
        },
        "vus_max": {
            "value": 100,
            "min": 100,
            "max": 100
        },
        "data_sent": {
            "count": 3853152,
            "rate": 63446.99031219304
        }
    }
}