{
    "root_group": {
        "name": "",
        "path": "",
        "id": "d41d8cd98f00b204e9800998ecf8427e",
        "groups": {},
        "checks": {
                "📦 статус 201": {
                    "path": "::📦 статус 201",
                    "id": "70a1e9b1e2064741c325237b51506fdc",
                    "passes": 5951,
                    "fails": 0,
                    "name": "📦 статус 201"
                }
            }
    },
    "metrics": {
        "iteration_duration": {
            "min": 1004.68585,
            "med": 1009.560208,
            "max": 1373.409033,
            "p(90)": 1033.551279,
            "p(95)": 1056.3901725,
            "avg": 1018.7829703656523
        },
        "iterations": {
            "count": 5951,
            "rate": 97.64719307984403
        },
        "data_received": {
            "count": 4280130,
            "rate": 70230.66384083898
        },
        "http_reqs": {
            "count": 11902,
            "rate": 195.29438615968806
        },
        "http_req_receiving": {
            "avg": 0.05011870189884023,
            "min": 0.005961,
            "med": 0.045709,
            "max": 1.64435,
            "p(90)": 0.0697736,
            "p(95)": 0.08083685
        },
        "http_req_tls_handshaking": {
            "min": 0,
            "med": 0,
            "max": 0,
            "p(90)": 0,
            "p(95)": 0,
            "avg": 0
        },
        "http_req_sending": {
            "min": 0.002186,
            "med": 0.015788,
            "max": 1.785747,
            "p(90)": 0.024660599999999998,
            "p(95)": 0.028469,
            "avg": 0.01846376314905071
        },
        "http_req_duration{expected_response:true}": {
            "min": 0.328793,
            "med": 4.402210999999999,
            "max": 372.455093,
            "p(90)": 16.38441869999999,
            "p(95)": 30.31191844999997,
            "avg": 8.989458891698856
        },
        "vus": {
            "value": 100,
            "min": 100,
            "max": 100
        },
        "vus_max": {
            "value": 100,
            "min": 100,
            "max": 100
        },
        "http_req_failed": {
            "fails": 11902,
            "passes": 0,
            "thresholds": {
                "rate<0.01": false
            },
            "value": 0
        },
        "http_req_connecting": {
            "avg": 0.0009533687615526801,
            "min": 0,
            "med": 0,
            "max": 0.423601,
            "p(90)": 0,
            "p(95)": 0
        },
        "data_sent": {
            "count": 3885726,
            "rate": 63759.07191688288
        },
        "http_req_waiting": {
            "max": 372.429613,
            "p(90)": 16.303940499999996,
            "p(95)": 30.241998,
            "avg": 8.920876426650995,
            "min": 0.290948,
            "med": 4.341766
        },
        "http_req_blocked": {
            "min": 0.000523,
            "med": 0.00418,
            "max": 1.835191,
            "p(90)": 0.006317,
            "p(95)": 0.007339949999999999,
            "avg": 0.008964075785582268
        },
        "checks": {
            "fails": 0,
            "passes": 5951,
            "value": 1
        },
        "http_req_duration": {
            "avg": 8.989458891698856,
            "min": 0.328793,
            "med": 4.402210999999999,
            "max": 372.455093,
            "p(90)": 16.38441869999999,
            "p(95)": 30.31191844999997,
            "thresholds": {
                "p(95)<300": false
            }
        }
    }
}