{
    "root_group": {
        "name": "",
        "path": "",
        "id": "d41d8cd98f00b204e9800998ecf8427e",
        "groups": {},
        "checks": {
                "статус 201": {
                    "name": "статус 201",
                    "path": "::статус 201",
                    "id": "c314df9557299c13c0b7848462734a62",
                    "passes": 5900,
                    "fails": 0
                }
            }
    },
    "metrics": {
        "http_req_blocked": {
            "avg": 0.010992962033898294,
            "min": 0.001083,
            "med": 0.005069,
            "max": 1.984098,
            "p(90)": 0.008306200000000005,
            "p(95)": 0.009801250000000001
        },
        "http_req_tls_handshaking": {
            "med": 0,
            "max": 0,
            "p(90)": 0,
            "p(95)": 0,
            "avg": 0,
            "min": 0
        },
        "http_reqs": {
            "count": 5900,
            "rate": 96.72567598686005,
            "thresholds": {
                "count>1000": false
            }
        },
        "checks": {
            "passes": 5900,
            "fails": 0,
            "value": 1
        },
        "http_req_connecting": {
            "max": 1.390554,
            "p(90)": 0,
            "p(95)": 0,
            "avg": 0.0034917010169491563,
            "min": 0,
            "med": 0
        },
        "http_req_failed": {
            "passes": 0,
            "fails": 5900,
            "thresholds": {
                "rate<0.01": false
            },
            "value": 0
        },
        "http_req_duration{expected_response:true}": {
            "avg": 29.36214893423722,
            "min": 7.734607,
            "med": 20.021085,
            "max": 355.701483,
            "p(90)": 41.469382500000016,
            "p(95)": 66.1669067
        },
        "http_req_sending": {
            "avg": 0.02421607220338991,
            "min": 0.002627,
            "med": 0.018313,
            "max": 1.706036,
            "p(90)": 0.032354500000000015,
            "p(95)": 0.04219325000000005
        },
        "vus": {
            "value": 22,
            "min": 22,
            "max": 100
        },
        "iteration_duration": {
            "avg": 1030.146447523898,
            "min": 1007.93762,
            "med": 1020.837672,
            "max": 1356.390116,
            "p(90)": 1042.5076843,
            "p(95)": 1067.2562149999999
        },
        "http_req_duration": {
            "avg": 29.36214893423722,
            "min": 7.734607,
            "med": 20.021085,
            "max": 355.701483,
            "p(90)": 41.469382500000016,
            "p(95)": 66.1669067,
            "thresholds": {
                "p(95)<500": false
            }
        },
        "data_sent": {
            "count": 1003645,
            "rate": 16453.93916539528
        },
        "data_received": {
            "count": 542800,
            "rate": 8898.762190791125
        },
        "http_req_receiving": {
            "p(95)": 0.08127525000000001,
            "avg": 0.04223777745762721,
            "min": 0.00465,
            "med": 0.0363625,
            "max": 1.873251,
            "p(90)": 0.07047020000000001
        },
        "iterations": {
            "count": 5900,
            "rate": 96.72567598686005
        },
        "http_req_waiting": {
            "avg": 29.295695084576284,
            "min": 7.68205,
            "med": 19.965842000000002,
            "max": 355.677192,
            "p(90)": 41.44176670000002,
            "p(95)": 65.96754885
        },
        "vus_max": {
            "value": 100,
            "min": 100,
            "max": 100
        }
    }
}