{
    "root_group": {
        "name": "",
        "path": "",
        "id": "d41d8cd98f00b204e9800998ecf8427e",
        "groups": {},
        "checks": {
                "статус 201": {
                    "path": "::статус 201",
                    "id": "c314df9557299c13c0b7848462734a62",
                    "passes": 5817,
                    "fails": 0,
                    "name": "статус 201"
                }
            }
    },
    "metrics": {
        "http_req_waiting": {
            "avg": 35.551397214887515,
            "min": 7.73303,
            "med": 23.738627,
            "max": 306.869193,
            "p(90)": 58.116309800000074,
            "p(95)": 133.31061880000001
        },
        "data_sent": {
            "count": 989524,
            "rate": 16252.131513095626
        },
        "http_req_connecting": {
            "avg": 0.011480658758810382,
            "min": 0,
            "med": 0,
            "max": 3.043064,
            "p(90)": 0,
            "p(95)": 0
        },
        "http_req_tls_handshaking": {
            "min": 0,
            "med": 0,
            "max": 0,
            "p(90)": 0,
            "p(95)": 0,
            "avg": 0
        },
        "http_reqs": {
            "count": 5817,
            "rate": 95.53952103402975,
            "thresholds": {
                "count>1000": false
            }
        },
        "http_req_blocked": {
            "max": 9.757232,
            "p(90)": 0.007246200000000001,
            "p(95)": 0.008490799999999995,
            "avg": 0.02774186058105559,
            "min": 0.000849,
            "med": 0.003523
        },
        "data_received": {
            "count": 535164,
            "rate": 8789.635935130736
        },
        "http_req_sending": {
            "avg": 0.024329431837717026,
            "min": 0.002269,
            "med": 0.011945,
            "max": 3.884606,
            "p(90)": 0.027034800000000015,
            "p(95)": 0.03703919999999998
        },
        "vus_max": {
            "value": 100,
            "min": 100,
            "max": 100
        },
        "vus": {
            "value": 100,
            "min": 100,
            "max": 100
        },
        "http_req_duration": {
            "p(90)": 58.14189720000008,
            "p(95)": 133.4458146,
            "avg": 35.604993910434835,
            "min": 7.78206,
            "med": 23.782094,
            "max": 306.904217,
            "thresholds": {
                "p(95)<500": false
            }
        },
        "http_req_failed": {
            "passes": 0,
            "fails": 5817,
            "thresholds": {
                "rate<0.01": false
            },
            "value": 0
        },
        "iterations": {
            "count": 5817,
            "rate": 95.53952103402975
        },
        "http_req_receiving": {
            "avg": 0.029267263709816027,
            "min": 0.004058,
            "med": 0.020698,
            "max": 1.294314,
            "p(90)": 0.057037000000000004,
            "p(95)": 0.0722636
        },
        "checks": {
            "passes": 5817,
            "fails": 0,
            "value": 1
        },
        "iteration_duration": {
            "max": 1308.272861,
            "p(90)": 1059.084397,
            "p(95)": 1133.7815228,
            "avg": 1036.3753114050198,
            "min": 1008.304202,
            "med": 1024.583104
        },
        "http_req_duration{expected_response:true}": {
            "max": 306.904217,
            "p(90)": 58.14189720000008,
            "p(95)": 133.4458146,
            "avg": 35.604993910434835,
            "min": 7.78206,
            "med": 23.782094
        }
    }
}