{
    "root_group": {
        "id": "d41d8cd98f00b204e9800998ecf8427e",
        "groups": {},
        "checks": {
                "статус 201": {
                    "name": "статус 201",
                    "path": "::статус 201",
                    "id": "c314df9557299c13c0b7848462734a62",
                    "passes": 5870,
                    "fails": 0
                }
            },
        "name": "",
        "path": ""
    },
    "metrics": {
        "http_req_failed": {
            "passes": 0,
            "fails": 5870,
            "thresholds": {
                "rate<0.01": false
            },
            "value": 0
        },
        "http_req_receiving": {
            "avg": 0.03941865741056223,
            "min": 0.004254,
            "med": 0.032582,
            "max": 0.821859,
            "p(90)": 0.06939250000000002,
            "p(95)": 0.08058295000000001
        },
        "vus": {
            "value": 14,
            "min": 14,
            "max": 100
        },
        "vus_max": {
            "value": 100,
            "min": 100,
            "max": 100
        },
        "data_sent": {
            "count": 998353,
            "rate": 16366.358414817163
        },
        "http_reqs": {
            "count": 5870,
            "rate": 96.22901307951872,
            "thresholds": {
                "count>1000": false
            }
        },
        "http_req_duration{expected_response:true}": {
            "med": 21.2142465,
            "max": 335.917881,
            "p(90)": 48.655274700000014,
            "p(95)": 75.23692080000001,
            "avg": 30.915293121805714,
            "min": 6.500499
        },
        "http_req_blocked": {
            "med": 0.004798,
            "max": 6.23906,
            "p(90)": 0.008273100000000002,
            "p(95)": 0.009765400000000002,
            "avg": 0.037210200681431035,
            "min": 0.00089
        },
        "iteration_duration": {
            "avg": 1031.7589849640547,
            "min": 1007.49834,
            "med": 1021.9522085,
            "max": 1336.356535,
            "p(90)": 1049.6311672000002,
            "p(95)": 1078.3607986499999
        },
        "checks": {
            "passes": 5870,
            "fails": 0,
            "value": 1
        },
        "iterations": {
            "count": 5870,
            "rate": 96.22901307951872
        },
        "http_req_duration": {
            "p(90)": 48.655274700000014,
            "p(95)": 75.23692080000001,
            "avg": 30.915293121805714,
            "min": 6.500499,
            "med": 21.2142465,
            "max": 335.917881,
            "thresholds": {
                "p(95)<500": false
            }
        },
        "http_req_waiting": {
            "avg": 30.849522459284568,
            "min": 6.447938,
            "med": 21.1432475,
            "max": 335.86174,
            "p(90)": 48.628128100000005,
            "p(95)": 74.94200295
        },
        "data_received": {
            "count": 540040,
            "rate": 8853.069203315721
        },
        "http_req_sending": {
            "avg": 0.02635200511073265,
            "min": 0.002746,
            "med": 0.016856,
            "max": 4.010185,
            "p(90)": 0.03168520000000001,
            "p(95)": 0.03947150000000001
        },
        "http_req_connecting": {
            "p(90)": 0,
            "p(95)": 0,
            "avg": 0.02848471976149915,
            "min": 0,
            "med": 0,
            "max": 3.120498
        },
        "http_req_tls_handshaking": {
            "max": 0,
            "p(90)": 0,
            "p(95)": 0,
            "avg": 0,
            "min": 0,
            "med": 0
        }
    }
}