{
    "root_group": {
        "groups": {},
        "checks": {
                "статус 201": {
                    "name": "статус 201",
                    "path": "::статус 201",
                    "id": "c314df9557299c13c0b7848462734a62",
                    "passes": 5839,
                    "fails": 0
                }
            },
        "name": "",
        "path": "",
        "id": "d41d8cd98f00b204e9800998ecf8427e"
    },
    "metrics": {
        "checks": {
            "passes": 5839,
            "fails": 0,
            "value": 1
        },
        "vus": {
            "min": 6,
            "max": 100,
            "value": 6
        },
        "http_req_tls_handshaking": {
            "avg": 0,
            "min": 0,
            "med": 0,
            "max": 0,
            "p(90)": 0,
            "p(95)": 0
        },
        "iteration_duration": {
            "avg": 1032.5751164124022,
            "min": 1008.092423,
            "med": 1021.436188,
            "max": 1366.176156,
            "p(90)": 1050.283048,
            "p(95)": 1080.9885150999999
        },
        "http_req_connecting": {
            "p(95)": 0,
            "avg": 0.005252303819147114,
            "min": 0,
            "med": 0,
            "max": 1.372427,
            "p(90)": 0
        },
        "http_req_failed": {
            "passes": 0,
            "fails": 5839,
            "thresholds": {
                "rate<0.01": false
            },
            "value": 0
        },
        "http_req_blocked": {
            "avg": 0.011976143175201232,
            "min": 0.000856,
            "med": 0.004471,
            "max": 1.410522,
            "p(90)": 0.008215199999999999,
            "p(95)": 0.0096911
        },
        "http_req_sending": {
            "avg": 0.02135984192498708,
            "min": 0.002525,
            "med": 0.015799,
            "max": 0.869006,
            "p(90)": 0.030931999999999998,
            "p(95)": 0.0398563
        },
        "http_req_receiving": {
            "avg": 0.03906704675458121,
            "min": 0.004226,
            "med": 0.03147,
            "max": 1.340406,
            "p(90)": 0.06888679999999998,
            "p(95)": 0.081478
        },
        "http_reqs": {
            "rate": 95.72150838082939,
            "count": 5839,
            "thresholds": {
                "count>1000": false
            }
        },
        "data_sent": {
            "count": 993156,
            "rate": 16281.27939329868
        },
        "data_received": {
            "count": 537188,
            "rate": 8806.378771036305
        },
        "http_req_duration": {
            "avg": 31.792284927727508,
            "min": 7.681317,
            "med": 20.507839,
            "max": 365.642259,
            "p(90)": 49.248894999999976,
            "p(95)": 79.7828117,
            "thresholds": {
                "p(95)<500": false
            }
        },
        "vus_max": {
            "min": 100,
            "max": 100,
            "value": 100
        },
        "iterations": {
            "count": 5839,
            "rate": 95.72150838082939
        },
        "http_req_duration{expected_response:true}": {
            "avg": 31.792284927727508,
            "min": 7.681317,
            "med": 20.507839,
            "max": 365.642259,
            "p(90)": 49.248894999999976,
            "p(95)": 79.7828117
        },
        "http_req_waiting": {
            "max": 365.615274,
            "p(90)": 49.219268399999976,
            "p(95)": 79.63128839999997,
            "avg": 31.73185803904781,
            "min": 7.628621,
            "med": 20.43164
        }
    }
}