{
    "root_group": {
        "groups": {},
        "checks": {
                "статус 201": {
                    "path": "::статус 201",
                    "id": "c314df9557299c13c0b7848462734a62",
                    "passes": 5868,
                    "fails": 0,
                    "name": "статус 201"
                }
            },
        "name": "",
        "path": "",
        "id": "d41d8cd98f00b204e9800998ecf8427e"
    },
    "metrics": {
        "http_req_waiting": {
            "avg": 32.221658491990326,
            "min": 7.749483,
            "med": 21.903734,
            "max": 360.692338,
            "p(90)": 49.409752100000006,
            "p(95)": 99.89446134999999
        },
        "iterations": {
            "count": 5868,
            "rate": 96.175626047176
        },
        "checks": {
            "passes": 5868,
            "fails": 0,
            "value": 1
        },
        "http_req_duration{expected_response:true}": {
            "p(90)": 49.5031515,
            "p(95)": 100.25394584999994,
            "avg": 32.28145067348322,
            "min": 7.793696,
            "med": 21.938062000000002,
            "max": 360.772804
        },
        "http_req_connecting": {
            "avg": 0.010164747443762782,
            "min": 0,
            "med": 0,
            "max": 1.933014,
            "p(90)": 0,
            "p(95)": 0
        },
        "http_req_duration": {
            "p(95)": 100.25394584999994,
            "avg": 32.28145067348322,
            "min": 7.793696,
            "med": 21.938062000000002,
            "max": 360.772804,
            "p(90)": 49.5031515,
            "thresholds": {
                "p(95)<500": false
            }
        },
        "http_req_receiving": {
            "avg": 0.03563181271301978,
            "min": 0.004491,
            "med": 0.0259405,
            "max": 1.823988,
            "p(90)": 0.06449830000000001,
            "p(95)": 0.0768392
        },
        "http_reqs": {
            "count": 5868,
            "rate": 96.175626047176,
            "thresholds": {
                "count>1000": false
            }
        },
        "data_sent": {
            "count": 997957,
            "rate": 16356.363197539471
        },
        "http_req_failed": {
            "fails": 5868,
            "passes": 0,
            "thresholds": {
                "rate<0.01": false
            },
            "value": 0
        },
        "http_req_blocked": {
            "p(90)": 0.0077672999999999996,
            "p(95)": 0.009055249999999999,
            "avg": 0.015950606680299857,
            "min": 0.000837,
            "med": 0.004021500000000001,
            "max": 2.01533
        },
        "http_req_tls_handshaking": {
            "p(95)": 0,
            "avg": 0,
            "min": 0,
            "med": 0,
            "max": 0,
            "p(90)": 0
        },
        "http_req_sending": {
            "avg": 0.024160368779822843,
            "min": 0.002235,
            "med": 0.014205,
            "max": 1.917766,
            "p(90)": 0.030878400000000004,
            "p(95)": 0.04837579999999983
        },
        "vus": {
            "value": 13,
            "min": 13,
            "max": 100
        },
        "vus_max": {
            "value": 100,
            "min": 100,
            "max": 100
        },
        "data_received": {
            "count": 539856,
            "rate": 8848.157596340192
        },
        "iteration_duration": {
            "min": 1008.248632,
            "med": 1022.6822115,
            "max": 1361.777419,
            "p(90)": 1050.4524935,
            "p(95)": 1101.7328160999991,
            "avg": 1033.0187585180613
        }
    }
}