{
    "metrics": {
        "data_sent": {
            "count": 904928,
            "rate": 16625.90741975034
        },
        "vus_max": {
            "value": 100,
            "min": 100,
            "max": 100
        },
        "data_received": {
            "count": 489532,
            "rate": 8993.990362774965
        },
        "http_req_duration{expected_response:true}": {
            "min": 6.381918,
            "med": 22.989682,
            "max": 483.759527,
            "p(90)": 45.604717,
            "p(95)": 60.030177,
            "avg": 30.86349943281329
        },
        "http_req_sending": {
            "avg": 0.029268452170644478,
            "min": 0.002345,
            "med": 0.015409,
            "max": 2.528503,
            "p(90)": 0.031791,
            "p(95)": 0.050331
        },
        "http_req_waiting": {
            "p(95)": 59.673871,
            "avg": 30.795197380943307,
            "min": 6.328027,
            "med": 22.933782,
            "max": 483.677582,
            "p(90)": 45.520367
        },
        "http_req_receiving": {
            "avg": 0.03903359969930459,
            "min": 0.004561,
            "med": 0.028238,
            "max": 1.18915,
            "p(90)": 0.068666,
            "p(95)": 0.081954
        },
        "vus": {
            "value": 100,
            "min": 100,
            "max": 100
        },
        "http_req_duration": {
            "med": 22.989682,
            "max": 483.759527,
            "p(90)": 45.604717,
            "p(95)": 60.030177,
            "avg": 30.86349943281329,
            "min": 6.381918,
            "thresholds": {
                "p(95)<500": false
            }
        },
        "http_req_connecting": {
            "avg": 0.004551443337718474,
            "min": 0,
            "med": 0,
            "max": 0.881364,
            "p(90)": 0,
            "p(95)": 0
        },
        "http_req_tls_handshaking": {
            "max": 0,
            "p(90)": 0,
            "p(95)": 0,
            "avg": 0,
            "min": 0,
            "med": 0
        },
        "iterations": {
            "rate": 95.92350180181906,
            "count": 5221
        },
        "checks": {
            "passes": 5321,
            "fails": 0,
            "value": 1
        },
        "http_req_failed": {
            "passes": 0,
            "fails": 5321,
            "thresholds": {
                "rate<0.01": false
            },
            "value": 0
        },
        "http_req_blocked": {
            "p(95)": 0.009636,
            "avg": 0.011882073670362741,
            "min": 0.000858,
            "med": 0.004399,
            "max": 3.407226,
            "p(90)": 0.008154
        },
        "iteration_duration": {
            "avg": 1032.1092454200327,
            "min": 1007.296289,
            "med": 1024.272146,
            "max": 1484.198172,
            "p(90)": 1046.93535,
            "p(95)": 1061.338189
        },
        "http_reqs": {
            "count": 5321,
            "rate": 97.76076481277136,
            "thresholds": {
                "count>1000": false
            }
        }
    },
    "root_group": {
        "groups": {},
        "checks": {
                "статус 201": {
                    "name": "статус 201",
                    "path": "::статус 201",
                    "id": "c314df9557299c13c0b7848462734a62",
                    "passes": 5321,
                    "fails": 0
                }
            },
        "name": "",
        "path": "",
        "id": "d41d8cd98f00b204e9800998ecf8427e"
    }
}