{
    "root_group": {
        "id": "d41d8cd98f00b204e9800998ecf8427e",
        "groups": {},
        "checks": {
                "статус 201": {
                    "fails": 0,
                    "name": "статус 201",
                    "path": "::статус 201",
                    "id": "c314df9557299c13c0b7848462734a62",
                    "passes": 5900
                }
            },
        "name": "",
        "path": ""
    },
    "metrics": {
        "http_req_waiting": {
            "avg": 26.196784850169497,
            "min": 7.487426,
            "med": 20.245992,
            "max": 342.288549,
            "p(90)": 44.8238098,
            "p(95)": 59.6726789
        },
        "data_received": {
            "count": 542800,
            "rate": 8928.8712829682
        },
        "iteration_duration": {
            "p(95)": 1061.0060298,
            "avg": 1027.0162895313586,
            "min": 1007.932028,
            "med": 1021.0779615,
            "max": 1343.113913,
            "p(90)": 1045.5321308
        },
        "http_reqs": {
            "count": 5900,
            "rate": 97.05294872791524,
            "thresholds": {
                "count>1000": false
            }
        },
        "http_req_receiving": {
            "avg": 0.03649815525423729,
            "min": 0.00439,
            "med": 0.028728,
            "max": 1.105178,
            "p(90)": 0.06538430000000003,
            "p(95)": 0.0766224
        },
        "vus": {
            "value": 100,
            "min": 100,
            "max": 100
        },
        "http_req_connecting": {
            "avg": 0.010058266271186436,
            "min": 0,
            "med": 0,
            "max": 1.932274,
            "p(90)": 0,
            "p(95)": 0
        },
        "http_req_failed": {
            "passes": 0,
            "fails": 5900,
            "thresholds": {
                "rate<0.01": false
            },
            "value": 0
        },
        "http_req_blocked": {
            "avg": 0.016575720677966144,
            "min": 0.001088,
            "med": 0.004210500000000001,
            "max": 1.971469,
            "p(90)": 0.0078551,
            "p(95)": 0.00921
        },
        "http_req_tls_handshaking": {
            "med": 0,
            "max": 0,
            "p(90)": 0,
            "p(95)": 0,
            "avg": 0,
            "min": 0
        },
        "http_req_sending": {
            "min": 0.002583,
            "med": 0.014700999999999999,
            "max": 2.154885,
            "p(90)": 0.029598300000000008,
            "p(95)": 0.039000700000000096,
            "avg": 0.023427321864406887
        },
        "http_req_duration{expected_response:true}": {
            "max": 342.317499,
            "p(90)": 44.91695420000001,
            "p(95)": 59.99984390000001,
            "avg": 26.256710327288026,
            "min": 7.534601,
            "med": 20.3113855
        },
        "data_sent": {
            "count": 1003451,
            "rate": 16506.42007694496
        },
        "http_req_duration": {
            "avg": 26.256710327288026,
            "min": 7.534601,
            "med": 20.3113855,
            "max": 342.317499,
            "p(90)": 44.91695420000001,
            "p(95)": 59.99984390000001,
            "thresholds": {
                "p(95)<500": false
            }
        },
        "iterations": {
            "count": 5900,
            "rate": 97.05294872791524
        },
        "checks": {
            "passes": 5900,
            "fails": 0,
            "value": 1
        },
        "vus_max": {
            "value": 100,
            "min": 100,
            "max": 100
        }
    }
}