{
    "root_group": {
        "id": "d41d8cd98f00b204e9800998ecf8427e",
        "groups": {},
        "checks": {
                "статус 201": {
                    "name": "статус 201",
                    "path": "::статус 201",
                    "id": "c314df9557299c13c0b7848462734a62",
                    "passes": 5900,
                    "fails": 0
                }
            },
        "name": "",
        "path": ""
    },
    "metrics": {
        "http_req_connecting": {
            "med": 0,
            "max": 1.443282,
            "p(90)": 0,
            "p(95)": 0,
            "avg": 0.0017128144067796607,
            "min": 0
        },
        "http_req_blocked": {
            "avg": 0.008595491355932202,
            "min": 0.001008,
            "med": 0.0042065,
            "max": 1.576792,
            "p(90)": 0.007900300000000002,
            "p(95)": 0.009136600000000002
        },
        "data_received": {
            "count": 542800,
            "rate": 8897.645407134336
        },
        "iterations": {
            "count": 5900,
            "rate": 96.71353703406886
        },
        "http_reqs": {
            "count": 5900,
            "rate": 96.71353703406886,
            "thresholds": {
                "count>1000": false
            }
        },
        "http_req_tls_handshaking": {
            "p(95)": 0,
            "avg": 0,
            "min": 0,
            "med": 0,
            "max": 0,
            "p(90)": 0
        },
        "http_req_waiting": {
            "p(90)": 46.2395595,
            "p(95)": 55.87294065,
            "avg": 29.5215061861018,
            "min": 6.032881,
            "med": 22.073277500000003,
            "max": 352.336225
        },
        "http_req_duration": {
            "p(90)": 46.2864427,
            "p(95)": 55.8943461,
            "avg": 29.579258189152487,
            "min": 6.085025,
            "med": 22.1336485,
            "max": 352.356244,
            "thresholds": {
                "p(95)<500": false
            }
        },
        "checks": {
            "passes": 5900,
            "fails": 0,
            "value": 1
        },
        "iteration_duration": {
            "p(90)": 1047.792387,
            "p(95)": 1057.4897022999999,
            "avg": 1030.3976654615226,
            "min": 1006.421874,
            "med": 1022.9096495,
            "max": 1352.617722
        },
        "http_req_failed": {
            "fails": 5900,
            "passes": 0,
            "thresholds": {
                "rate<0.01": false
            },
            "value": 0
        },
        "vus": {
            "value": 12,
            "min": 12,
            "max": 100
        },
        "http_req_sending": {
            "p(90)": 0.030511600000000003,
            "p(95)": 0.04337345,
            "avg": 0.02200620762711872,
            "min": 0.002626,
            "med": 0.0149365,
            "max": 1.465946
        },
        "data_sent": {
            "count": 1003678,
            "rate": 16452.415156488165
        },
        "http_req_receiving": {
            "p(90)": 0.06642400000000002,
            "p(95)": 0.07841245000000002,
            "avg": 0.03574579542372883,
            "min": 0.004121,
            "med": 0.025147,
            "max": 1.121406
        },
        "http_req_duration{expected_response:true}": {
            "avg": 29.579258189152487,
            "min": 6.085025,
            "med": 22.1336485,
            "max": 352.356244,
            "p(90)": 46.2864427,
            "p(95)": 55.8943461
        },
        "vus_max": {
            "max": 100,
            "value": 100,
            "min": 100
        }
    }
}