{
    "root_group": {
        "checks": {
            "статус 201": {
                "fails": 0,
                "name": "статус 201",
                "path": "::статус 201",
                "id": "c314df9557299c13c0b7848462734a62",
                "passes": 5900
            }
        },
        "name": "",
        "path": "",
        "id": "d41d8cd98f00b204e9800998ecf8427e",
        "groups": {}
    },
    "metrics": {
        "http_req_receiving": {
            "avg": 0.03843558118644076,
            "min": 0.004481,
            "med": 0.0282035,
            "max": 1.194692,
            "p(90)": 0.06724100000000001,
            "p(95)": 0.07808675000000001
        },
        "vus_max": {
            "max": 100,
            "value": 100,
            "min": 100
        },
        "http_req_waiting": {
            "med": 21.357728,
            "max": 328.873018,
            "p(90)": 46.7068993,
            "p(95)": 56.38315115000002,
            "avg": 28.85281611779667,
            "min": 7.819981
        },
        "checks": {
            "passes": 5900,
            "fails": 0,
            "value": 1
        },
        "http_req_blocked": {
            "min": 0.000846,
            "med": 0.004574,
            "max": 9.745921,
            "p(90)": 0.008255,
            "p(95)": 0.009785350000000002,
            "avg": 0.02530979677966094
        },
        "vus": {
            "value": 100,
            "min": 100,
            "max": 100
        },
        "http_req_duration": {
            "avg": 28.92403906305081,
            "min": 7.862555,
            "med": 21.4192065,
            "max": 328.929128,
            "p(90)": 46.74237300000001,
            "p(95)": 56.55570395,
            "thresholds": {
                "p(95)<500": false
            }
        },
        "http_req_tls_handshaking": {
            "p(90)": 0,
            "p(95)": 0,
            "avg": 0,
            "min": 0,
            "med": 0,
            "max": 0
        },
        "iteration_duration": {
            "p(90)": 1047.6399456,
            "p(95)": 1058.37541825,
            "avg": 1029.744007239153,
            "min": 1008.540616,
            "med": 1022.2804685,
            "max": 1330.058779
        },
        "http_req_failed": {
            "passes": 0,
            "fails": 5900,
            "thresholds": {
                "rate<0.01": false
            },
            "value": 0
        },
        "data_received": {
            "count": 542800,
            "rate": 8908.833477577835
        },
        "data_sent": {
            "count": 1003501,
            "rate": 16470.197685303676
        },
        "http_req_duration{expected_response:true}": {
            "avg": 28.92403906305081,
            "min": 7.862555,
            "med": 21.4192065,
            "max": 328.929128,
            "p(90)": 46.74237300000001,
            "p(95)": 56.55570395
        },
        "http_req_connecting": {
            "max": 1.036183,
            "p(90)": 0,
            "p(95)": 0,
            "avg": 0.004169082033898303,
            "min": 0,
            "med": 0
        },
        "iterations": {
            "count": 5900,
            "rate": 96.83514649541125
        },
        "http_reqs": {
            "count": 5900,
            "rate": 96.83514649541125,
            "thresholds": {
                "count>1000": false
            }
        },
        "http_req_sending": {
            "p(95)": 0.04081530000000004,
            "avg": 0.03278736406779655,
            "min": 0.002627,
            "med": 0.015999,
            "max": 9.411944,
            "p(90)": 0.031768
        }
    }
}