{
    "root_group": {
        "name": "",
        "path": "",
        "id": "d41d8cd98f00b204e9800998ecf8427e",
        "groups": {},
        "checks": {
                "статус 201": {
                    "passes": 5600,
                    "fails": 0,
                    "name": "статус 201",
                    "path": "::статус 201",
                    "id": "c314df9557299c13c0b7848462734a62"
                }
            }
    },
    "metrics": {
        "http_req_duration": {
            "p(95)": 62.310743450000004,
            "avg": 77.1580178001784,
            "min": 7.797747,
            "med": 20.237313,
            "max": 2953.749741,
            "p(90)": 45.14553720000001,
            "thresholds": {
                "p(95)<500": false
            }
        },
        "checks": {
            "passes": 5600,
            "fails": 0,
            "value": 1
        },
        "data_sent": {
            "count": 952622,
            "rate": 15695.623305047533
        },
        "vus": {
            "value": 100,
            "min": 100,
            "max": 100
        },
        "http_req_tls_handshaking": {
            "min": 0,
            "med": 0,
            "max": 0,
            "p(90)": 0,
            "p(95)": 0,
            "avg": 0
        },
        "http_req_failed": {
            "passes": 0,
            "fails": 5600,
            "thresholds": {
                "rate<0.01": false
            },
            "value": 0
        },
        "http_req_blocked": {
            "max": 1.709409,
            "p(90)": 0.0083402,
            "p(95)": 0.009912350000000002,
            "avg": 0.010937825178571423,
            "min": 0.000888,
            "med": 0.005179
        },
        "http_req_duration{expected_response:true}": {
            "med": 20.237313,
            "max": 2953.749741,
            "p(90)": 45.14553720000001,
            "p(95)": 62.310743450000004,
            "avg": 77.1580178001784,
            "min": 7.797747
        },
        "iterations": {
            "count": 5600,
            "rate": 92.26691227818189
        },
        "http_req_connecting": {
            "avg": 0.0035334960714285715,
            "min": 0,
            "med": 0,
            "max": 1.35086,
            "p(90)": 0,
            "p(95)": 0
        },
        "iteration_duration": {
            "max": 3956.044151,
            "p(90)": 1045.7562254,
            "p(95)": 1062.7893383,
            "avg": 1077.9252866901768,
            "min": 1008.169679,
            "med": 1021.0600234999999
        },
        "vus_max": {
            "value": 100,
            "min": 100,
            "max": 100
        },
        "http_req_waiting": {
            "med": 20.17649,
            "max": 2953.592523,
            "p(90)": 45.0784164,
            "p(95)": 62.267596100000006,
            "avg": 77.09336936053562,
            "min": 7.762745
        },
        "http_req_receiving": {
            "p(95)": 0.08602770000000001,
            "avg": 0.042813220178571386,
            "min": 0.003912,
            "med": 0.037563,
            "max": 1.265563,
            "p(90)": 0.0724601
        },
        "http_req_sending": {
            "p(95)": 0.03982950000000001,
            "avg": 0.021835219464285672,
            "min": 0.002869,
            "med": 0.018193,
            "max": 0.998097,
            "p(90)": 0.032568700000000006
        },
        "data_received": {
            "count": 515200,
            "rate": 8488.555929592734
        },
        "http_reqs": {
            "count": 5600,
            "rate": 92.26691227818189,
            "thresholds": {
                "count>1000": false
            }
        }
    }
}