{
    "root_group": {
        "groups": {},
        "checks": {
                "📦 статус 201": {
                    "id": "70a1e9b1e2064741c325237b51506fdc",
                    "passes": 5700,
                    "fails": 0,
                    "name": "📦 статус 201",
                    "path": "::📦 статус 201"
                }
            },
        "name": "",
        "path": "",
        "id": "d41d8cd98f00b204e9800998ecf8427e"
    },
    "metrics": {
        "http_reqs": {
            "count": 5700,
            "rate": 94.01848284447588
        },
        "http_req_blocked": {
            "p(95)": 0.024641250000000038,
            "avg": 0.06782460298245634,
            "min": 0.002205,
            "med": 0.013548000000000001,
            "max": 15.865694,
            "p(90)": 0.0189962
        },
        "http_req_tls_handshaking": {
            "p(90)": 0,
            "p(95)": 0,
            "avg": 0,
            "min": 0,
            "med": 0,
            "max": 0
        },
        "http_req_duration": {
            "p(90)": 89.64365690000001,
            "p(95)": 97.41338260000002,
            "avg": 55.628179288420995,
            "min": 2.85515,
            "med": 55.2938555,
            "max": 129.703196,
            "thresholds": {
                "p(95)<300": false
            }
        },
        "vus": {
            "value": 100,
            "min": 100,
            "max": 100
        },
        "iterations": {
            "count": 5700,
            "rate": 94.01848284447588
        },
        "http_req_failed": {
            "passes": 0,
            "fails": 5700,
            "thresholds": {
                "rate<0.01": false
            },
            "value": 0
        },
        "checks": {
            "passes": 5700,
            "fails": 0,
            "value": 1
        },
        "vus_max": {
            "max": 100,
            "value": 100,
            "min": 100
        },
        "http_req_duration{expected_response:true}": {
            "avg": 55.628179288420995,
            "min": 2.85515,
            "med": 55.2938555,
            "max": 129.703196,
            "p(90)": 89.64365690000001,
            "p(95)": 97.41338260000002
        },
        "http_req_sending": {
            "p(95)": 0.9823441500000002,
            "avg": 0.26159147333333194,
            "min": 0.009862,
            "med": 0.050385,
            "max": 62.260246,
            "p(90)": 0.2373956
        },
        "http_req_receiving": {
            "p(90)": 0.29072100000000006,
            "p(95)": 0.6526889000000007,
            "avg": 0.20871710087719264,
            "min": 0.016089,
            "med": 0.0815205,
            "max": 28.258819
        },
        "http_req_connecting": {
            "avg": 0.03450653631578947,
            "min": 0,
            "med": 0,
            "max": 4.407954,
            "p(90)": 0,
            "p(95)": 0
        },
        "data_received": {
            "count": 2178964,
            "rate": 35940.85779872466
        },
        "http_req_waiting": {
            "avg": 55.15787071421051,
            "min": 2.780685,
            "med": 54.9284595,
            "max": 129.589517,
            "p(90)": 88.7897389,
            "p(95)": 96.51211395
        },
        "data_sent": {
            "count": 1734361,
            "rate": 28607.366653443514
        },
        "iteration_duration": {
            "p(90)": 1095.0144022,
            "p(95)": 1104.5848595500001,
            "avg": 1060.1156381766668,
            "min": 1003.154092,
            "med": 1060.3278799999998,
            "max": 1168.559791
        }
    }
}