{
    "root_group": {
        "name": "",
        "path": "",
        "id": "d41d8cd98f00b204e9800998ecf8427e",
        "groups": {},
        "checks": {
                "статус 200": {
                    "name": "статус 200",
                    "path": "::статус 200",
                    "id": "63fd587a2004924fac2f18b343720cda",
                    "passes": 5981,
                    "fails": 0
                },
                "ответ содержит orderId": {
                    "fails": 0,
                    "name": "ответ содержит orderId",
                    "path": "::ответ содержит orderId",
                    "id": "9b0caa480d77dd97e7e57f2f6d3f304a",
                    "passes": 5981
                }
            }
    },
    "metrics": {
        "http_req_tls_handshaking": {
            "max": 0,
            "p(90)": 0,
            "p(95)": 0,
            "avg": 0,
            "min": 0,
            "med": 0
        },
        "http_reqs": {
            "count": 5981,
            "rate": 98.05194219871738,
            "thresholds": {
                "count>1000": false
            }
        },
        "iteration_duration": {
            "max": 1155.848608,
            "p(90)": 1021.810075,
            "p(95)": 1033.12454,
            "avg": 1013.1995718613917,
            "min": 1004.72863,
            "med": 1008.281109
        },
        "http_req_failed": {
            "passes": 0,
            "fails": 5981,
            "thresholds": {
                "rate<0.01": false
            },
            "value": 0
        },
        "http_req_duration": {
            "min": 4.24006,
            "med": 7.408539,
            "max": 153.159221,
            "p(90)": 20.776636,
            "p(95)": 31.820998,
            "avg": 12.209090062698559,
            "thresholds": {
                "p(95)<300": false
            }
        },
        "http_req_blocked": {
            "p(90)": 0.00959,
            "p(95)": 0.012401,
            "avg": 0.038848299281056604,
            "min": 0.002854,
            "med": 0.006498,
            "max": 17.762132
        },
        "http_req_sending": {
            "avg": 0.05761624745025905,
            "min": 0.007831,
            "med": 0.018399,
            "max": 25.90424,
            "p(90)": 0.030279,
            "p(95)": 0.040816
        },
        "data_received": {
            "count": 4563814,
            "rate": 74818.73040188885
        },
        "checks": {
            "passes": 11962,
            "fails": 0,
            "value": 1
        },
        "http_req_connecting": {
            "p(95)": 0,
            "avg": 0.016091478180906203,
            "min": 0,
            "med": 0,
            "max": 17.641695,
            "p(90)": 0
        },
        "vus": {
            "max": 100,
            "value": 5,
            "min": 5
        },
        "http_req_waiting": {
            "max": 141.475816,
            "p(90)": 20.592923,
            "p(95)": 31.649868,
            "avg": 12.040612832469522,
            "min": 4.153051,
            "med": 7.29456
        },
        "data_sent": {
            "count": 515796,
            "rate": 8455.910312377468
        },
        "http_req_duration{expected_response:true}": {
            "avg": 12.209090062698559,
            "min": 4.24006,
            "med": 7.408539,
            "max": 153.159221,
            "p(90)": 20.776636,
            "p(95)": 31.820998
        },
        "vus_max": {
            "value": 100,
            "min": 100,
            "max": 100
        },
        "iterations": {
            "count": 5981,
            "rate": 98.05194219871738
        },
        "http_req_receiving": {
            "p(95)": 0.278945,
            "avg": 0.1108609827787996,
            "min": 0.024349,
            "med": 0.072276,
            "max": 7.504993,
            "p(90)": 0.148872
        }
    }
}