{
    "root_group": {
        "checks": {
            "статус 200": {
                "name": "статус 200",
                "path": "::статус 200",
                "id": "63fd587a2004924fac2f18b343720cda",
                "passes": 5989,
                "fails": 0
            },
            "ответ содержит orderId": {
                "id": "9b0caa480d77dd97e7e57f2f6d3f304a",
                "passes": 5989,
                "fails": 0,
                "name": "ответ содержит orderId",
                "path": "::ответ содержит orderId"
            }
        },
        "name": "",
        "path": "",
        "id": "d41d8cd98f00b204e9800998ecf8427e",
        "groups": {}
    },
    "metrics": {
        "iterations": {
            "count": 5989,
            "rate": 98.16618323225306
        },
        "http_req_blocked": {
            "max": 20.452372,
            "p(90)": 0.0094656,
            "p(95)": 0.012337799999999996,
            "avg": 0.07362148906328266,
            "min": 0.002596,
            "med": 0.006679
        },
        "checks": {
            "passes": 11978,
            "fails": 0,
            "value": 1
        },
        "http_req_duration": {
            "p(90)": 22.135289799999985,
            "p(95)": 30.710120799999988,
            "avg": 12.446304940557779,
            "min": 4.297984,
            "med": 8.038083,
            "max": 153.146759,
            "thresholds": {
                "p(95)<300": false
            }
        },
        "iteration_duration": {
            "avg": 1013.4135582083818,
            "min": 1004.82733,
            "med": 1008.926041,
            "max": 1160.751129,
            "p(90)": 1023.2476834,
            "p(95)": 1031.7425535999998
        },
        "http_req_duration{expected_response:true}": {
            "med": 8.038083,
            "max": 153.146759,
            "p(90)": 22.135289799999985,
            "p(95)": 30.710120799999988,
            "avg": 12.446304940557779,
            "min": 4.297984
        },
        "http_req_sending": {
            "p(90)": 0.028841999999999993,
            "p(95)": 0.04199419999999997,
            "avg": 0.04210418650859917,
            "min": 0.007642,
            "med": 0.01822,
            "max": 9.054174
        },
        "http_req_waiting": {
            "avg": 12.294775451494424,
            "min": 4.235146,
            "med": 7.903078,
            "max": 151.503029,
            "p(90)": 21.885788599999998,
            "p(95)": 30.59227379999999
        },
        "vus": {
            "value": 10,
            "min": 10,
            "max": 100
        },
        "vus_max": {
            "value": 100,
            "min": 100,
            "max": 100
        },
        "http_reqs": {
            "count": 5989,
            "rate": 98.16618323225306,
            "thresholds": {
                "count>1000": false
            }
        },
        "data_sent": {
            "count": 516524,
            "rate": 8466.386646828565
        },
        "http_req_failed": {
            "passes": 0,
            "fails": 5989,
            "thresholds": {
                "rate<0.01": false
            },
            "value": 0
        },
        "http_req_connecting": {
            "min": 0,
            "med": 0,
            "max": 8.483261,
            "p(90)": 0,
            "p(95)": 0,
            "avg": 0.053416497077976285
        },
        "data_received": {
            "count": 4571607,
            "rate": 74933.5799679163
        },
        "http_req_tls_handshaking": {
            "avg": 0,
            "min": 0,
            "med": 0,
            "max": 0,
            "p(90)": 0,
            "p(95)": 0
        },
        "http_req_receiving": {
            "avg": 0.10942530255468401,
            "min": 0.022603,
            "med": 0.073096,
            "max": 5.636088,
            "p(90)": 0.15470719999999996,
            "p(95)": 0.31144219999999906
        }
    }
}