{
    "root_group": {
        "groups": {},
        "checks": {
                "статус 200": {
                    "name": "статус 200",
                    "path": "::статус 200",
                    "id": "63fd587a2004924fac2f18b343720cda",
                    "passes": 5999,
                    "fails": 0
                },
                "ответ содержит orderId": {
                    "path": "::ответ содержит orderId",
                    "id": "9b0caa480d77dd97e7e57f2f6d3f304a",
                    "passes": 5999,
                    "fails": 0,
                    "name": "ответ содержит orderId"
                }
            },
        "name": "",
        "path": "",
        "id": "d41d8cd98f00b204e9800998ecf8427e"
    },
    "metrics": {
        "http_req_connecting": {
            "avg": 0.01948129204867478,
            "min": 0,
            "med": 0,
            "max": 29.250305,
            "p(90)": 0,
            "p(95)": 0
        },
        "http_req_tls_handshaking": {
            "p(90)": 0,
            "p(95)": 0,
            "avg": 0,
            "min": 0,
            "med": 0,
            "max": 0
        },
        "http_req_failed": {
            "passes": 0,
            "fails": 5999,
            "thresholds": {
                "rate<0.01": false
            },
            "value": 0
        },
        "http_req_receiving": {
            "avg": 0.1098854564094019,
            "min": 0.024509,
            "med": 0.073355,
            "max": 10.961579,
            "p(90)": 0.14418759999999994,
            "p(95)": 0.27897169999999977
        },
        "vus_max": {
            "value": 100,
            "min": 100,
            "max": 100
        },
        "data_received": {
            "count": 4587565,
            "rate": 75196.33850012331
        },
        "checks": {
            "passes": 11998,
            "fails": 0,
            "value": 1
        },
        "data_sent": {
            "count": 517295,
            "rate": 8479.158316976716
        },
        "vus": {
            "value": 8,
            "min": 8,
            "max": 100
        },
        "http_req_duration": {
            "p(90)": 16.243623799999998,
            "p(95)": 26.21134639999983,
            "avg": 11.597563062843756,
            "min": 4.171319,
            "med": 7.283302,
            "max": 184.118455,
            "thresholds": {
                "p(95)<300": false
            }
        },
        "iteration_duration": {
            "avg": 1012.6394679704988,
            "min": 1004.388738,
            "med": 1008.070286,
            "max": 1187.647947,
            "p(90)": 1017.2573308000001,
            "p(95)": 1027.0825432999998
        },
        "http_req_blocked": {
            "avg": 0.031279761460243354,
            "min": 0.002215,
            "med": 0.006407,
            "max": 29.320027,
            "p(90)": 0.008921,
            "p(95)": 0.010989599999999997
        },
        "http_req_sending": {
            "max": 5.766017,
            "p(90)": 0.028426999999999997,
            "p(95)": 0.037937599999999995,
            "avg": 0.029664532422070337,
            "min": 0.00628,
            "med": 0.017994
        },
        "http_reqs": {
            "count": 5999,
            "rate": 98.33164972316244,
            "thresholds": {
                "count>1000": false
            }
        },
        "http_req_duration{expected_response:true}": {
            "avg": 11.597563062843756,
            "min": 4.171319,
            "med": 7.283302,
            "max": 184.118455,
            "p(90)": 16.243623799999998,
            "p(95)": 26.21134639999983
        },
        "http_req_waiting": {
            "avg": 11.45801307401228,
            "min": 4.111411,
            "med": 7.162276,
            "max": 183.952747,
            "p(90)": 16.010652999999994,
            "p(95)": 25.907777699999933
        },
        "iterations": {
            "count": 5999,
            "rate": 98.33164972316244
        }
    }
}