{
    "root_group": {
        "id": "d41d8cd98f00b204e9800998ecf8427e",
        "groups": {},
        "checks": {
                "статус 200": {
                    "id": "63fd587a2004924fac2f18b343720cda",
                    "passes": 6000,
                    "fails": 0,
                    "name": "статус 200",
                    "path": "::статус 200"
                },
                "ответ содержит orderId": {
                    "passes": 6000,
                    "fails": 0,
                    "name": "ответ содержит orderId",
                    "path": "::ответ содержит orderId",
                    "id": "9b0caa480d77dd97e7e57f2f6d3f304a"
                }
            },
        "name": "",
        "path": ""
    },
    "metrics": {
        "http_req_duration{expected_response:true}": {
            "p(90)": 15.867408000000006,
            "p(95)": 21.13559115000003,
            "avg": 11.724790975,
            "min": 4.227534,
            "med": 7.801171,
            "max": 211.46304
        },
        "http_req_failed": {
            "passes": 0,
            "fails": 6000,
            "thresholds": {
                "rate<0.01": false
            },
            "value": 0
        },
        "http_req_receiving": {
            "avg": 0.11080646433333302,
            "min": 0.020136,
            "med": 0.07094400000000001,
            "max": 5.366889,
            "p(90)": 0.15283270000000002,
            "p(95)": 0.3162935000000007
        },
        "http_req_blocked": {
            "p(95)": 0.011327500000000004,
            "avg": 0.03108532266666675,
            "min": 0.002207,
            "med": 0.0063885,
            "max": 9.603297,
            "p(90)": 0.0090381
        },
        "http_reqs": {
            "count": 6000,
            "rate": 98.42626278615273,
            "thresholds": {
                "count>1000": false
            }
        },
        "vus_max": {
            "value": 100,
            "min": 100,
            "max": 100
        },
        "http_req_sending": {
            "max": 6.579126,
            "p(90)": 0.028079100000000003,
            "p(95)": 0.03916075000000001,
            "avg": 0.03085410633333338,
            "min": 0.007708,
            "med": 0.017856
        },
        "data_sent": {
            "count": 517446,
            "rate": 8488.379328940598
        },
        "http_req_tls_handshaking": {
            "max": 0,
            "p(90)": 0,
            "p(95)": 0,
            "avg": 0,
            "min": 0,
            "med": 0
        },
        "http_req_connecting": {
            "avg": 0.019164458833333328,
            "min": 0,
            "med": 0,
            "max": 9.542976,
            "p(90)": 0,
            "p(95)": 0
        },
        "http_req_waiting": {
            "avg": 11.583130404333303,
            "min": 4.149767,
            "med": 7.671841000000001,
            "max": 211.323188,
            "p(90)": 15.65765650000001,
            "p(95)": 20.934243400000003
        },
        "data_received": {
            "count": 4596438,
            "rate": 75401.70241137639
        },
        "iterations": {
            "count": 6000,
            "rate": 98.42626278615273
        },
        "vus": {
            "value": 3,
            "min": 3,
            "max": 100
        },
        "iteration_duration": {
            "max": 1218.244484,
            "p(90)": 1016.8122222,
            "p(95)": 1022.2570062499999,
            "avg": 1012.6161134636704,
            "min": 1004.741288,
            "med": 1008.6155699999999
        },
        "http_req_duration": {
            "avg": 11.724790975,
            "min": 4.227534,
            "med": 7.801171,
            "max": 211.46304,
            "p(90)": 15.867408000000006,
            "p(95)": 21.13559115000003,
            "thresholds": {
                "p(95)<300": false
            }
        },
        "checks": {
            "passes": 12000,
            "fails": 0,
            "value": 1
        }
    }
}