{
    "metrics": {
        "data_sent": {
            "rate": 8486.3195500283,
            "count": 517492
        },
        "http_req_waiting": {
            "avg": 11.10491902400001,
            "min": 4.280459,
            "med": 7.4058925,
            "max": 234.29256,
            "p(90)": 14.801625300000003,
            "p(95)": 21.49246335
        },
        "data_received": {
            "count": 4580894,
            "rate": 75121.79958107052
        },
        "http_req_sending": {
            "avg": 0.043069630833333546,
            "min": 0.007297,
            "med": 0.017977,
            "max": 10.819244,
            "p(90)": 0.02846140000000001,
            "p(95)": 0.03731040000000001
        },
        "http_req_receiving": {
            "min": 0.023162,
            "med": 0.0714565,
            "max": 4.012226,
            "p(90)": 0.14294430000000002,
            "p(95)": 0.2835218000000001,
            "avg": 0.10351858166666683
        },
        "http_req_tls_handshaking": {
            "avg": 0,
            "min": 0,
            "med": 0,
            "max": 0,
            "p(90)": 0,
            "p(95)": 0
        },
        "iteration_duration": {
            "avg": 1012.2203198416671,
            "min": 1004.768587,
            "med": 1008.397928,
            "max": 1237.421365,
            "p(90)": 1016.0191313,
            "p(95)": 1022.73605375
        },
        "checks": {
            "fails": 0,
            "passes": 12000,
            "value": 1
        },
        "vus_max": {
            "value": 100,
            "min": 100,
            "max": 100
        },
        "http_reqs": {
            "count": 6000,
            "rate": 98.39363178594027,
            "thresholds": {
                "count>1000": false
            }
        },
        "http_req_blocked": {
            "max": 11.834019,
            "p(90)": 0.009446,
            "p(95)": 0.01216545000000001,
            "avg": 0.07594047016666665,
            "min": 0.002655,
            "med": 0.0065795
        },
        "http_req_failed": {
            "passes": 0,
            "fails": 6000,
            "thresholds": {
                "rate<0.01": false
            },
            "value": 0
        },
        "iterations": {
            "count": 6000,
            "rate": 98.39363178594027
        },
        "vus": {
            "value": 6,
            "min": 6,
            "max": 100
        },
        "http_req_duration": {
            "max": 234.533182,
            "p(90)": 14.999796500000011,
            "p(95)": 21.816622850000005,
            "avg": 11.251507236500002,
            "min": 4.346888,
            "med": 7.527375,
            "thresholds": {
                "p(95)<300": false
            }
        },
        "http_req_connecting": {
            "max": 3.051103,
            "p(90)": 0,
            "p(95)": 0,
            "avg": 0.01113239016666666,
            "min": 0,
            "med": 0
        },
        "http_req_duration{expected_response:true}": {
            "p(95)": 21.816622850000005,
            "avg": 11.251507236500002,
            "min": 4.346888,
            "med": 7.527375,
            "max": 234.533182,
            "p(90)": 14.999796500000011
        }
    },
    "root_group": {
        "name": "",
        "path": "",
        "id": "d41d8cd98f00b204e9800998ecf8427e",
        "groups": {},
        "checks": {
                "статус 200": {
                    "path": "::статус 200",
                    "id": "63fd587a2004924fac2f18b343720cda",
                    "passes": 6000,
                    "fails": 0,
                    "name": "статус 200"
                },
                "ответ содержит orderId": {
                    "path": "::ответ содержит orderId",
                    "id": "9b0caa480d77dd97e7e57f2f6d3f304a",
                    "passes": 6000,
                    "fails": 0,
                    "name": "ответ содержит orderId"
                }
            }
    }
}