{
    "root_group": {
        "path": "",
        "id": "d41d8cd98f00b204e9800998ecf8427e",
        "groups": {},
        "checks": {
                "статус 200": {
                    "name": "статус 200",
                    "path": "::статус 200",
                    "id": "63fd587a2004924fac2f18b343720cda",
                    "passes": 5988,
                    "fails": 0
                },
                "ответ содержит orderId": {
                    "id": "9b0caa480d77dd97e7e57f2f6d3f304a",
                    "passes": 5988,
                    "fails": 0,
                    "name": "ответ содержит orderId",
                    "path": "::ответ содержит orderId"
                }
            },
        "name": ""
    },
    "metrics": {
        "vus": {
            "value": 18,
            "min": 18,
            "max": 100
        },
        "data_received": {
            "count": 4570974,
            "rate": 74936.1440778682
        },
        "vus_max": {
            "value": 100,
            "min": 100,
            "max": 100
        },
        "http_req_receiving": {
            "p(95)": 0.2399359999999996,
            "avg": 0.10335088293253168,
            "min": 0.023631,
            "med": 0.0725805,
            "max": 9.050928,
            "p(90)": 0.12425240000000001
        },
        "data_sent": {
            "rate": 8465.537298475514,
            "count": 516383
        },
        "iterations": {
            "count": 5988,
            "rate": 98.16674317952253
        },
        "checks": {
            "passes": 11976,
            "fails": 0,
            "value": 1
        },
        "http_req_tls_handshaking": {
            "avg": 0,
            "min": 0,
            "med": 0,
            "max": 0,
            "p(90)": 0,
            "p(95)": 0
        },
        "iteration_duration": {
            "p(95)": 1018.56133015,
            "avg": 1013.2876789634288,
            "min": 1004.689984,
            "med": 1007.9554515,
            "max": 1383.165619,
            "p(90)": 1014.5034046
        },
        "http_req_failed": {
            "passes": 0,
            "fails": 5988,
            "thresholds": {
                "rate<0.01": false
            },
            "value": 0
        },
        "http_req_sending": {
            "p(95)": 0.03849654999999994,
            "avg": 0.0428261653306613,
            "min": 0.008349,
            "med": 0.018481499999999998,
            "max": 8.209348,
            "p(90)": 0.0289556
        },
        "http_req_duration{expected_response:true}": {
            "max": 373.211865,
            "p(90)": 13.499804800000001,
            "p(95)": 17.239233099999982,
            "avg": 12.329996201402821,
            "min": 4.264603,
            "med": 7.107718
        },
        "http_req_connecting": {
            "avg": 0.061422443720774864,
            "min": 0,
            "med": 0,
            "max": 9.729338,
            "p(90)": 0,
            "p(95)": 0
        },
        "http_req_duration": {
            "min": 4.264603,
            "med": 7.107718,
            "max": 373.211865,
            "p(90)": 13.499804800000001,
            "p(95)": 17.239233099999982,
            "avg": 12.329996201402821,
            "thresholds": {
                "p(95)<300": false
            }
        },
        "http_reqs": {
            "count": 5988,
            "rate": 98.16674317952253,
            "thresholds": {
                "count>1000": false
            }
        },
        "http_req_waiting": {
            "min": 4.206479,
            "med": 6.977879,
            "max": 372.916478,
            "p(90)": 13.278415700000009,
            "p(95)": 17.084305799999985,
            "avg": 12.183819153139613
        },
        "http_req_blocked": {
            "p(95)": 0.0110423,
            "avg": 0.07551516199064817,
            "min": 0.002616,
            "med": 0.006449,
            "max": 10.101461,
            "p(90)": 0.009044000000000002
        }
    }
}