{
    "root_group": {
        "name": "",
        "path": "",
        "id": "d41d8cd98f00b204e9800998ecf8427e",
        "groups": {},
        "checks": {
                "статус 200": {
                    "name": "статус 200",
                    "path": "::статус 200",
                    "id": "63fd587a2004924fac2f18b343720cda",
                    "passes": 5987,
                    "fails": 0
                },
                "ответ содержит orderId": {
                    "name": "ответ содержит orderId",
                    "path": "::ответ содержит orderId",
                    "id": "9b0caa480d77dd97e7e57f2f6d3f304a",
                    "passes": 5987,
                    "fails": 0
                }
            }
    },
    "metrics": {
        "http_req_connecting": {
            "p(95)": 0,
            "avg": 0.020488395022548858,
            "min": 0,
            "med": 0,
            "max": 5.797879,
            "p(90)": 0
        },
        "http_req_duration{expected_response:true}": {
            "avg": 12.503330355269728,
            "min": 4.295223,
            "med": 8.592754,
            "max": 167.720299,
            "p(90)": 19.380965,
            "p(95)": 26.722503699999987
        },
        "http_req_blocked": {
            "max": 8.048871,
            "p(90)": 0.009138,
            "p(95)": 0.011472199999999993,
            "avg": 0.03586412142976431,
            "min": 0.002577,
            "med": 0.006414
        },
        "http_req_duration": {
            "min": 4.295223,
            "med": 8.592754,
            "max": 167.720299,
            "p(90)": 19.380965,
            "p(95)": 26.722503699999987,
            "avg": 12.503330355269728,
            "thresholds": {
                "p(95)<300": false
            }
        },
        "http_req_sending": {
            "min": 0.007285,
            "med": 0.017947,
            "max": 3.884588,
            "p(90)": 0.029625,
            "p(95)": 0.04121859999999998,
            "avg": 0.043061864706864794
        },
        "http_reqs": {
            "count": 5987,
            "rate": 98.14470728365174,
            "thresholds": {
                "count>1000": false
            }
        },
        "http_req_waiting": {
            "med": 8.461014,
            "max": 167.445131,
            "p(90)": 19.16305740000001,
            "p(95)": 26.4905314,
            "avg": 12.337957433773187,
            "min": 4.225548
        },
        "data_sent": {
            "count": 516299,
            "rate": 8463.673663912161
        },
        "http_req_failed": {
            "passes": 0,
            "fails": 5987,
            "thresholds": {
                "rate<0.01": false
            },
            "value": 0
        },
        "iteration_duration": {
            "avg": 1013.4257030759974,
            "min": 1004.718548,
            "med": 1009.41176,
            "max": 1173.615227,
            "p(90)": 1020.373147,
            "p(95)": 1027.8612676
        },
        "vus": {
            "value": 10,
            "min": 10,
            "max": 100
        },
        "http_req_receiving": {
            "min": 0.023515,
            "med": 0.070671,
            "max": 42.19424,
            "p(90)": 0.15269940000000057,
            "p(95)": 0.3069346999999996,
            "avg": 0.1223110567897108
        },
        "checks": {
            "passes": 11974,
            "fails": 0,
            "value": 1
        },
        "vus_max": {
            "value": 100,
            "min": 100,
            "max": 100
        },
        "http_req_tls_handshaking": {
            "avg": 0,
            "min": 0,
            "med": 0,
            "max": 0,
            "p(90)": 0,
            "p(95)": 0
        },
        "iterations": {
            "count": 5987,
            "rate": 98.14470728365174
        },
        "data_received": {
            "rate": 74849.65856248034,
            "count": 4565961
        }
    }
}