{
    "root_group": {
        "name": "",
        "path": "",
        "id": "d41d8cd98f00b204e9800998ecf8427e",
        "groups": {},
        "checks": {
                "📦 статус 201": {
                    "name": "📦 статус 201",
                    "path": "::📦 статус 201",
                    "id": "70a1e9b1e2064741c325237b51506fdc",
                    "passes": 5745,
                    "fails": 0
                }
            }
    },
    "metrics": {
        "http_req_tls_handshaking": {
            "avg": 0,
            "min": 0,
            "med": 0,
            "max": 0,
            "p(90)": 0,
            "p(95)": 0
        },
        "iteration_duration": {
            "avg": 1054.3714018179307,
            "min": 1003.565886,
            "med": 1053.459565,
            "max": 1172.131104,
            "p(90)": 1093.4676858,
            "p(95)": 1105.1642516
        },
        "http_req_duration": {
            "max": 161.935897,
            "p(90)": 88.5129128,
            "p(95)": 99.59291440000003,
            "avg": 50.909456083725075,
            "min": 2.964515,
            "med": 50.559603,
            "thresholds": {
                "p(95)<300": false
            }
        },
        "http_req_sending": {
            "avg": 0.302299159617058,
            "min": 0.009441,
            "med": 0.053596,
            "max": 70.511019,
            "p(90)": 0.30376640000000055,
            "p(95)": 0.9990900000000005
        },
        "checks": {
            "passes": 5745,
            "fails": 0,
            "value": 1
        },
        "http_req_waiting": {
            "avg": 50.39738752254135,
            "min": 2.904756,
            "med": 50.086536,
            "max": 161.860045,
            "p(90)": 87.8036314,
            "p(95)": 98.1584626
        },
        "http_reqs": {
            "count": 5745,
            "rate": 94.20289515302306
        },
        "http_req_receiving": {
            "p(95)": 0.6647078000000005,
            "avg": 0.20976940156657886,
            "min": 0.016248,
            "med": 0.102431,
            "max": 35.187232,
            "p(90)": 0.3214292000000005
        },
        "vus_max": {
            "min": 100,
            "max": 100,
            "value": 100
        },
        "iterations": {
            "count": 5745,
            "rate": 94.20289515302306
        },
        "http_req_duration{expected_response:true}": {
            "p(95)": 99.59291440000003,
            "avg": 50.909456083725075,
            "min": 2.964515,
            "med": 50.559603,
            "max": 161.935897,
            "p(90)": 88.5129128
        },
        "http_req_blocked": {
            "p(95)": 0.024160800000000014,
            "avg": 0.057649811140121805,
            "min": 0.00261,
            "med": 0.013923,
            "max": 8.173472,
            "p(90)": 0.0191272
        },
        "http_req_failed": {
            "passes": 0,
            "fails": 5745,
            "thresholds": {
                "rate<0.01": false
            },
            "value": 0
        },
        "http_req_connecting": {
            "max": 8.133735,
            "p(90)": 0,
            "p(95)": 0,
            "avg": 0.025778036031331587,
            "min": 0,
            "med": 0
        },
        "data_sent": {
            "rate": 28618.478805331164,
            "count": 1745309
        },
        "vus": {
            "value": 9,
            "min": 9,
            "max": 100
        },
        "data_received": {
            "count": 2193394,
            "rate": 35965.89469299737
        }
    }
}