{
    "root_group": {
        "name": "",
        "path": "",
        "id": "d41d8cd98f00b204e9800998ecf8427e",
        "groups": {},
        "checks": {
                "📦 статус 201": {
                    "name": "📦 статус 201",
                    "path": "::📦 статус 201",
                    "id": "70a1e9b1e2064741c325237b51506fdc",
                    "passes": 5700,
                    "fails": 0
                }
            }
    },
    "metrics": {
        "data_received": {
            "rate": 36108.95351815431,
            "count": 2179668
        },
        "data_sent": {
            "count": 1734939,
            "rate": 28741.455904217117
        },
        "http_req_duration": {
            "p(95)": 108.06383165000001,
            "avg": 53.53421965543867,
            "min": 3.271737,
            "med": 46.392476,
            "max": 143.856565,
            "p(90)": 95.9321371,
            "thresholds": {
                "p(95)<300": false
            }
        },
        "http_req_receiving": {
            "avg": 0.11353141754386004,
            "min": 0.015078,
            "med": 0.0403815,
            "max": 14.163521,
            "p(90)": 0.1550244000000001,
            "p(95)": 0.3252563000000003
        },
        "http_req_duration{expected_response:true}": {
            "med": 46.392476,
            "max": 143.856565,
            "p(90)": 95.9321371,
            "p(95)": 108.06383165000001,
            "avg": 53.53421965543867,
            "min": 3.271737
        },
        "http_req_blocked": {
            "med": 0.0099115,
            "max": 13.449745,
            "p(90)": 0.017688100000000005,
            "p(95)": 0.021685150000000004,
            "avg": 0.03427588052631576,
            "min": 0.002291
        },
        "http_req_tls_handshaking": {
            "max": 0,
            "p(90)": 0,
            "p(95)": 0,
            "avg": 0,
            "min": 0,
            "med": 0
        },
        "http_req_waiting": {
            "min": 3.230777,
            "med": 46.029655500000004,
            "max": 143.77705,
            "p(90)": 95.1214272,
            "p(95)": 107.41338820000004,
            "avg": 53.12262198578929
        },
        "http_reqs": {
            "count": 5700,
            "rate": 94.42769956409855
        },
        "http_req_failed": {
            "passes": 0,
            "fails": 5700,
            "thresholds": {
                "rate<0.01": false
            },
            "value": 0
        },
        "iteration_duration": {
            "avg": 1058.4747433924556,
            "min": 1004.084835,
            "med": 1050.7064095,
            "max": 1192.502952,
            "p(90)": 1103.676028,
            "p(95)": 1119.8979245
        },
        "http_req_sending": {
            "max": 35.509325,
            "p(90)": 0.2816151000000003,
            "p(95)": 0.8970598000000009,
            "avg": 0.29806625210526233,
            "min": 0.009035,
            "med": 0.0404515
        },
        "vus": {
            "value": 100,
            "min": 100,
            "max": 100
        },
        "iterations": {
            "count": 5700,
            "rate": 94.42769956409855
        },
        "http_req_connecting": {
            "avg": 0.008924641578947373,
            "min": 0,
            "med": 0,
            "max": 2.789155,
            "p(90)": 0,
            "p(95)": 0
        },
        "checks": {
            "passes": 5700,
            "fails": 0,
            "value": 1
        },
        "vus_max": {
            "max": 100,
            "value": 100,
            "min": 100
        }
    }
}