{
    "root_group": {
        "name": "",
        "path": "",
        "id": "d41d8cd98f00b204e9800998ecf8427e",
        "groups": {},
        "checks": {
                "📦 статус 201": {
                    "passes": 5700,
                    "fails": 0,
                    "name": "📦 статус 201",
                    "path": "::📦 статус 201",
                    "id": "70a1e9b1e2064741c325237b51506fdc"
                }
            }
    },
    "metrics": {
        "data_received": {
            "count": 2176712,
            "rate": 35655.91061609339
        },
        "http_reqs": {
            "count": 5700,
            "rate": 93.36958243062578
        },
        "http_req_receiving": {
            "p(95)": 0.2052827000000002,
            "avg": 0.08874845824561393,
            "min": 0.013488,
            "med": 0.0308745,
            "max": 15.446089,
            "p(90)": 0.09437840000000006
        },
        "http_req_waiting": {
            "avg": 63.71760661526314,
            "min": 3.250496,
            "med": 61.578138499999994,
            "max": 140.029803,
            "p(90)": 103.3545835,
            "p(95)": 112.95124445
        },
        "checks": {
            "fails": 0,
            "passes": 5700,
            "value": 1
        },
        "vus": {
            "min": 100,
            "max": 100,
            "value": 100
        },
        "vus_max": {
            "max": 100,
            "value": 100,
            "min": 100
        },
        "iteration_duration": {
            "avg": 1070.7589034175403,
            "min": 1003.685077,
            "med": 1068.4055455,
            "max": 1176.76776,
            "p(90)": 1111.924226,
            "p(95)": 1121.65418215
        },
        "http_req_blocked": {
            "max": 16.458054,
            "p(90)": 0.0168155,
            "p(95)": 0.021330700000000008,
            "avg": 0.03303830684210531,
            "min": 0.002074,
            "med": 0.010898999999999999
        },
        "http_req_tls_handshaking": {
            "p(95)": 0,
            "avg": 0,
            "min": 0,
            "med": 0,
            "max": 0,
            "p(90)": 0
        },
        "http_req_sending": {
            "min": 0.008289,
            "med": 0.0422925,
            "max": 57.19666,
            "p(90)": 0.5756832000000001,
            "p(95)": 2.5500395000000005,
            "avg": 0.5367266919298257
        },
        "data_sent": {
            "count": 1732146,
            "rate": 28373.64012787346
        },
        "http_req_connecting": {
            "avg": 0.004935307719298246,
            "min": 0,
            "med": 0,
            "max": 4.101893,
            "p(90)": 0,
            "p(95)": 0
        },
        "http_req_failed": {
            "passes": 0,
            "fails": 5700,
            "thresholds": {
                "rate<0.01": false
            },
            "value": 0
        },
        "http_req_duration{expected_response:true}": {
            "avg": 64.34308176543858,
            "min": 3.312485,
            "med": 62.2589465,
            "max": 140.122445,
            "p(90)": 104.01853750000001,
            "p(95)": 113.35810670000001
        },
        "http_req_duration": {
            "avg": 64.34308176543858,
            "min": 3.312485,
            "med": 62.2589465,
            "max": 140.122445,
            "p(90)": 104.01853750000001,
            "p(95)": 113.35810670000001,
            "thresholds": {
                "p(95)<300": false
            }
        },
        "iterations": {
            "count": 5700,
            "rate": 93.36958243062578
        }
    }
}