{
    "root_group": {
        "id": "d41d8cd98f00b204e9800998ecf8427e",
        "groups": {},
        "checks": {
                "📦 статус 201": {
                    "name": "📦 статус 201",
                    "path": "::📦 статус 201",
                    "id": "70a1e9b1e2064741c325237b51506fdc",
                    "passes": 5697,
                    "fails": 0
                }
            },
        "name": "",
        "path": ""
    },
    "metrics": {
        "http_req_connecting": {
            "max": 2.221428,
            "p(90)": 0,
            "p(95)": 0,
            "avg": 0.0058992271370896954,
            "min": 0,
            "med": 0
        },
        "http_req_sending": {
            "p(90)": 0.45227740000000094,
            "p(95)": 1.8232733999999968,
            "avg": 0.4604494333859926,
            "min": 0.010088,
            "med": 0.04565,
            "max": 63.200234
        },
        "http_req_waiting": {
            "avg": 61.34940183061268,
            "min": 3.111616,
            "med": 57.86757,
            "max": 182.577423,
            "p(90)": 104.1933906,
            "p(95)": 114.11140979999996
        },
        "data_sent": {
            "rate": 28339.490542223193,
            "count": 1730190
        },
        "http_req_duration": {
            "med": 58.669543,
            "max": 182.637991,
            "p(90)": 105.2323168,
            "p(95)": 114.79150179999999,
            "avg": 61.93578487186228,
            "min": 3.184117,
            "thresholds": {
                "p(95)<300": false
            }
        },
        "http_reqs": {
            "count": 5697,
            "rate": 93.31349598543832
        },
        "data_received": {
            "count": 2174510,
            "rate": 35617.18977624986
        },
        "vus_max": {
            "value": 100,
            "min": 100,
            "max": 100
        },
        "http_req_receiving": {
            "med": 0.038455,
            "max": 27.577446,
            "p(90)": 0.17759640000000035,
            "p(95)": 0.3339101999999996,
            "avg": 0.1259336078637879,
            "min": 0.013027
        },
        "http_req_failed": {
            "passes": 0,
            "fails": 5697,
            "thresholds": {
                "rate<0.01": false
            },
            "value": 0
        },
        "http_req_tls_handshaking": {
            "min": 0,
            "med": 0,
            "max": 0,
            "p(90)": 0,
            "p(95)": 0,
            "avg": 0
        },
        "iteration_duration": {
            "avg": 1067.8094086155843,
            "min": 1003.549772,
            "med": 1063.907892,
            "max": 1183.986411,
            "p(90)": 1115.2791207999999,
            "p(95)": 1125.2379716
        },
        "vus": {
            "value": 28,
            "min": 28,
            "max": 100
        },
        "iterations": {
            "count": 5697,
            "rate": 93.31349598543832
        },
        "http_req_duration{expected_response:true}": {
            "max": 182.637991,
            "p(90)": 105.2323168,
            "p(95)": 114.79150179999999,
            "avg": 61.93578487186228,
            "min": 3.184117,
            "med": 58.669543
        },
        "http_req_blocked": {
            "p(90)": 0.01815840000000001,
            "p(95)": 0.02428599999999999,
            "avg": 0.052067504651571214,
            "min": 0.002578,
            "med": 0.012422,
            "max": 34.81242
        },
        "checks": {
            "passes": 5697,
            "fails": 0,
            "value": 1
        }
    }
}