{
    "root_group": {
        "name": "",
        "path": "",
        "id": "d41d8cd98f00b204e9800998ecf8427e",
        "groups": {},
        "checks": {
                "статус 200": {
                    "name": "статус 200",
                    "path": "::статус 200",
                    "id": "63fd587a2004924fac2f18b343720cda",
                    "passes": 10000,
                    "fails": 0
                },
                "ответ не пустой": {
                    "name": "ответ не пустой",
                    "path": "::ответ не пустой",
                    "id": "1c568cf298ad7d73e64d124a4ad0618f",
                    "passes": 10000,
                    "fails": 0
                }
            }
    },
    "metrics": {
        "http_req_sending": {
            "avg": 0.009744039999999994,
            "min": 0,
            "med": 0,
            "max": 3.2621,
            "p(90)": 0,
            "p(95)": 0
        },
        "vus": {
            "value": 78,
            "min": 78,
            "max": 100
        },
        "http_req_blocked": {
            "med": 0,
            "max": 6.1691,
            "p(90)": 0,
            "p(95)": 0,
            "avg": 0.04506551000000004,
            "min": 0
        },
        "http_req_failed": {
            "passes": 0,
            "fails": 10000,
            "thresholds": {
                "rate<0.01": false
            },
            "value": 0
        },
        "http_req_tls_handshaking": {
            "p(95)": 0,
            "avg": 0,
            "min": 0,
            "med": 0,
            "max": 0,
            "p(90)": 0
        },
        "vus_max": {
            "value": 100,
            "min": 100,
            "max": 100
        },
        "http_req_receiving": {
            "max": 12.2822,
            "p(90)": 0.5297,
            "p(95)": 0.5618099999999998,
            "avg": 0.10930232999999978,
            "min": 0,
            "med": 0
        },
        "http_req_duration{expected_response:true}": {
            "min": 16.3295,
            "med": 29.9407,
            "max": 478.3239,
            "p(90)": 65.56941000000002,
            "p(95)": 90.65658999999987,
            "avg": 42.46241718000011
        },
        "http_req_duration": {
            "avg": 42.46241718000011,
            "min": 16.3295,
            "med": 29.9407,
            "max": 478.3239,
            "p(90)": 65.56941000000002,
            "p(95)": 90.65658999999987,
            "thresholds": {
                "p(95)<300": false
            }
        },
        "http_req_waiting": {
            "min": 15.7185,
            "med": 29.77555,
            "max": 477.7517,
            "p(90)": 65.34905,
            "p(95)": 90.54774499999992,
            "avg": 42.343370810000124
        },
        "iteration_duration": {
            "p(95)": 1091.6143,
            "avg": 1043.1467884700003,
            "min": 1016.6794,
            "med": 1030.5533500000001,
            "max": 1482.6291,
            "p(90)": 1066.23936
        },
        "http_reqs": {
            "count": 10000,
            "rate": 95.3824447589829
        },
        "http_req_connecting": {
            "avg": 0.005157900000000001,
            "min": 0,
            "med": 0,
            "max": 1.9115,
            "p(90)": 0,
            "p(95)": 0
        },
        "data_received": {
            "count": 48344959,
            "rate": 461126.0381192793
        },
        "checks": {
            "passes": 20000,
            "fails": 0,
            "value": 1
        },
        "data_sent": {
            "count": 1048874,
            "rate": 10004.416636413343
        },
        "iterations": {
            "count": 10000,
            "rate": 95.3824447589829
        }
    }
}