{
    "root_group": {
        "path": "",
        "id": "d41d8cd98f00b204e9800998ecf8427e",
        "groups": {},
        "checks": {
                "статус 200": {
                    "id": "63fd587a2004924fac2f18b343720cda",
                    "passes": 10000,
                    "fails": 0,
                    "name": "статус 200",
                    "path": "::статус 200"
                },
                "ответ не пустой": {
                    "passes": 10000,
                    "fails": 0,
                    "name": "ответ не пустой",
                    "path": "::ответ не пустой",
                    "id": "1c568cf298ad7d73e64d124a4ad0618f"
                }
            },
        "name": ""
    },
    "metrics": {
        "checks": {
            "fails": 0,
            "passes": 20000,
            "value": 1
        },
        "data_sent": {
            "count": 1048870,
            "rate": 9990.772744536807
        },
        "http_reqs": {
            "rate": 95.25272669193329,
            "count": 10000
        },
        "http_req_waiting": {
            "p(95)": 96.40301499999998,
            "avg": 42.87280953000007,
            "min": 15.3805,
            "med": 30.806800000000003,
            "max": 387.7446,
            "p(90)": 70.65636000000002
        },
        "vus": {
            "value": 96,
            "min": 96,
            "max": 100
        },
        "http_req_sending": {
            "med": 0,
            "max": 3.0824,
            "p(90)": 0,
            "p(95)": 0,
            "avg": 0.012607709999999987,
            "min": 0
        },
        "http_req_duration": {
            "max": 387.7446,
            "p(90)": 70.91633000000003,
            "p(95)": 96.42092999999996,
            "avg": 42.99528433000001,
            "min": 15.4426,
            "med": 30.946550000000002,
            "thresholds": {
                "p(95)<300": false
            }
        },
        "http_req_blocked": {
            "max": 6.3179,
            "p(90)": 0,
            "p(95)": 0,
            "avg": 0.04863605999999999,
            "min": 0,
            "med": 0
        },
        "http_req_failed": {
            "passes": 0,
            "fails": 10000,
            "thresholds": {
                "rate<0.01": false
            },
            "value": 0
        },
        "http_req_receiving": {
            "avg": 0.10986708999999988,
            "min": 0,
            "med": 0,
            "max": 8.5842,
            "p(90)": 0.5306200000000001,
            "p(95)": 0.5672249999999996
        },
        "iterations": {
            "count": 10000,
            "rate": 95.25272669193329
        },
        "http_req_connecting": {
            "avg": 0.006941580000000002,
            "min": 0,
            "med": 0,
            "max": 2.0922,
            "p(90)": 0,
            "p(95)": 0
        },
        "vus_max": {
            "value": 100,
            "min": 100,
            "max": 100
        },
        "data_received": {
            "count": 48317656,
            "rate": 460238.8481362851
        },
        "http_req_tls_handshaking": {
            "p(95)": 0,
            "avg": 0,
            "min": 0,
            "med": 0,
            "max": 0,
            "p(90)": 0
        },
        "iteration_duration": {
            "med": 1031.5429,
            "max": 1393.8864,
            "p(90)": 1071.6156799999999,
            "p(95)": 1097.656455,
            "avg": 1043.693029090006,
            "min": 1015.8269
        },
        "http_req_duration{expected_response:true}": {
            "min": 15.4426,
            "med": 30.946550000000002,
            "max": 387.7446,
            "p(90)": 70.91633000000003,
            "p(95)": 96.42092999999996,
            "avg": 42.99528433000001
        }
    }
}