{
    "root_group": {
        "groups": {},
        "checks": {
                "статус 200": {
                    "name": "статус 200",
                    "path": "::статус 200",
                    "id": "63fd587a2004924fac2f18b343720cda",
                    "passes": 10000,
                    "fails": 0
                },
                "ответ не пустой": {
                    "name": "ответ не пустой",
                    "path": "::ответ не пустой",
                    "id": "1c568cf298ad7d73e64d124a4ad0618f",
                    "passes": 10000,
                    "fails": 0
                }
            },
        "name": "",
        "path": "",
        "id": "d41d8cd98f00b204e9800998ecf8427e"
    },
    "metrics": {
        "http_req_waiting": {
            "max": 373.1517,
            "p(90)": 61.78117,
            "p(95)": 84.06812999999998,
            "avg": 39.73311219000016,
            "min": 15.303,
            "med": 29.15265
        },
        "checks": {
            "passes": 20000,
            "fails": 0,
            "value": 1
        },
        "http_req_sending": {
            "min": 0,
            "med": 0,
            "max": 1.5225,
            "p(90)": 0,
            "p(95)": 0,
            "avg": 0.0066942100000000025
        },
        "iteration_duration": {
            "avg": 1040.638612289998,
            "min": 1016.3706,
            "med": 1029.877,
            "max": 1391.2155,
            "p(90)": 1062.75225,
            "p(95)": 1084.773595
        },
        "http_req_duration": {
            "avg": 39.84297646000018,
            "min": 15.9174,
            "med": 29.2627,
            "max": 373.1517,
            "p(90)": 61.817000000000014,
            "p(95)": 84.18613499999998,
            "thresholds": {
                "p(95)<300": false
            }
        },
        "data_sent": {
            "count": 1048873,
            "rate": 10022.912744735198
        },
        "http_req_tls_handshaking": {
            "p(90)": 0,
            "p(95)": 0,
            "avg": 0,
            "min": 0,
            "med": 0,
            "max": 0
        },
        "data_received": {
            "count": 48311695,
            "rate": 461661.13870340807
        },
        "iterations": {
            "count": 10000,
            "rate": 95.55887838408653
        },
        "http_req_blocked": {
            "med": 0,
            "max": 17.6579,
            "p(90)": 0,
            "p(95)": 0,
            "avg": 0.1633165799999999,
            "min": 0
        },
        "vus": {
            "max": 100,
            "value": 63,
            "min": 63
        },
        "http_req_failed": {
            "passes": 0,
            "fails": 10000,
            "thresholds": {
                "rate<0.01": false
            },
            "value": 0
        },
        "http_req_duration{expected_response:true}": {
            "avg": 39.84297646000018,
            "min": 15.9174,
            "med": 29.2627,
            "max": 373.1517,
            "p(90)": 61.817000000000014,
            "p(95)": 84.18613499999998
        },
        "vus_max": {
            "value": 100,
            "min": 100,
            "max": 100
        },
        "http_req_receiving": {
            "max": 7.0926,
            "p(90)": 0.5290100000000001,
            "p(95)": 0.5656399999999994,
            "avg": 0.10317006,
            "min": 0,
            "med": 0
        },
        "http_reqs": {
            "count": 10000,
            "rate": 95.55887838408653
        },
        "http_req_connecting": {
            "med": 0,
            "max": 11.8775,
            "p(90)": 0,
            "p(95)": 0,
            "avg": 0.07084680000000004,
            "min": 0
        }
    }
}