{
    "root_group": {
        "name": "",
        "path": "",
        "id": "d41d8cd98f00b204e9800998ecf8427e",
        "groups": {},
        "checks": {
                "статус 200": {
                    "name": "статус 200",
                    "path": "::статус 200",
                    "id": "63fd587a2004924fac2f18b343720cda",
                    "passes": 10000,
                    "fails": 0
                },
                "ответ не пустой": {
                    "name": "ответ не пустой",
                    "path": "::ответ не пустой",
                    "id": "1c568cf298ad7d73e64d124a4ad0618f",
                    "passes": 10000,
                    "fails": 0
                }
            }
    },
    "metrics": {
        "http_req_failed": {
            "passes": 0,
            "fails": 10000,
            "thresholds": {
                "rate<0.01": false
            },
            "value": 0
        },
        "http_req_receiving": {
            "min": 0,
            "med": 0,
            "max": 5.8922,
            "p(90)": 0.52851,
            "p(95)": 0.5667099999999998,
            "avg": 0.10621563999999976
        },
        "http_reqs": {
            "count": 10000,
            "rate": 94.9275315914411
        },
        "data_received": {
            "count": 48317276,
            "rate": 458663.9743902379
        },
        "vus_max": {
            "max": 100,
            "value": 100,
            "min": 100
        },
        "data_sent": {
            "count": 1048909,
            "rate": 9957.03422340469
        },
        "iteration_duration": {
            "p(95)": 1118.86576,
            "avg": 1048.425351689997,
            "min": 1016.0042,
            "med": 1031.5358999999999,
            "max": 1452.3381,
            "p(90)": 1090.8659300000002
        },
        "http_req_waiting": {
            "avg": 47.43992645999978,
            "min": 15.1613,
            "med": 30.74755,
            "max": 437.8843,
            "p(90)": 89.18629,
            "p(95)": 117.32666999999996
        },
        "http_req_tls_handshaking": {
            "max": 0,
            "p(90)": 0,
            "p(95)": 0,
            "avg": 0,
            "min": 0,
            "med": 0
        },
        "checks": {
            "fails": 0,
            "passes": 20000,
            "value": 1
        },
        "http_req_blocked": {
            "min": 0,
            "med": 0,
            "max": 14.0695,
            "p(90)": 0,
            "p(95)": 0,
            "avg": 0.12634124
        },
        "http_req_sending": {
            "p(90)": 0,
            "p(95)": 0,
            "avg": 0.00975783,
            "min": 0,
            "med": 0,
            "max": 13.2845
        },
        "vus": {
            "value": 44,
            "min": 44,
            "max": 100
        },
        "iterations": {
            "count": 10000,
            "rate": 94.9275315914411
        },
        "http_req_connecting": {
            "avg": 0.042120160000000025,
            "min": 0,
            "med": 0,
            "max": 9.7021,
            "p(90)": 0,
            "p(95)": 0
        },
        "http_req_duration{expected_response:true}": {
            "avg": 47.55589992999998,
            "min": 15.1613,
            "med": 30.894849999999998,
            "max": 438.4214,
            "p(90)": 89.18629,
            "p(95)": 117.37250499999996
        },
        "http_req_duration": {
            "avg": 47.55589992999998,
            "min": 15.1613,
            "med": 30.894849999999998,
            "max": 438.4214,
            "p(90)": 89.18629,
            "p(95)": 117.37250499999996,
            "thresholds": {
                "p(95)<300": false
            }
        }
    }
}