{
    "root_group": {
        "path": "",
        "id": "d41d8cd98f00b204e9800998ecf8427e",
        "groups": {},
        "checks": {
                "статус 200": {
                    "name": "статус 200",
                    "path": "::статус 200",
                    "id": "63fd587a2004924fac2f18b343720cda",
                    "passes": 10000,
                    "fails": 0
                },
                "ответ не пустой": {
                    "name": "ответ не пустой",
                    "path": "::ответ не пустой",
                    "id": "1c568cf298ad7d73e64d124a4ad0618f",
                    "passes": 10000,
                    "fails": 0
                }
            },
        "name": ""
    },
    "metrics": {
        "checks": {
            "passes": 20000,
            "fails": 0,
            "value": 1
        },
        "iterations": {
            "count": 10000,
            "rate": 95.06794787635849
        },
        "http_req_blocked": {
            "max": 10.7039,
            "p(90)": 0,
            "p(95)": 0,
            "avg": 0.09915709000000004,
            "min": 0,
            "med": 0
        },
        "http_req_connecting": {
            "p(95)": 0,
            "avg": 0.027146169999999994,
            "min": 0,
            "med": 0,
            "max": 5.6339,
            "p(90)": 0
        },
        "http_req_tls_handshaking": {
            "p(90)": 0,
            "p(95)": 0,
            "avg": 0,
            "min": 0,
            "med": 0,
            "max": 0
        },
        "vus": {
            "value": 26,
            "min": 26,
            "max": 100
        },
        "http_req_failed": {
            "passes": 0,
            "fails": 10000,
            "thresholds": {
                "rate<0.01": false
            },
            "value": 0
        },
        "http_req_duration{expected_response:true}": {
            "max": 347.1674,
            "p(90)": 90.51403,
            "p(95)": 127.602215,
            "avg": 46.50579650000002,
            "min": 15.1449,
            "med": 30.8429
        },
        "data_sent": {
            "count": 1048914,
            "rate": 9971.810147878268
        },
        "http_req_waiting": {
            "min": 15.1449,
            "med": 30.7459,
            "max": 347.1674,
            "p(90)": 90.51403,
            "p(95)": 127.38992999999998,
            "avg": 46.38088211000009
        },
        "vus_max": {
            "value": 100,
            "min": 100,
            "max": 100
        },
        "data_received": {
            "count": 48297474,
            "rate": 459154.17407917796
        },
        "http_req_duration": {
            "avg": 46.50579650000002,
            "min": 15.1449,
            "med": 30.8429,
            "max": 347.1674,
            "p(90)": 90.51403,
            "p(95)": 127.602215,
            "thresholds": {
                "p(95)<300": false
            }
        },
        "http_reqs": {
            "count": 10000,
            "rate": 95.06794787635849
        },
        "http_req_sending": {
            "p(95)": 0,
            "avg": 0.011254519999999999,
            "min": 0,
            "med": 0,
            "max": 14.7804,
            "p(90)": 0
        },
        "iteration_duration": {
            "avg": 1047.3000752000014,
            "min": 1015.7457,
            "med": 1031.5722,
            "max": 1357.4132,
            "p(90)": 1091.02482,
            "p(95)": 1128.621
        },
        "http_req_receiving": {
            "p(95)": 0.5690099999999998,
            "avg": 0.1136598700000002,
            "min": 0,
            "med": 0,
            "max": 10.1814,
            "p(90)": 0.52961
        }
    }
}