{
    "root_group": {
        "checks": {
            "📦 статус 201": {
                "fails": 0,
                "name": "📦 статус 201",
                "path": "::📦 статус 201",
                "id": "70a1e9b1e2064741c325237b51506fdc",
                "passes": 5700
            }
        },
        "name": "",
        "path": "",
        "id": "d41d8cd98f00b204e9800998ecf8427e",
        "groups": {}
    },
    "metrics": {
        "iteration_duration": {
            "min": 1006.070943,
            "med": 1066.1070105,
            "max": 1203.17918,
            "p(90)": 1100.1222604,
            "p(95)": 1112.78836695,
            "avg": 1068.319096962985
        },
        "http_req_connecting": {
            "avg": 0.02235023631578947,
            "min": 0,
            "med": 0,
            "max": 4.459969,
            "p(90)": 0,
            "p(95)": 0
        },
        "vus": {
            "value": 19,
            "min": 19,
            "max": 100
        },
        "data_sent": {
            "count": 1733689,
            "rate": 28429.81988307553
        },
        "checks": {
            "passes": 5700,
            "fails": 0,
            "value": 1
        },
        "http_reqs": {
            "count": 5700,
            "rate": 93.47118966177354
        },
        "http_req_tls_handshaking": {
            "max": 0,
            "p(90)": 0,
            "p(95)": 0,
            "avg": 0,
            "min": 0,
            "med": 0
        },
        "http_req_sending": {
            "p(95)": 0.07949244999999999,
            "avg": 0.03914218087719293,
            "min": 0.009267,
            "med": 0.023968,
            "max": 5.379056,
            "p(90)": 0.0631389
        },
        "http_req_duration": {
            "med": 65.30417249999999,
            "max": 201.634245,
            "p(90)": 99.33007010000003,
            "p(95)": 111.77205880000004,
            "avg": 67.53724946333348,
            "min": 5.651496,
            "thresholds": {
                "p(95)<300": false
            }
        },
        "http_req_duration{expected_response:true}": {
            "p(90)": 99.33007010000003,
            "p(95)": 111.77205880000004,
            "avg": 67.53724946333348,
            "min": 5.651496,
            "med": 65.30417249999999,
            "max": 201.634245
        },
        "vus_max": {
            "value": 100,
            "min": 100,
            "max": 100
        },
        "iterations": {
            "count": 5700,
            "rate": 93.47118966177354
        },
        "http_req_failed": {
            "fails": 5700,
            "passes": 0,
            "thresholds": {
                "rate<0.01": false
            },
            "value": 0
        },
        "http_req_receiving": {
            "avg": 0.04427919298245617,
            "min": 0.016712,
            "med": 0.038169999999999996,
            "max": 1.045709,
            "p(90)": 0.06307540000000002,
            "p(95)": 0.0715913
        },
        "data_received": {
            "count": 855000,
            "rate": 14020.678449266032
        },
        "http_req_blocked": {
            "avg": 0.03983001157894731,
            "min": 0.002522,
            "med": 0.0058995,
            "max": 8.742881,
            "p(90)": 0.015168200000000005,
            "p(95)": 0.01752215
        },
        "http_req_waiting": {
            "avg": 67.4538280894736,
            "min": 5.590166,
            "med": 65.20229900000001,
            "max": 201.508738,
            "p(90)": 99.2478059,
            "p(95)": 111.71843355000004
        }
    }
}