{
    "root_group": {
        "checks": {
            "📦 статус 201": {
                "id": "70a1e9b1e2064741c325237b51506fdc",
                "passes": 5600,
                "fails": 0,
                "name": "📦 статус 201",
                "path": "::📦 статус 201"
            }
        },
        "name": "",
        "path": "",
        "id": "d41d8cd98f00b204e9800998ecf8427e",
        "groups": {}
    },
    "metrics": {
        "http_req_waiting": {
            "avg": 81.11720948964246,
            "min": 6.064282,
            "med": 70.0134405,
            "max": 580.920986,
            "p(90)": 139.45666110000005,
            "p(95)": 167.23260185
        },
        "http_req_connecting": {
            "med": 0,
            "max": 11.338883,
            "p(90)": 0,
            "p(95)": 0,
            "avg": 0.17630973857142856,
            "min": 0
        },
        "http_req_sending": {
            "p(95)": 0.10123835000000002,
            "avg": 0.04821169000000014,
            "min": 0.009313,
            "med": 0.026771000000000003,
            "max": 5.883082,
            "p(90)": 0.07428090000000001
        },
        "iteration_duration": {
            "p(95)": 1168.5326221,
            "avg": 1082.2925960344614,
            "min": 1006.633164,
            "med": 1070.9691965,
            "max": 1594.466388,
            "p(90)": 1140.6557123000002
        },
        "http_req_receiving": {
            "med": 0.0463505,
            "max": 1.600248,
            "p(90)": 0.07585170000000001,
            "p(95)": 0.0937308,
            "avg": 0.05541685660714289,
            "min": 0.016384
        },
        "data_sent": {
            "rate": 28053.628071509935,
            "count": 1705001
        },
        "http_req_duration{expected_response:true}": {
            "avg": 81.22083803625009,
            "min": 6.130879,
            "med": 70.09763000000001,
            "max": 581.465571,
            "p(90)": 139.58442720000005,
            "p(95)": 167.30141650000004
        },
        "http_req_blocked": {
            "med": 0.0064965000000000005,
            "max": 14.139786,
            "p(90)": 0.016593800000000002,
            "p(95)": 0.019021350000000003,
            "avg": 0.20430477017857157,
            "min": 0.002768
        },
        "http_reqs": {
            "count": 5600,
            "rate": 92.14089446308573
        },
        "vus": {
            "value": 100,
            "min": 100,
            "max": 100
        },
        "http_req_failed": {
            "passes": 0,
            "fails": 5600,
            "thresholds": {
                "rate<0.01": false
            },
            "value": 0
        },
        "vus_max": {
            "min": 100,
            "max": 100,
            "value": 100
        },
        "data_received": {
            "rate": 13821.134169462859,
            "count": 840000
        },
        "iterations": {
            "count": 5600,
            "rate": 92.14089446308573
        },
        "http_req_duration": {
            "min": 6.130879,
            "med": 70.09763000000001,
            "max": 581.465571,
            "p(90)": 139.58442720000005,
            "p(95)": 167.30141650000004,
            "avg": 81.22083803625009,
            "thresholds": {
                "p(95)<300": false
            }
        },
        "http_req_tls_handshaking": {
            "max": 0,
            "p(90)": 0,
            "p(95)": 0,
            "avg": 0,
            "min": 0,
            "med": 0
        },
        "checks": {
            "passes": 5600,
            "fails": 0,
            "value": 1
        }
    }
}