{
    "root_group": {
        "name": "",
        "path": "",
        "id": "d41d8cd98f00b204e9800998ecf8427e",
        "groups": {},
        "checks": {
                "📦 статус 201": {
                    "fails": 0,
                    "name": "📦 статус 201",
                    "path": "::📦 статус 201",
                    "id": "70a1e9b1e2064741c325237b51506fdc",
                    "passes": 5700
                }
            }
    },
    "metrics": {
        "iterations": {
            "count": 5700,
            "rate": 94.10447509714666
        },
        "http_req_duration": {
            "p(90)": 98.36308340000001,
            "p(95)": 111.91362955000001,
            "avg": 60.50169579649116,
            "min": 5.621432,
            "med": 58.8051175,
            "max": 187.748616,
            "thresholds": {
                "p(95)<300": false
            }
        },
        "http_req_blocked": {
            "avg": 0.03109047035087717,
            "min": 0.002174,
            "med": 0.0057915,
            "max": 7.375125,
            "p(90)": 0.014544800000000009,
            "p(95)": 0.017060099999999998
        },
        "data_received": {
            "count": 855000,
            "rate": 14115.671264572
        },
        "iteration_duration": {
            "med": 1059.5307950000001,
            "max": 1192.077211,
            "p(90)": 1099.3139254,
            "p(95)": 1113.0003783,
            "avg": 1061.2759668622803,
            "min": 1006.278458
        },
        "checks": {
            "passes": 5700,
            "fails": 0,
            "value": 1
        },
        "data_sent": {
            "count": 1736154,
            "rate": 28663.13348382659
        },
        "http_req_receiving": {
            "avg": 0.04822704087719307,
            "min": 0.015616,
            "med": 0.0407365,
            "max": 0.928277,
            "p(90)": 0.06760490000000001,
            "p(95)": 0.07862040000000002
        },
        "http_req_connecting": {
            "max": 4.828705,
            "p(90)": 0,
            "p(95)": 0,
            "avg": 0.017724007543859648,
            "min": 0,
            "med": 0
        },
        "http_reqs": {
            "count": 5700,
            "rate": 94.10447509714666
        },
        "http_req_duration{expected_response:true}": {
            "p(90)": 98.36308340000001,
            "p(95)": 111.91362955000001,
            "avg": 60.50169579649116,
            "min": 5.621432,
            "med": 58.8051175,
            "max": 187.748616
        },
        "http_req_sending": {
            "avg": 0.03534370736842105,
            "min": 0.008875,
            "med": 0.024026,
            "max": 1.175547,
            "p(90)": 0.060344900000000014,
            "p(95)": 0.07461470000000002
        },
        "vus": {
            "value": 100,
            "min": 100,
            "max": 100
        },
        "vus_max": {
            "value": 100,
            "min": 100,
            "max": 100
        },
        "http_req_waiting": {
            "avg": 60.418125048245535,
            "min": 5.551646,
            "med": 58.6996805,
            "max": 187.69115,
            "p(90)": 98.30055180000001,
            "p(95)": 111.83344275
        },
        "http_req_tls_handshaking": {
            "p(95)": 0,
            "avg": 0,
            "min": 0,
            "med": 0,
            "max": 0,
            "p(90)": 0
        },
        "http_req_failed": {
            "passes": 0,
            "fails": 5700,
            "thresholds": {
                "rate<0.01": false
            },
            "value": 0
        }
    }
}