{
    "root_group": {
        "name": "",
        "path": "",
        "id": "d41d8cd98f00b204e9800998ecf8427e",
        "groups": {},
        "checks": {
                "📦 статус 201": {
                    "name": "📦 статус 201",
                    "path": "::📦 статус 201",
                    "id": "70a1e9b1e2064741c325237b51506fdc",
                    "passes": 5700,
                    "fails": 0
                }
            }
    },
    "metrics": {
        "data_received": {
            "count": 855000,
            "rate": 14033.915060963389
        },
        "http_req_duration": {
            "avg": 66.55248183210516,
            "min": 5.228132,
            "med": 64.81053800000001,
            "max": 175.298229,
            "p(90)": 105.68047780000002,
            "p(95)": 121.2067969,
            "thresholds": {
                "p(95)<300": false
            }
        },
        "http_req_tls_handshaking": {
            "max": 0,
            "p(90)": 0,
            "p(95)": 0,
            "avg": 0,
            "min": 0,
            "med": 0
        },
        "http_req_waiting": {
            "avg": 66.45949664192976,
            "min": 5.130946,
            "med": 64.70717,
            "max": 175.207922,
            "p(90)": 105.62782810000002,
            "p(95)": 120.91658985000001
        },
        "data_sent": {
            "count": 1729606,
            "rate": 28389.64174612005
        },
        "http_reqs": {
            "count": 5700,
            "rate": 93.55943373975593
        },
        "checks": {
            "passes": 5700,
            "fails": 0,
            "value": 1
        },
        "http_req_connecting": {
            "avg": 0.02698431315789473,
            "min": 0,
            "med": 0,
            "max": 5.887274,
            "p(90)": 0,
            "p(95)": 0
        },
        "http_req_receiving": {
            "min": 0.013204,
            "med": 0.0394365,
            "max": 0.890028,
            "p(90)": 0.06590280000000001,
            "p(95)": 0.07557880000000002,
            "avg": 0.04619278789473682
        },
        "iterations": {
            "count": 5700,
            "rate": 93.55943373975593
        },
        "http_req_failed": {
            "passes": 0,
            "fails": 5700,
            "thresholds": {
                "rate<0.01": false
            },
            "value": 0
        },
        "iteration_duration": {
            "max": 1175.929467,
            "p(90)": 1106.6267871,
            "p(95)": 1122.04164145,
            "avg": 1067.3482344826325,
            "min": 1005.71081,
            "med": 1065.626575
        },
        "http_req_sending": {
            "avg": 0.04679240228070183,
            "min": 0.009027,
            "med": 0.0238045,
            "max": 3.830469,
            "p(90)": 0.06215590000000002,
            "p(95)": 0.08248545000000007
        },
        "vus": {
            "min": 100,
            "max": 100,
            "value": 100
        },
        "vus_max": {
            "value": 100,
            "min": 100,
            "max": 100
        },
        "http_req_blocked": {
            "p(90)": 0.0147902,
            "p(95)": 0.017263200000000003,
            "avg": 0.03765196947368411,
            "min": 0.002084,
            "med": 0.0058125,
            "max": 5.929841
        },
        "http_req_duration{expected_response:true}": {
            "avg": 66.55248183210516,
            "min": 5.228132,
            "med": 64.81053800000001,
            "max": 175.298229,
            "p(90)": 105.68047780000002,
            "p(95)": 121.2067969
        }
    }
}