{
    "root_group": {
        "id": "d41d8cd98f00b204e9800998ecf8427e",
        "groups": {},
        "checks": {
                "📦 статус 201": {
                    "name": "📦 статус 201",
                    "path": "::📦 статус 201",
                    "id": "70a1e9b1e2064741c325237b51506fdc",
                    "passes": 5700,
                    "fails": 0
                }
            },
        "name": "",
        "path": ""
    },
    "metrics": {
        "vus_max": {
            "value": 100,
            "min": 100,
            "max": 100
        },
        "iteration_duration": {
            "med": 1066.3662335,
            "max": 1177.012005,
            "p(90)": 1101.3955131,
            "p(95)": 1115.0102463,
            "avg": 1066.9235480594737,
            "min": 1006.164019
        },
        "http_req_failed": {
            "passes": 0,
            "fails": 5700,
            "thresholds": {
                "rate<0.01": false
            },
            "value": 0
        },
        "http_req_sending": {
            "min": 0.008133,
            "med": 0.0233165,
            "max": 5.287226,
            "p(90)": 0.059625000000000004,
            "p(95)": 0.07273080000000001,
            "avg": 0.05132375228070164
        },
        "iterations": {
            "count": 5700,
            "rate": 93.63445173389259
        },
        "http_req_tls_handshaking": {
            "p(95)": 0,
            "avg": 0,
            "min": 0,
            "med": 0,
            "max": 0,
            "p(90)": 0
        },
        "vus": {
            "value": 100,
            "min": 100,
            "max": 100
        },
        "http_req_duration": {
            "max": 176.153672,
            "p(90)": 100.5190893,
            "p(95)": 113.66624445,
            "avg": 66.15764098789468,
            "min": 5.426669,
            "med": 65.57711850000001,
            "thresholds": {
                "p(95)<300": false
            }
        },
        "http_req_waiting": {
            "p(90)": 100.4335001,
            "p(95)": 113.57749335000001,
            "avg": 66.06110644122789,
            "min": 5.365559,
            "med": 65.471727,
            "max": 176.065364
        },
        "checks": {
            "passes": 5700,
            "fails": 0,
            "value": 1
        },
        "http_req_receiving": {
            "avg": 0.04521079438596494,
            "min": 0.017306,
            "med": 0.038655,
            "max": 1.286347,
            "p(90)": 0.06547860000000001,
            "p(95)": 0.0752274
        },
        "data_received": {
            "count": 855000,
            "rate": 14045.167760083888
        },
        "http_req_blocked": {
            "max": 3.656828,
            "p(90)": 0.014706100000000003,
            "p(95)": 0.0170113,
            "avg": 0.0224670936842105,
            "min": 0.002414,
            "med": 0.005716
        },
        "data_sent": {
            "count": 1735305,
            "rate": 28506.023204575875
        },
        "http_reqs": {
            "count": 5700,
            "rate": 93.63445173389259
        },
        "http_req_duration{expected_response:true}": {
            "avg": 66.15764098789468,
            "min": 5.426669,
            "med": 65.57711850000001,
            "max": 176.153672,
            "p(90)": 100.5190893,
            "p(95)": 113.66624445
        },
        "http_req_connecting": {
            "avg": 0.009357817368421055,
            "min": 0,
            "med": 0,
            "max": 2.027597,
            "p(90)": 0,
            "p(95)": 0
        }
    }
}