{
    "root_group": {
        "name": "",
        "path": "",
        "id": "d41d8cd98f00b204e9800998ecf8427e",
        "groups": {},
        "checks": {
                "📦 статус 201": {
                    "name": "📦 статус 201",
                    "path": "::📦 статус 201",
                    "id": "70a1e9b1e2064741c325237b51506fdc",
                    "passes": 5700,
                    "fails": 0
                }
            }
    },
    "metrics": {
        "http_req_duration{expected_response:true}": {
            "p(90)": 106.79342050000001,
            "p(95)": 124.6505279,
            "avg": 70.41276383122806,
            "min": 5.206909,
            "med": 69.8766925,
            "max": 200.518838
        },
        "http_req_duration": {
            "avg": 70.41276383122806,
            "min": 5.206909,
            "med": 69.8766925,
            "max": 200.518838,
            "p(90)": 106.79342050000001,
            "p(95)": 124.6505279,
            "thresholds": {
                "p(95)<300": false
            }
        },
        "http_req_tls_handshaking": {
            "med": 0,
            "max": 0,
            "p(90)": 0,
            "p(95)": 0,
            "avg": 0,
            "min": 0
        },
        "http_req_waiting": {
            "med": 69.752556,
            "max": 200.370213,
            "p(90)": 106.65176830000001,
            "p(95)": 124.58760325,
            "avg": 70.32956547263134,
            "min": 5.136536
        },
        "vus": {
            "value": 100,
            "min": 100,
            "max": 100
        },
        "http_req_receiving": {
            "p(95)": 0.07437015000000001,
            "avg": 0.04537446000000003,
            "min": 0.016562,
            "med": 0.038832500000000006,
            "max": 1.015029,
            "p(90)": 0.0652371
        },
        "data_sent": {
            "rate": 28266.312236928425,
            "count": 1727598
        },
        "http_req_blocked": {
            "avg": 0.01782687877192979,
            "min": 0.002277,
            "med": 0.005732,
            "max": 5.240171,
            "p(90)": 0.015070600000000002,
            "p(95)": 0.017555400000000006
        },
        "http_req_connecting": {
            "max": 2.487571,
            "p(90)": 0,
            "p(95)": 0,
            "avg": 0.007275101578947361,
            "min": 0,
            "med": 0
        },
        "checks": {
            "passes": 5700,
            "fails": 0,
            "value": 1
        },
        "iteration_duration": {
            "max": 1204.370467,
            "p(90)": 1107.6396369000001,
            "p(95)": 1125.4455862,
            "avg": 1071.1544627110509,
            "min": 1005.533668,
            "med": 1070.559651
        },
        "http_reqs": {
            "count": 5700,
            "rate": 93.26126781258836
        },
        "data_received": {
            "count": 855000,
            "rate": 13989.190171888253
        },
        "http_req_sending": {
            "p(95)": 0.08002515,
            "avg": 0.037823898596491115,
            "min": 0.00891,
            "med": 0.0239635,
            "max": 4.549097,
            "p(90)": 0.0638014
        },
        "vus_max": {
            "max": 100,
            "value": 100,
            "min": 100
        },
        "iterations": {
            "count": 5700,
            "rate": 93.26126781258836
        },
        "http_req_failed": {
            "passes": 0,
            "fails": 5700,
            "thresholds": {
                "rate<0.01": false
            },
            "value": 0
        }
    }
}