{
    "metrics": {
        "iteration_duration": {
            "avg": 1024.7978867218071,
            "min": 1004.018339,
            "med": 1018.0058650000001,
            "max": 1105.183622,
            "p(90)": 1055.3689775,
            "p(95)": 1067.27375475
        },
        "http_req_sending": {
            "avg": 0.058941253301727246,
            "min": 0.006584,
            "med": 0.0255415,
            "max": 10.105376,
            "p(90)": 0.064375,
            "p(95)": 0.111557
        },
        "http_req_connecting": {
            "p(95)": 0,
            "avg": 0.007316831357941081,
            "min": 0,
            "med": 0,
            "max": 1.443908,
            "p(90)": 0
        },
        "iterations": {
            "count": 5906,
            "rate": 96.89604015110872
        },
        "http_req_failed": {
            "passes": 0,
            "fails": 5906,
            "thresholds": {
                "rate<0.01": false
            },
            "value": 0
        },
        "vus_max": {
            "value": 100,
            "min": 100,
            "max": 100
        },
        "http_req_receiving": {
            "avg": 0.1686350580765324,
            "min": 0.019146,
            "med": 0.079692,
            "max": 23.395882,
            "p(90)": 0.243716,
            "p(95)": 0.46619275
        },
        "data_sent": {
            "rate": 8429.955493146459,
            "count": 513822
        },
        "http_req_duration{expected_response:true}": {
            "med": 16.656537,
            "max": 104.122615,
            "p(90)": 53.7230495,
            "p(95)": 65.76115775,
            "avg": 23.408548014561354,
            "min": 3.538809
        },
        "http_req_duration": {
            "avg": 23.408548014561354,
            "min": 3.538809,
            "med": 16.656537,
            "max": 104.122615,
            "p(90)": 53.7230495,
            "p(95)": 65.76115775,
            "thresholds": {
                "p(95)<300": false
            }
        },
        "http_req_tls_handshaking": {
            "avg": 0,
            "min": 0,
            "med": 0,
            "max": 0,
            "p(90)": 0,
            "p(95)": 0
        },
        "data_received": {
            "count": 4506964,
            "rate": 73942.93340731486
        },
        "http_req_blocked": {
            "p(95)": 0.022613750000000002,
            "avg": 0.02560353945140553,
            "min": 0.002285,
            "med": 0.008804,
            "max": 5.347297,
            "p(90)": 0.018582500000000002
        },
        "http_reqs": {
            "count": 5906,
            "rate": 96.89604015110872,
            "thresholds": {
                "count>1000": false
            }
        },
        "checks": {
            "passes": 11812,
            "fails": 0,
            "value": 1
        },
        "vus": {
            "value": 100,
            "min": 100,
            "max": 100
        },
        "http_req_waiting": {
            "med": 16.43329,
            "max": 103.975889,
            "p(90)": 53.4043925,
            "p(95)": 65.546828,
            "avg": 23.18097170318324,
            "min": 3.486936
        }
    },
    "root_group": {
        "name": "",
        "path": "",
        "id": "d41d8cd98f00b204e9800998ecf8427e",
        "groups": {},
        "checks": {
                "статус 200": {
                    "name": "статус 200",
                    "path": "::статус 200",
                    "id": "63fd587a2004924fac2f18b343720cda",
                    "passes": 5906,
                    "fails": 0
                },
                "ответ содержит orderId": {
                    "name": "ответ содержит orderId",
                    "path": "::ответ содержит orderId",
                    "id": "9b0caa480d77dd97e7e57f2f6d3f304a",
                    "passes": 5906,
                    "fails": 0
                }
            }
    }
}