{
    "metrics": {
        "data_received": {
            "count": 4486568,
            "rate": 73553.95852007168
        },
        "http_req_duration": {
            "avg": 29.130435774144075,
            "min": 3.62851,
            "med": 19.446751,
            "max": 129.468058,
            "p(90)": 66.298193,
            "p(95)": 79.4452455,
            "thresholds": {
                "p(95)<300": false
            }
        },
        "iteration_duration": {
            "med": 1020.609191,
            "max": 1130.398956,
            "p(90)": 1069.820233,
            "p(95)": 1083.0311625,
            "avg": 1030.8918378914993,
            "min": 1004.253185
        },
        "http_req_connecting": {
            "p(95)": 0,
            "avg": 0.10643995264861178,
            "min": 0,
            "med": 0,
            "max": 32.857494,
            "p(90)": 0
        },
        "http_req_receiving": {
            "min": 0.017548,
            "med": 0.085762,
            "max": 14.221171,
            "p(90)": 0.252614,
            "p(95)": 0.4381085,
            "avg": 0.16484119672968828
        },
        "http_req_waiting": {
            "avg": 28.765772109010527,
            "min": 3.564391,
            "med": 19.150048,
            "max": 129.405572,
            "p(90)": 65.062934,
            "p(95)": 77.801717
        },
        "http_req_duration{expected_response:true}": {
            "p(90)": 66.298193,
            "p(95)": 79.4452455,
            "avg": 29.130435774144075,
            "min": 3.62851,
            "med": 19.446751,
            "max": 129.468058
        },
        "http_req_failed": {
            "fails": 5871,
            "passes": 0,
            "thresholds": {
                "rate<0.01": false
            },
            "value": 0
        },
        "data_sent": {
            "rate": 8373.810509727402,
            "count": 510777
        },
        "http_req_blocked": {
            "p(90)": 0.020774,
            "p(95)": 0.0272755,
            "avg": 0.18801052870039248,
            "min": 0.002467,
            "med": 0.011915,
            "max": 39.943676
        },
        "http_req_tls_handshaking": {
            "min": 0,
            "med": 0,
            "max": 0,
            "p(90)": 0,
            "p(95)": 0,
            "avg": 0
        },
        "iterations": {
            "count": 5871,
            "rate": 96.25069551410807
        },
        "vus_max": {
            "value": 100,
            "min": 100,
            "max": 100
        },
        "http_req_sending": {
            "p(90)": 0.074953,
            "p(95)": 0.1566745,
            "avg": 0.19982246840401932,
            "min": 0.006666,
            "med": 0.033391,
            "max": 36.489355
        },
        "http_reqs": {
            "count": 5871,
            "rate": 96.25069551410807,
            "thresholds": {
                "count>1000": false
            }
        },
        "checks": {
            "passes": 11742,
            "fails": 0,
            "value": 1
        },
        "vus": {
            "value": 2,
            "min": 2,
            "max": 100
        }
    },
    "root_group": {
        "name": "",
        "path": "",
        "id": "d41d8cd98f00b204e9800998ecf8427e",
        "groups": {},
        "checks": {
                "статус 200": {
                    "fails": 0,
                    "name": "статус 200",
                    "path": "::статус 200",
                    "id": "63fd587a2004924fac2f18b343720cda",
                    "passes": 5871
                },
                "ответ содержит orderId": {
                    "name": "ответ содержит orderId",
                    "path": "::ответ содержит orderId",
                    "id": "9b0caa480d77dd97e7e57f2f6d3f304a",
                    "passes": 5871,
                    "fails": 0
                }
            }
    }
}