{
    "metrics": {
        "http_req_duration": {
            "min": 3.678657,
            "med": 19.897868,
            "max": 366.908092,
            "p(90)": 68.58180820000003,
            "p(95)": 82.15334239999999,
            "avg": 30.872534531671505,
            "thresholds": {
                "p(95)<300": false
            }
        },
        "http_req_failed": {
            "passes": 0,
            "fails": 5857,
            "thresholds": {
                "rate<0.01": false
            },
            "value": 0
        },
        "vus_max": {
            "value": 100,
            "min": 100,
            "max": 100
        },
        "http_req_tls_handshaking": {
            "max": 0,
            "p(90)": 0,
            "p(95)": 0,
            "avg": 0,
            "min": 0,
            "med": 0
        },
        "iterations": {
            "count": 5857,
            "rate": 96.01864520105677
        },
        "iteration_duration": {
            "med": 1021.328193,
            "max": 1367.883243,
            "p(90)": 1072.2323416,
            "p(95)": 1089.3610726,
            "avg": 1032.7819150899743,
            "min": 1004.074629
        },
        "http_req_blocked": {
            "p(90)": 0.020703800000000005,
            "p(95)": 0.026192199999999995,
            "avg": 0.04711189994877923,
            "min": 0.002189,
            "med": 0.011393,
            "max": 5.841966
        },
        "http_req_connecting": {
            "max": 4.8639,
            "p(90)": 0,
            "p(95)": 0,
            "avg": 0.025512669113880823,
            "min": 0,
            "med": 0
        },
        "checks": {
            "passes": 11714,
            "fails": 0,
            "value": 1
        },
        "vus": {
            "value": 2,
            "min": 2,
            "max": 100
        },
        "data_received": {
            "count": 4456268,
            "rate": 73055.28700918949
        },
        "http_req_duration{expected_response:true}": {
            "avg": 30.872534531671505,
            "min": 3.678657,
            "med": 19.897868,
            "max": 366.908092,
            "p(90)": 68.58180820000003,
            "p(95)": 82.15334239999999
        },
        "http_req_waiting": {
            "avg": 30.624426214956383,
            "min": 3.616035,
            "med": 19.649714,
            "max": 366.59505,
            "p(90)": 68.2744034,
            "p(95)": 81.9520468
        },
        "http_reqs": {
            "count": 5857,
            "rate": 96.01864520105677,
            "thresholds": {
                "count>1000": false
            }
        },
        "http_req_sending": {
            "avg": 0.07166483063001546,
            "min": 0.006576,
            "med": 0.031937,
            "max": 17.366396,
            "p(90)": 0.06933120000000002,
            "p(95)": 0.10938479999999996
        },
        "http_req_receiving": {
            "p(95)": 0.5009347999999996,
            "avg": 0.17644348608502627,
            "min": 0.018455,
            "med": 0.08761,
            "max": 14.338683,
            "p(90)": 0.26758
        },
        "data_sent": {
            "count": 509559,
            "rate": 8353.622132491939
        }
    },
    "root_group": {
        "name": "",
        "path": "",
        "id": "d41d8cd98f00b204e9800998ecf8427e",
        "groups": {},
        "checks": {
                "статус 200": {
                    "name": "статус 200",
                    "path": "::статус 200",
                    "id": "63fd587a2004924fac2f18b343720cda",
                    "passes": 5857,
                    "fails": 0
                },
                "ответ содержит orderId": {
                    "name": "ответ содержит orderId",
                    "path": "::ответ содержит orderId",
                    "id": "9b0caa480d77dd97e7e57f2f6d3f304a",
                    "passes": 5857,
                    "fails": 0
                }
            }
    }
}