{
    "root_group": {
        "path": "",
        "id": "d41d8cd98f00b204e9800998ecf8427e",
        "groups": {},
        "checks": {
                "статус 200": {
                    "id": "63fd587a2004924fac2f18b343720cda",
                    "passes": 5904,
                    "fails": 0,
                    "name": "статус 200",
                    "path": "::статус 200"
                },
                "ответ содержит orderId": {
                    "name": "ответ содержит orderId",
                    "path": "::ответ содержит orderId",
                    "id": "9b0caa480d77dd97e7e57f2f6d3f304a",
                    "passes": 5904,
                    "fails": 0
                }
            },
        "name": ""
    },
    "metrics": {
        "iterations": {
            "count": 5904,
            "rate": 96.90674768973835
        },
        "iteration_duration": {
            "med": 1018.3404585000001,
            "max": 1138.834361,
            "p(90)": 1052.4559306,
            "p(95)": 1067.3745445499999,
            "avg": 1025.771524490686,
            "min": 1003.120738
        },
        "http_req_duration{expected_response:true}": {
            "avg": 24.382060815210007,
            "min": 2.917472,
            "med": 16.9478675,
            "max": 138.388845,
            "p(90)": 51.005060400000005,
            "p(95)": 65.77407199999999
        },
        "http_req_receiving": {
            "max": 13.319196,
            "p(90)": 0.28568809999999994,
            "p(95)": 0.5688527499999994,
            "avg": 0.19031000813008148,
            "min": 0.019015,
            "med": 0.12365699999999999
        },
        "http_req_blocked": {
            "avg": 0.07009057164634103,
            "min": 0.002195,
            "med": 0.013704000000000001,
            "max": 31.911038,
            "p(90)": 0.019842699999999998,
            "p(95)": 0.023656199999999992
        },
        "http_req_connecting": {
            "avg": 0.03856697120596206,
            "min": 0,
            "med": 0,
            "max": 4.439217,
            "p(90)": 0,
            "p(95)": 0
        },
        "http_req_sending": {
            "min": 0.006343,
            "med": 0.039001499999999995,
            "max": 30.84571,
            "p(90)": 0.07386959999999997,
            "p(95)": 0.10827864999999981,
            "avg": 0.07025105081300823
        },
        "vus_max": {
            "value": 100,
            "min": 100,
            "max": 100
        },
        "http_req_duration": {
            "avg": 24.382060815210007,
            "min": 2.917472,
            "med": 16.9478675,
            "max": 138.388845,
            "p(90)": 51.005060400000005,
            "p(95)": 65.77407199999999,
            "thresholds": {
                "p(95)<300": false
            }
        },
        "http_reqs": {
            "rate": 96.90674768973835,
            "count": 5904,
            "thresholds": {
                "count>1000": false
            }
        },
        "http_req_tls_handshaking": {
            "max": 0,
            "p(90)": 0,
            "p(95)": 0,
            "avg": 0,
            "min": 0,
            "med": 0
        },
        "data_received": {
            "count": 4478040,
            "rate": 73501.4045434546
        },
        "vus": {
            "value": 100,
            "min": 100,
            "max": 100
        },
        "data_sent": {
            "count": 513648,
            "rate": 8430.887049007237
        },
        "http_req_waiting": {
            "avg": 24.121499756266935,
            "min": 2.864808,
            "med": 16.673916,
            "max": 138.284335,
            "p(90)": 50.74832019999999,
            "p(95)": 65.6011018
        },
        "checks": {
            "passes": 11808,
            "fails": 0,
            "value": 1
        },
        "http_req_failed": {
            "passes": 0,
            "fails": 5904,
            "thresholds": {
                "rate<0.01": false
            },
            "value": 0
        }
    }
}