{
    "root_group": {
        "id": "d41d8cd98f00b204e9800998ecf8427e",
        "groups": {},
        "checks": {
                "статус 200": {
                    "fails": 0,
                    "name": "статус 200",
                    "path": "::статус 200",
                    "id": "63fd587a2004924fac2f18b343720cda",
                    "passes": 5877
                },
                "ответ содержит orderId": {
                    "id": "9b0caa480d77dd97e7e57f2f6d3f304a",
                    "passes": 5877,
                    "fails": 0,
                    "name": "ответ содержит orderId",
                    "path": "::ответ содержит orderId"
                }
            },
        "name": "",
        "path": ""
    },
    "metrics": {
        "http_req_failed": {
            "passes": 0,
            "fails": 5877,
            "thresholds": {
                "rate<0.01": false
            },
            "value": 0
        },
        "data_sent": {
            "count": 511299,
            "rate": 8379.053488167063
        },
        "data_received": {
            "count": 4486321,
            "rate": 73520.8236747718
        },
        "http_req_duration{expected_response:true}": {
            "min": 3.663111,
            "med": 21.434499,
            "max": 130.591833,
            "p(90)": 63.74784260000001,
            "p(95)": 75.93137319999997,
            "avg": 28.57691653871033
        },
        "http_req_sending": {
            "avg": 0.07537438880381152,
            "min": 0.006086,
            "med": 0.032586,
            "max": 15.189379,
            "p(90)": 0.07396400000000002,
            "p(95)": 0.11939759999999999
        },
        "http_req_blocked": {
            "p(95)": 0.025514799999999997,
            "avg": 0.07783935494299817,
            "min": 0.002317,
            "med": 0.011546,
            "max": 14.81508,
            "p(90)": 0.020474000000000003
        },
        "http_req_receiving": {
            "avg": 0.16794404543134267,
            "min": 0.018808,
            "med": 0.082427,
            "max": 14.251105,
            "p(90)": 0.2597236,
            "p(95)": 0.46394239999999975
        },
        "vus": {
            "value": 23,
            "min": 23,
            "max": 100
        },
        "vus_max": {
            "value": 100,
            "min": 100,
            "max": 100
        },
        "iteration_duration": {
            "avg": 1030.3468925725683,
            "min": 1003.924482,
            "med": 1023.108174,
            "max": 1131.637387,
            "p(90)": 1066.2390458,
            "p(95)": 1080.2231596
        },
        "checks": {
            "passes": 11754,
            "fails": 0,
            "value": 1
        },
        "http_req_duration": {
            "max": 130.591833,
            "p(90)": 63.74784260000001,
            "p(95)": 75.93137319999997,
            "avg": 28.57691653871033,
            "min": 3.663111,
            "med": 21.434499,
            "thresholds": {
                "p(95)<300": false
            }
        },
        "iterations": {
            "count": 5877,
            "rate": 96.31095963410418
        },
        "http_req_connecting": {
            "avg": 0.05431799217287735,
            "min": 0,
            "med": 0,
            "max": 13.446732,
            "p(90)": 0,
            "p(95)": 0
        },
        "http_reqs": {
            "count": 5877,
            "rate": 96.31095963410418,
            "thresholds": {
                "count>1000": false
            }
        },
        "http_req_tls_handshaking": {
            "avg": 0,
            "min": 0,
            "med": 0,
            "max": 0,
            "p(90)": 0,
            "p(95)": 0
        },
        "http_req_waiting": {
            "max": 130.522237,
            "p(90)": 63.21783260000002,
            "p(95)": 75.68989479999999,
            "avg": 28.333598104475193,
            "min": 3.617565,
            "med": 21.20165
        }
    }
}