{
    "root_group": {
        "name": "",
        "path": "",
        "id": "d41d8cd98f00b204e9800998ecf8427e",
        "groups": {},
        "checks": {
                "статус 200": {
                    "name": "статус 200",
                    "path": "::статус 200",
                    "id": "63fd587a2004924fac2f18b343720cda",
                    "passes": 5907,
                    "fails": 0
                },
                "ответ содержит orderId": {
                    "path": "::ответ содержит orderId",
                    "id": "9b0caa480d77dd97e7e57f2f6d3f304a",
                    "passes": 5907,
                    "fails": 0,
                    "name": "ответ содержит orderId"
                }
            }
    },
    "metrics": {
        "http_reqs": {
            "count": 5907,
            "rate": 96.85586924241896,
            "thresholds": {
                "count>1000": false
            }
        },
        "checks": {
            "passes": 11814,
            "fails": 0,
            "value": 1
        },
        "http_req_tls_handshaking": {
            "avg": 0,
            "min": 0,
            "med": 0,
            "max": 0,
            "p(90)": 0,
            "p(95)": 0
        },
        "iterations": {
            "count": 5907,
            "rate": 96.85586924241896
        },
        "http_req_waiting": {
            "p(95)": 71.6915528,
            "avg": 23.679112617572272,
            "min": 3.683463,
            "med": 15.51591,
            "max": 120.670038,
            "p(90)": 58.071650400000024
        },
        "data_received": {
            "count": 4507629,
            "rate": 73910.66954754287
        },
        "http_req_duration": {
            "avg": 23.8755907260877,
            "min": 3.764325,
            "med": 15.774169,
            "max": 120.743866,
            "p(90)": 58.35937240000001,
            "p(95)": 72.08289809999998,
            "thresholds": {
                "p(95)<300": false
            }
        },
        "http_req_receiving": {
            "p(90)": 0.22264300000000023,
            "p(95)": 0.34510789999999947,
            "avg": 0.12970288623666804,
            "min": 0.017083,
            "med": 0.068361,
            "max": 16.945824
        },
        "vus_max": {
            "min": 100,
            "max": 100,
            "value": 100
        },
        "http_req_duration{expected_response:true}": {
            "p(95)": 72.08289809999998,
            "avg": 23.8755907260877,
            "min": 3.764325,
            "med": 15.774169,
            "max": 120.743866,
            "p(90)": 58.35937240000001
        },
        "http_req_sending": {
            "max": 43.48281,
            "p(90)": 0.06031980000000009,
            "p(95)": 0.09917999999999999,
            "avg": 0.06677522227865233,
            "min": 0.006597,
            "med": 0.02126
        },
        "data_sent": {
            "count": 513909,
            "rate": 8426.46062409045
        },
        "http_req_blocked": {
            "avg": 0.04423643152192319,
            "min": 0.002489,
            "med": 0.007569,
            "max": 5.419675,
            "p(90)": 0.01900480000000002,
            "p(95)": 0.022902899999999997
        },
        "vus": {
            "value": 1,
            "min": 1,
            "max": 100
        },
        "http_req_connecting": {
            "p(90)": 0,
            "p(95)": 0,
            "avg": 0.026390060606060597,
            "min": 0,
            "med": 0,
            "max": 2.888027
        },
        "iteration_duration": {
            "avg": 1025.3180469109534,
            "min": 1004.112903,
            "med": 1017.009396,
            "max": 1136.425992,
            "p(90)": 1061.0908352000001,
            "p(95)": 1076.1547226
        },
        "http_req_failed": {
            "passes": 0,
            "fails": 5907,
            "thresholds": {
                "rate<0.01": false
            },
            "value": 0
        }
    }
}