{
    "root_group": {
        "path": "",
        "id": "d41d8cd98f00b204e9800998ecf8427e",
        "groups": {},
        "checks": {
                "статус 200": {
                    "name": "статус 200",
                    "path": "::статус 200",
                    "id": "63fd587a2004924fac2f18b343720cda",
                    "passes": 5870,
                    "fails": 0
                },
                "ответ содержит orderId": {
                    "fails": 0,
                    "name": "ответ содержит orderId",
                    "path": "::ответ содержит orderId",
                    "id": "9b0caa480d77dd97e7e57f2f6d3f304a",
                    "passes": 5870
                }
            },
        "name": ""
    },
    "metrics": {
        "http_reqs": {
            "count": 5870,
            "rate": 96.27519245641204,
            "thresholds": {
                "count>1000": false
            }
        },
        "data_received": {
            "count": 4485244,
            "rate": 73563.49732776276
        },
        "http_req_duration{expected_response:true}": {
            "min": 3.207088,
            "med": 19.8943605,
            "max": 149.950907,
            "p(90)": 64.8722032,
            "p(95)": 77.86593185000001,
            "avg": 28.652228920272567
        },
        "checks": {
            "fails": 0,
            "passes": 11740,
            "value": 1
        },
        "vus": {
            "value": 4,
            "min": 4,
            "max": 100
        },
        "http_req_failed": {
            "passes": 0,
            "fails": 5870,
            "thresholds": {
                "rate<0.01": false
            },
            "value": 0
        },
        "data_sent": {
            "count": 510690,
            "rate": 8375.941743707848
        },
        "iterations": {
            "count": 5870,
            "rate": 96.27519245641204
        },
        "http_req_connecting": {
            "p(95)": 0,
            "avg": 0.008609287734241909,
            "min": 0,
            "med": 0,
            "max": 1.798532,
            "p(90)": 0
        },
        "http_req_duration": {
            "avg": 28.652228920272567,
            "min": 3.207088,
            "med": 19.8943605,
            "max": 149.950907,
            "p(90)": 64.8722032,
            "p(95)": 77.86593185000001,
            "thresholds": {
                "p(95)<300": false
            }
        },
        "iteration_duration": {
            "min": 1003.50575,
            "med": 1021.29543,
            "max": 1150.957225,
            "p(90)": 1068.8026527000002,
            "p(95)": 1080.9812839,
            "avg": 1030.3767886369667
        },
        "http_req_tls_handshaking": {
            "avg": 0,
            "min": 0,
            "med": 0,
            "max": 0,
            "p(90)": 0,
            "p(95)": 0
        },
        "http_req_waiting": {
            "p(90)": 64.2048477,
            "p(95)": 77.54335435000002,
            "avg": 28.39895480579231,
            "min": 3.150919,
            "med": 19.6464425,
            "max": 149.826707
        },
        "http_req_receiving": {
            "avg": 0.173286742248722,
            "min": 0.018292,
            "med": 0.079833,
            "max": 16.904805,
            "p(90)": 0.25890490000000005,
            "p(95)": 0.4766932000000003
        },
        "http_req_sending": {
            "min": 0.006599,
            "med": 0.031060499999999998,
            "max": 22.791514,
            "p(90)": 0.07041560000000002,
            "p(95)": 0.12266785000000026,
            "avg": 0.07998737223168657
        },
        "http_req_blocked": {
            "p(95)": 0.025171950000000002,
            "avg": 0.033100408517887495,
            "min": 0.00237,
            "med": 0.010833,
            "max": 7.292841,
            "p(90)": 0.019957400000000007
        },
        "vus_max": {
            "value": 100,
            "min": 100,
            "max": 100
        }
    }
}