{
    "metrics": {
        "http_req_duration{expected_response:true}": {
            "max": 35.920434,
            "p(90)": 4.108663000000001,
            "p(95)": 5.7342574,
            "avg": 2.8493714663333356,
            "min": 0.508481,
            "med": 2.1633269999999998
        },
        "http_req_sending": {
            "med": 0.0172495,
            "max": 7.382803,
            "p(90)": 0.028613600000000003,
            "p(95)": 0.041003550000000014,
            "avg": 0.03487694933333323,
            "min": 0.002473
        },
        "vus_max": {
            "value": 100,
            "min": 100,
            "max": 100
        },
        "http_req_receiving": {
            "p(90)": 0.07661910000000001,
            "p(95)": 0.10373775000000014,
            "avg": 0.04949241899999983,
            "min": 0.00537,
            "med": 0.0402395,
            "max": 1.133771
        },
        "data_received": {
            "count": 996000,
            "rate": 16533.23430970652
        },
        "http_req_failed": {
            "passes": 0,
            "fails": 6000,
            "thresholds": {
                "rate<0.01": false
            },
            "value": 0
        },
        "iterations": {
            "count": 6000,
            "rate": 99.59779704642482
        },
        "http_reqs": {
            "count": 6000,
            "rate": 99.59779704642482,
            "thresholds": {
                "count>1000": false
            }
        },
        "http_req_blocked": {
            "avg": 0.02405032999999996,
            "min": 0.000919,
            "med": 0.004899499999999999,
            "max": 8.086857,
            "p(90)": 0.007645400000000001,
            "p(95)": 0.009084900000000003
        },
        "iteration_duration": {
            "min": 1000.664748,
            "med": 1002.8159909999999,
            "max": 1043.439081,
            "p(90)": 1004.8351729,
            "p(95)": 1006.35506575,
            "avg": 1003.4884897743352
        },
        "http_req_duration": {
            "avg": 2.8493714663333356,
            "min": 0.508481,
            "med": 2.1633269999999998,
            "max": 35.920434,
            "p(90)": 4.108663000000001,
            "p(95)": 5.7342574,
            "thresholds": {
                "p(95)<500": false
            }
        },
        "checks": {
            "passes": 6000,
            "fails": 0,
            "value": 1
        },
        "vus": {
            "value": 100,
            "min": 100,
            "max": 100
        },
        "http_req_tls_handshaking": {
            "p(90)": 0,
            "p(95)": 0,
            "avg": 0,
            "min": 0,
            "med": 0,
            "max": 0
        },
        "http_req_waiting": {
            "p(90)": 4.024978100000002,
            "p(95)": 5.642255750000006,
            "avg": 2.765002098000002,
            "min": 0.464091,
            "med": 2.087371,
            "max": 35.826011
        },
        "data_sent": {
            "count": 1020780,
            "rate": 16944.573211508254
        },
        "http_req_connecting": {
            "p(95)": 0,
            "avg": 0.007221382000000002,
            "min": 0,
            "med": 0,
            "max": 2.467675,
            "p(90)": 0
        }
    },
    "root_group": {
        "name": "",
        "path": "",
        "id": "d41d8cd98f00b204e9800998ecf8427e",
        "groups": {},
        "checks": {
                "статус 201": {
                    "name": "статус 201",
                    "path": "::статус 201",
                    "id": "c314df9557299c13c0b7848462734a62",
                    "passes": 6000,
                    "fails": 0
                }
            }
    }
}