{
    "metrics": {
        "http_req_tls_handshaking": {
            "med": 0,
            "max": 0,
            "p(90)": 0,
            "p(95)": 0,
            "avg": 0,
            "min": 0
        },
        "http_req_failed": {
            "passes": 0,
            "fails": 6000,
            "thresholds": {
                "rate<0.01": false
            },
            "value": 0
        },
        "http_req_duration{expected_response:true}": {
            "p(90)": 3.9507603000000007,
            "p(95)": 5.066351200000001,
            "avg": 2.833019324166669,
            "min": 0.469334,
            "med": 2.0256730000000003,
            "max": 43.051093
        },
        "http_req_receiving": {
            "avg": 0.04438640983333333,
            "min": 0.005275,
            "med": 0.035880999999999996,
            "max": 0.985796,
            "p(90)": 0.06997850000000001,
            "p(95)": 0.09170785000000005
        },
        "data_received": {
            "count": 996000,
            "rate": 16535.02775413556
        },
        "http_req_duration": {
            "avg": 2.833019324166669,
            "min": 0.469334,
            "med": 2.0256730000000003,
            "max": 43.051093,
            "p(90)": 3.9507603000000007,
            "p(95)": 5.066351200000001,
            "thresholds": {
                "p(95)<500": false
            }
        },
        "data_sent": {
            "rate": 16945.332182793652,
            "count": 1020715
        },
        "http_req_connecting": {
            "med": 0,
            "max": 2.263514,
            "p(90)": 0,
            "p(95)": 0,
            "avg": 0.015839066833333335,
            "min": 0
        },
        "checks": {
            "fails": 0,
            "passes": 6000,
            "value": 1
        },
        "iterations": {
            "count": 6000,
            "rate": 99.60860092852747
        },
        "http_req_waiting": {
            "min": 0.436569,
            "med": 1.950784,
            "max": 42.826953,
            "p(90)": 3.8880322000000005,
            "p(95)": 4.9908864500000005,
            "avg": 2.7684297073333384
        },
        "iteration_duration": {
            "avg": 1003.4513973376694,
            "min": 1000.610186,
            "med": 1002.5884954999999,
            "max": 1048.688019,
            "p(90)": 1004.6286442,
            "p(95)": 1005.75213835
        },
        "http_reqs": {
            "count": 6000,
            "rate": 99.60860092852747,
            "thresholds": {
                "count>1000": false
            }
        },
        "http_req_blocked": {
            "max": 2.329268,
            "p(90)": 0.0071841000000000006,
            "p(95)": 0.0082964,
            "avg": 0.022048745333333362,
            "min": 0.000925,
            "med": 0.0043655
        },
        "http_req_sending": {
            "avg": 0.02020320700000003,
            "min": 0.00288,
            "med": 0.0151985,
            "max": 1.844974,
            "p(90)": 0.026158200000000013,
            "p(95)": 0.035460850000000016
        },
        "vus_max": {
            "min": 100,
            "max": 100,
            "value": 100
        },
        "vus": {
            "value": 100,
            "min": 100,
            "max": 100
        }
    },
    "root_group": {
        "id": "d41d8cd98f00b204e9800998ecf8427e",
        "groups": {},
        "checks": {
                "статус 201": {
                    "passes": 6000,
                    "fails": 0,
                    "name": "статус 201",
                    "path": "::статус 201",
                    "id": "c314df9557299c13c0b7848462734a62"
                }
            },
        "name": "",
        "path": ""
    }
}