{
    "root_group": {
        "name": "",
        "path": "",
        "id": "d41d8cd98f00b204e9800998ecf8427e",
        "groups": {},
        "checks": {
                "статус 201": {
                    "name": "статус 201",
                    "path": "::статус 201",
                    "id": "c314df9557299c13c0b7848462734a62",
                    "passes": 6000,
                    "fails": 0
                }
            }
    },
    "metrics": {
        "http_req_connecting": {
            "max": 1.508298,
            "p(90)": 0,
            "p(95)": 0,
            "avg": 0.007811059999999997,
            "min": 0,
            "med": 0
        },
        "checks": {
            "passes": 6000,
            "fails": 0,
            "value": 1
        },
        "http_req_sending": {
            "p(90)": 0.02615370000000001,
            "p(95)": 0.036302150000000005,
            "avg": 0.020712336333333383,
            "min": 0.002539,
            "med": 0.0155055,
            "max": 1.231874
        },
        "vus": {
            "value": 100,
            "min": 100,
            "max": 100
        },
        "http_req_tls_handshaking": {
            "min": 0,
            "med": 0,
            "max": 0,
            "p(90)": 0,
            "p(95)": 0,
            "avg": 0
        },
        "http_req_waiting": {
            "max": 14.921042,
            "p(90)": 4.411289400000001,
            "p(95)": 5.51717685,
            "avg": 2.6420771759999924,
            "min": 0.434199,
            "med": 2.201718
        },
        "http_req_receiving": {
            "p(95)": 0.09546745000000002,
            "avg": 0.045641716333333214,
            "min": 0.005745,
            "med": 0.035669000000000006,
            "max": 1.4055,
            "p(90)": 0.0701653
        },
        "http_req_duration": {
            "avg": 2.708431228666671,
            "min": 0.46621,
            "med": 2.279987,
            "max": 14.986309,
            "p(90)": 4.469886600000001,
            "p(95)": 5.629281850000001,
            "thresholds": {
                "p(95)<500": false
            }
        },
        "http_req_failed": {
            "fails": 6000,
            "passes": 0,
            "thresholds": {
                "rate<0.01": false
            },
            "value": 0
        },
        "data_sent": {
            "count": 1020368,
            "rate": 16942.66122597509
        },
        "http_reqs": {
            "count": 6000,
            "rate": 99.62676931837392,
            "thresholds": {
                "count>1000": false
            }
        },
        "iterations": {
            "count": 6000,
            "rate": 99.62676931837392
        },
        "http_req_blocked": {
            "p(95)": 0.008629700000000002,
            "avg": 0.013206464833333246,
            "min": 0.000913,
            "med": 0.004414,
            "max": 1.527409,
            "p(90)": 0.0073061
        },
        "iteration_duration": {
            "p(90)": 1005.1371998,
            "p(95)": 1006.3301112,
            "avg": 1003.3221616109993,
            "min": 1000.651116,
            "med": 1002.9249245,
            "max": 1016.587923
        },
        "http_req_duration{expected_response:true}": {
            "med": 2.279987,
            "max": 14.986309,
            "p(90)": 4.469886600000001,
            "p(95)": 5.629281850000001,
            "avg": 2.708431228666671,
            "min": 0.46621
        },
        "vus_max": {
            "value": 100,
            "min": 100,
            "max": 100
        },
        "data_received": {
            "count": 996000,
            "rate": 16538.04370685007
        }
    }
}