{
    "root_group": {
        "name": "",
        "path": "",
        "id": "d41d8cd98f00b204e9800998ecf8427e",
        "groups": {},
        "checks": {
                "статус 201": {
                    "id": "c314df9557299c13c0b7848462734a62",
                    "passes": 6000,
                    "fails": 0,
                    "name": "статус 201",
                    "path": "::статус 201"
                }
            }
    },
    "metrics": {
        "http_req_receiving": {
            "avg": 0.04687818750000004,
            "min": 0.005193,
            "med": 0.0383995,
            "max": 1.315882,
            "p(90)": 0.0726751,
            "p(95)": 0.09816595
        },
        "checks": {
            "passes": 6000,
            "fails": 0,
            "value": 1
        },
        "http_req_failed": {
            "passes": 0,
            "fails": 6000,
            "thresholds": {
                "rate<0.01": false
            },
            "value": 0
        },
        "data_received": {
            "count": 996000,
            "rate": 16533.290328912786
        },
        "http_req_sending": {
            "avg": 0.022061626333333233,
            "min": 0.002528,
            "med": 0.0165545,
            "max": 1.382022,
            "p(90)": 0.027889100000000014,
            "p(95)": 0.03976805000000001
        },
        "http_req_waiting": {
            "avg": 2.697036411166675,
            "min": 0.38007,
            "med": 2.122105,
            "max": 26.892916,
            "p(90)": 4.305916600000002,
            "p(95)": 5.906311150000002
        },
        "data_sent": {
            "count": 1020744,
            "rate": 16944.033035638306
        },
        "iteration_duration": {
            "med": 1002.7681105,
            "max": 1029.102716,
            "p(90)": 1005.2040797,
            "p(95)": 1006.65777095,
            "avg": 1003.3872116648339,
            "min": 1000.669527
        },
        "vus": {
            "value": 100,
            "min": 100,
            "max": 100
        },
        "http_req_tls_handshaking": {
            "max": 0,
            "p(90)": 0,
            "p(95)": 0,
            "avg": 0,
            "min": 0,
            "med": 0
        },
        "iterations": {
            "count": 6000,
            "rate": 99.5981345115228
        },
        "http_reqs": {
            "count": 6000,
            "rate": 99.5981345115228,
            "thresholds": {
                "count>1000": false
            }
        },
        "http_req_blocked": {
            "avg": 0.026019249500000056,
            "min": 0.000931,
            "med": 0.0047045,
            "max": 3.340143,
            "p(90)": 0.007470200000000001,
            "p(95)": 0.00878005
        },
        "http_req_connecting": {
            "max": 1.785117,
            "p(90)": 0,
            "p(95)": 0,
            "avg": 0.009436201833333333,
            "min": 0,
            "med": 0
        },
        "vus_max": {
            "min": 100,
            "max": 100,
            "value": 100
        },
        "http_req_duration": {
            "avg": 2.7659762249999984,
            "min": 0.408161,
            "med": 2.1898475,
            "max": 27.066867,
            "p(90)": 4.380514700000001,
            "p(95)": 5.980631850000001,
            "thresholds": {
                "p(95)<500": false
            }
        },
        "http_req_duration{expected_response:true}": {
            "p(90)": 4.380514700000001,
            "p(95)": 5.980631850000001,
            "avg": 2.7659762249999984,
            "min": 0.408161,
            "med": 2.1898475,
            "max": 27.066867
        }
    }
}