{
    "root_group": {
        "id": "d41d8cd98f00b204e9800998ecf8427e",
        "groups": {},
        "checks": {
                "статус 201": {
                    "path": "::статус 201",
                    "id": "c314df9557299c13c0b7848462734a62",
                    "passes": 6000,
                    "fails": 0,
                    "name": "статус 201"
                }
            },
        "name": "",
        "path": ""
    },
    "metrics": {
        "checks": {
            "passes": 6000,
            "fails": 0,
            "value": 1
        },
        "iterations": {
            "count": 6000,
            "rate": 99.61164897334173
        },
        "http_req_waiting": {
            "p(95)": 5.424764800000002,
            "avg": 2.698841338166671,
            "min": 0.429886,
            "med": 2.1085754999999997,
            "max": 27.243243,
            "p(90)": 4.0851161000000005
        },
        "data_received": {
            "rate": 16535.533729574727,
            "count": 996000
        },
        "vus_max": {
            "value": 100,
            "min": 100,
            "max": 100
        },
        "iteration_duration": {
            "avg": 1003.4220788193373,
            "min": 1000.650663,
            "med": 1002.8303215000001,
            "max": 1028.493929,
            "p(90)": 1004.8873844000001,
            "p(95)": 1006.19981655
        },
        "http_req_duration{expected_response:true}": {
            "min": 0.450777,
            "med": 2.1793755,
            "max": 27.618927,
            "p(90)": 4.152987700000002,
            "p(95)": 5.503339250000002,
            "avg": 2.7725141106666653
        },
        "http_req_blocked": {
            "avg": 0.009414564666666647,
            "min": 0.000737,
            "med": 0.0049055,
            "max": 1.478648,
            "p(90)": 0.007382,
            "p(95)": 0.008756050000000005
        },
        "http_reqs": {
            "count": 6000,
            "rate": 99.61164897334173,
            "thresholds": {
                "count>1000": false
            }
        },
        "http_req_duration": {
            "p(95)": 5.503339250000002,
            "avg": 2.7725141106666653,
            "min": 0.450777,
            "med": 2.1793755,
            "max": 27.618927,
            "p(90)": 4.152987700000002,
            "thresholds": {
                "p(95)<500": false
            }
        },
        "http_req_tls_handshaking": {
            "p(95)": 0,
            "avg": 0,
            "min": 0,
            "med": 0,
            "max": 0,
            "p(90)": 0
        },
        "http_req_receiving": {
            "p(90)": 0.0749305,
            "p(95)": 0.11135300000000008,
            "avg": 0.05162798816666677,
            "min": 0.004713,
            "med": 0.040925,
            "max": 4.184742
        },
        "data_sent": {
            "count": 1020493,
            "rate": 16942.165082625404
        },
        "vus": {
            "value": 100,
            "min": 100,
            "max": 100
        },
        "http_req_failed": {
            "passes": 0,
            "fails": 6000,
            "thresholds": {
                "rate<0.01": false
            },
            "value": 0
        },
        "http_req_connecting": {
            "p(90)": 0,
            "p(95)": 0,
            "avg": 0.0027373585,
            "min": 0,
            "med": 0,
            "max": 0.805702
        },
        "http_req_sending": {
            "med": 0.017393,
            "max": 1.641445,
            "p(90)": 0.0274174,
            "p(95)": 0.037645750000000026,
            "avg": 0.022044784333333234,
            "min": 0.002396
        }
    }
}