{
    "root_group": {
        "name": "",
        "path": "",
        "id": "d41d8cd98f00b204e9800998ecf8427e",
        "groups": {},
        "checks": {
                "статус 201": {
                    "id": "c314df9557299c13c0b7848462734a62",
                    "passes": 6000,
                    "fails": 0,
                    "name": "статус 201",
                    "path": "::статус 201"
                }
            }
    },
    "metrics": {
        "http_req_connecting": {
            "avg": 0.010436470166666666,
            "min": 0,
            "med": 0,
            "max": 1.431251,
            "p(90)": 0,
            "p(95)": 0
        },
        "http_req_duration": {
            "avg": 2.816019949833328,
            "min": 0.452351,
            "med": 2.308707,
            "max": 17.632317,
            "p(90)": 4.830875100000002,
            "p(95)": 6.526993600000001,
            "thresholds": {
                "p(95)<500": false
            }
        },
        "http_req_waiting": {
            "med": 2.236481,
            "max": 17.59511,
            "p(90)": 4.761155700000003,
            "p(95)": 6.4730076500000004,
            "avg": 2.7496516924999943,
            "min": 0.407449
        },
        "checks": {
            "passes": 6000,
            "fails": 0,
            "value": 1
        },
        "iterations": {
            "count": 6000,
            "rate": 99.62683014514167
        },
        "data_received": {
            "count": 996000,
            "rate": 16538.053804093517
        },
        "iteration_duration": {
            "avg": 1003.4110718248335,
            "min": 1000.572036,
            "med": 1002.8898435000001,
            "max": 1018.650048,
            "p(90)": 1005.5031416,
            "p(95)": 1007.19890945
        },
        "http_reqs": {
            "count": 6000,
            "rate": 99.62683014514167,
            "thresholds": {
                "count>1000": false
            }
        },
        "data_sent": {
            "count": 1020477,
            "rate": 16944.481457670623
        },
        "http_req_duration{expected_response:true}": {
            "p(95)": 6.526993600000001,
            "avg": 2.816019949833328,
            "min": 0.452351,
            "med": 2.308707,
            "max": 17.632317,
            "p(90)": 4.830875100000002
        },
        "http_req_failed": {
            "passes": 0,
            "fails": 6000,
            "thresholds": {
                "rate<0.01": false
            },
            "value": 0
        },
        "vus": {
            "min": 100,
            "max": 100,
            "value": 100
        },
        "http_req_tls_handshaking": {
            "med": 0,
            "max": 0,
            "p(90)": 0,
            "p(95)": 0,
            "avg": 0,
            "min": 0
        },
        "http_req_sending": {
            "max": 1.058484,
            "p(90)": 0.026733000000000003,
            "p(95)": 0.03843375000000003,
            "avg": 0.019624619666666714,
            "min": 0.002183,
            "med": 0.015404
        },
        "vus_max": {
            "value": 100,
            "min": 100,
            "max": 100
        },
        "http_req_blocked": {
            "avg": 0.016009155999999972,
            "min": 0.000884,
            "med": 0.0043465,
            "max": 1.484588,
            "p(90)": 0.0072441,
            "p(95)": 0.008623650000000004
        },
        "http_req_receiving": {
            "min": 0.004237,
            "med": 0.036407999999999996,
            "max": 1.772966,
            "p(90)": 0.07143750000000001,
            "p(95)": 0.10420070000000002,
            "avg": 0.046743637666666574
        }
    }
}