{
    "root_group": {
        "name": "",
        "path": "",
        "id": "d41d8cd98f00b204e9800998ecf8427e",
        "groups": {},
        "checks": {
                "статус 201": {
                    "name": "статус 201",
                    "path": "::статус 201",
                    "id": "c314df9557299c13c0b7848462734a62",
                    "passes": 6000,
                    "fails": 0
                }
            }
    },
    "metrics": {
        "http_req_connecting": {
            "avg": 0.020462209666666658,
            "min": 0,
            "med": 0,
            "max": 4.069003,
            "p(90)": 0,
            "p(95)": 0
        },
        "iteration_duration": {
            "avg": 1003.536883826001,
            "min": 1000.635407,
            "med": 1002.812168,
            "max": 1038.385334,
            "p(90)": 1004.9358894999999,
            "p(95)": 1006.4986679
        },
        "checks": {
            "passes": 6000,
            "fails": 0,
            "value": 1
        },
        "vus": {
            "value": 100,
            "min": 100,
            "max": 100
        },
        "http_req_waiting": {
            "avg": 2.8085084781666536,
            "min": 0.452942,
            "med": 2.109005,
            "max": 34.69338,
            "p(90)": 4.184870100000004,
            "p(95)": 5.694904650000002
        },
        "http_req_duration{expected_response:true}": {
            "med": 2.1780559999999998,
            "max": 34.841977,
            "p(90)": 4.264816200000004,
            "p(95)": 5.755996250000003,
            "avg": 2.8828392651666634,
            "min": 0.497816
        },
        "data_received": {
            "count": 996000,
            "rate": 16532.799691484757
        },
        "http_reqs": {
            "count": 6000,
            "rate": 99.59517886436602,
            "thresholds": {
                "count>1000": false
            }
        },
        "http_req_receiving": {
            "avg": 0.04601424233333331,
            "min": 0.005902,
            "med": 0.037617,
            "max": 0.987194,
            "p(90)": 0.07035750000000002,
            "p(95)": 0.09048295
        },
        "http_req_sending": {
            "avg": 0.02831654466666652,
            "min": 0.002203,
            "med": 0.0162145,
            "max": 4.098913,
            "p(90)": 0.026411300000000006,
            "p(95)": 0.0366893
        },
        "data_sent": {
            "count": 1020582,
            "rate": 16940.841139292068
        },
        "http_req_duration": {
            "avg": 2.8828392651666634,
            "min": 0.497816,
            "med": 2.1780559999999998,
            "max": 34.841977,
            "p(90)": 4.264816200000004,
            "p(95)": 5.755996250000003,
            "thresholds": {
                "p(95)<500": false
            }
        },
        "http_req_tls_handshaking": {
            "p(90)": 0,
            "p(95)": 0,
            "avg": 0,
            "min": 0,
            "med": 0,
            "max": 0
        },
        "vus_max": {
            "min": 100,
            "max": 100,
            "value": 100
        },
        "iterations": {
            "count": 6000,
            "rate": 99.59517886436602
        },
        "http_req_failed": {
            "fails": 6000,
            "passes": 0,
            "thresholds": {
                "rate<0.01": false
            },
            "value": 0
        },
        "http_req_blocked": {
            "min": 0.000872,
            "med": 0.004726,
            "max": 5.046096,
            "p(90)": 0.007358400000000001,
            "p(95)": 0.008460500000000003,
            "avg": 0.030099230499999862
        }
    }
}