{
    "metrics": {
        "http_req_connecting": {
            "p(90)": 0,
            "p(95)": 0,
            "avg": 0.006839029166666667,
            "min": 0,
            "med": 0,
            "max": 2.050124
        },
        "vus": {
            "value": 100,
            "min": 100,
            "max": 100
        },
        "checks": {
            "passes": 6000,
            "fails": 0,
            "value": 1
        },
        "http_req_tls_handshaking": {
            "avg": 0,
            "min": 0,
            "med": 0,
            "max": 0,
            "p(90)": 0,
            "p(95)": 0
        },
        "data_sent": {
            "count": 1020575,
            "rate": 16942.82058031377
        },
        "http_reqs": {
            "count": 6000,
            "rate": 99.60749918612804,
            "thresholds": {
                "count>1000": false
            }
        },
        "data_received": {
            "rate": 16534.844864897255,
            "count": 996000
        },
        "http_req_blocked": {
            "avg": 0.013961725833333301,
            "min": 0.000826,
            "med": 0.00456,
            "max": 3.249928,
            "p(90)": 0.007478800000000003,
            "p(95)": 0.009011550000000002
        },
        "iterations": {
            "count": 6000,
            "rate": 99.60749918612804
        },
        "http_req_sending": {
            "max": 2.872874,
            "p(90)": 0.028446900000000004,
            "p(95)": 0.04551390000000007,
            "avg": 0.02544813850000002,
            "min": 0.002353,
            "med": 0.0161445
        },
        "iteration_duration": {
            "p(90)": 1005.6509709000001,
            "p(95)": 1007.2033727500001,
            "avg": 1003.5870747011677,
            "min": 1000.661763,
            "med": 1002.9616295,
            "max": 1033.589068
        },
        "http_req_failed": {
            "passes": 0,
            "fails": 6000,
            "thresholds": {
                "rate<0.01": false
            },
            "value": 0
        },
        "http_req_waiting": {
            "p(90)": 4.7941959,
            "p(95)": 6.324750350000002,
            "avg": 2.8925914141666604,
            "min": 0.420727,
            "med": 2.2501230000000003,
            "max": 31.105344
        },
        "http_req_duration{expected_response:true}": {
            "max": 31.624641,
            "p(90)": 4.854631700000001,
            "p(95)": 6.435499050000002,
            "avg": 2.9650957510000007,
            "min": 0.451313,
            "med": 2.3247595
        },
        "http_req_receiving": {
            "avg": 0.04705619833333341,
            "min": 0.005622,
            "med": 0.037874,
            "max": 1.162986,
            "p(90)": 0.07278200000000001,
            "p(95)": 0.10097545000000004
        },
        "vus_max": {
            "value": 100,
            "min": 100,
            "max": 100
        },
        "http_req_duration": {
            "avg": 2.9650957510000007,
            "min": 0.451313,
            "med": 2.3247595,
            "max": 31.624641,
            "p(90)": 4.854631700000001,
            "p(95)": 6.435499050000002,
            "thresholds": {
                "p(95)<500": false
            }
        }
    },
    "root_group": {
        "id": "d41d8cd98f00b204e9800998ecf8427e",
        "groups": {},
        "checks": {
                "статус 201": {
                    "name": "статус 201",
                    "path": "::статус 201",
                    "id": "c314df9557299c13c0b7848462734a62",
                    "passes": 6000,
                    "fails": 0
                }
            },
        "name": "",
        "path": ""
    }
}