{
    "root_group": {
        "checks": {
            "статус 201": {
                "name": "статус 201",
                "path": "::статус 201",
                "id": "c314df9557299c13c0b7848462734a62",
                "passes": 6000,
                "fails": 0
            }
        },
        "name": "",
        "path": "",
        "id": "d41d8cd98f00b204e9800998ecf8427e",
        "groups": {}
    },
    "metrics": {
        "http_req_duration{expected_response:true}": {
            "p(90)": 4.734165600000001,
            "p(95)": 6.722206350000001,
            "avg": 2.9527504496666714,
            "min": 0.475713,
            "med": 2.3052365000000004,
            "max": 23.446742
        },
        "http_req_duration": {
            "p(95)": 6.722206350000001,
            "avg": 2.9527504496666714,
            "min": 0.475713,
            "med": 2.3052365000000004,
            "max": 23.446742,
            "p(90)": 4.734165600000001,
            "thresholds": {
                "p(95)<500": false
            }
        },
        "http_req_waiting": {
            "p(95)": 6.62504155,
            "avg": 2.8748202796666646,
            "min": 0.445058,
            "med": 2.2269889999999997,
            "max": 23.177262,
            "p(90)": 4.650259700000001
        },
        "checks": {
            "passes": 6000,
            "fails": 0,
            "value": 1
        },
        "http_req_sending": {
            "max": 1.169094,
            "p(90)": 0.029187500000000016,
            "p(95)": 0.04440835000000003,
            "avg": 0.025908735999999977,
            "min": 0.002971,
            "med": 0.0184345
        },
        "iteration_duration": {
            "min": 1000.699436,
            "med": 1002.9497145,
            "max": 1026.767223,
            "p(90)": 1005.4546464,
            "p(95)": 1007.4758102000001,
            "avg": 1003.6214434565011
        },
        "data_sent": {
            "count": 1020510,
            "rate": 16938.305516702392
        },
        "iterations": {
            "count": 6000,
            "rate": 99.587297625907
        },
        "http_req_blocked": {
            "med": 0.005217,
            "max": 4.154439,
            "p(90)": 0.007562700000000003,
            "p(95)": 0.008853600000000007,
            "avg": 0.037638312499999854,
            "min": 0.000918
        },
        "vus_max": {
            "value": 100,
            "min": 100,
            "max": 100
        },
        "http_reqs": {
            "count": 6000,
            "rate": 99.587297625907,
            "thresholds": {
                "count>1000": false
            }
        },
        "vus": {
            "value": 100,
            "min": 100,
            "max": 100
        },
        "http_req_tls_handshaking": {
            "avg": 0,
            "min": 0,
            "med": 0,
            "max": 0,
            "p(90)": 0,
            "p(95)": 0
        },
        "data_received": {
            "rate": 16531.49140590056,
            "count": 996000
        },
        "http_req_failed": {
            "passes": 0,
            "fails": 6000,
            "thresholds": {
                "rate<0.01": false
            },
            "value": 0
        },
        "http_req_connecting": {
            "avg": 0.027316215999999997,
            "min": 0,
            "med": 0,
            "max": 3.5068,
            "p(90)": 0,
            "p(95)": 0
        },
        "http_req_receiving": {
            "p(95)": 0.10245030000000001,
            "avg": 0.05202143400000016,
            "min": 0.0056,
            "med": 0.043591000000000005,
            "max": 5.1774,
            "p(90)": 0.07632870000000003
        }
    }
}