{
    "root_group": {
        "name": "",
        "path": "",
        "id": "d41d8cd98f00b204e9800998ecf8427e",
        "groups": {},
        "checks": {
                "статус 201": {
                    "path": "::статус 201",
                    "id": "c314df9557299c13c0b7848462734a62",
                    "passes": 6000,
                    "fails": 0,
                    "name": "статус 201"
                }
            }
    },
    "metrics": {
        "http_req_tls_handshaking": {
            "p(90)": 0,
            "p(95)": 0,
            "avg": 0,
            "min": 0,
            "med": 0,
            "max": 0
        },
        "http_req_waiting": {
            "max": 67.644816,
            "p(90)": 4.684702800000004,
            "p(95)": 6.390627150000002,
            "avg": 3.2827996018333265,
            "min": 0.443802,
            "med": 1.9409925000000001
        },
        "data_sent": {
            "count": 1020676,
            "rate": 16936.49216609874
        },
        "iteration_duration": {
            "p(90)": 1005.4621069,
            "p(95)": 1007.29084205,
            "avg": 1003.9831459378348,
            "min": 1000.62981,
            "med": 1002.64139,
            "max": 1068.428824
        },
        "http_req_duration": {
            "max": 67.78563,
            "p(90)": 4.758178400000003,
            "p(95)": 6.4813833500000015,
            "avg": 3.346109241999991,
            "min": 0.483324,
            "med": 2.0011400000000004,
            "thresholds": {
                "p(95)<500": false
            }
        },
        "data_received": {
            "count": 996000,
            "rate": 16527.03325779615
        },
        "checks": {
            "passes": 6000,
            "fails": 0,
            "value": 1
        },
        "http_reqs": {
            "rate": 99.560441312025,
            "count": 6000,
            "thresholds": {
                "count>1000": false
            }
        },
        "http_req_connecting": {
            "avg": 0.02263457416666667,
            "min": 0,
            "med": 0,
            "max": 4.802226,
            "p(90)": 0,
            "p(95)": 0
        },
        "http_req_sending": {
            "p(95)": 0.03865625000000003,
            "avg": 0.022237222499999973,
            "min": 0.002575,
            "med": 0.0121755,
            "max": 2.286689,
            "p(90)": 0.025721900000000002
        },
        "http_req_receiving": {
            "min": 0.005345,
            "med": 0.0295115,
            "max": 1.044745,
            "p(90)": 0.0667843,
            "p(95)": 0.09036280000000001,
            "avg": 0.04107241766666652
        },
        "http_req_blocked": {
            "max": 5.221236,
            "p(90)": 0.007022,
            "p(95)": 0.008189200000000006,
            "avg": 0.03347617316666658,
            "min": 0.000887,
            "med": 0.003644
        },
        "vus": {
            "max": 100,
            "value": 100,
            "min": 100
        },
        "http_req_duration{expected_response:true}": {
            "avg": 3.346109241999991,
            "min": 0.483324,
            "med": 2.0011400000000004,
            "max": 67.78563,
            "p(90)": 4.758178400000003,
            "p(95)": 6.4813833500000015
        },
        "vus_max": {
            "max": 100,
            "value": 100,
            "min": 100
        },
        "iterations": {
            "count": 6000,
            "rate": 99.560441312025
        },
        "http_req_failed": {
            "passes": 0,
            "fails": 6000,
            "thresholds": {
                "rate<0.01": false
            },
            "value": 0
        }
    }
}