{
    "root_group": {
        "id": "d41d8cd98f00b204e9800998ecf8427e",
        "groups": {},
        "checks": {
                "статус 200": {
                    "path": "::статус 200",
                    "id": "63fd587a2004924fac2f18b343720cda",
                    "passes": 5836,
                    "fails": 0,
                    "name": "статус 200"
                },
                "ответ не пустой": {
                    "name": "ответ не пустой",
                    "path": "::ответ не пустой",
                    "id": "1c568cf298ad7d73e64d124a4ad0618f",
                    "passes": 5836,
                    "fails": 0
                }
            },
        "name": "",
        "path": ""
    },
    "metrics": {
        "iteration_duration": {
            "p(90)": 1051.9526970000002,
            "p(95)": 1075.04917475,
            "avg": 1035.550284244859,
            "min": 1009.72615,
            "med": 1026.0650105,
            "max": 1428.4628
        },
        "http_req_receiving": {
            "p(90)": 0.2197885,
            "p(95)": 0.34993075,
            "avg": 0.14186172361206298,
            "min": 0.030181,
            "med": 0.0953745,
            "max": 7.470562
        },
        "data_received": {
            "count": 37635940,
            "rate": 616830.4393841088
        },
        "data_sent": {
            "count": 612143,
            "rate": 10032.65590432726
        },
        "http_reqs": {
            "count": 5836,
            "rate": 95.64853287165562,
            "thresholds": {
                "count>1000": false
            }
        },
        "http_req_waiting": {
            "p(95)": 72.9736345,
            "avg": 34.3302832511996,
            "min": 9.397383,
            "med": 24.9249035,
            "max": 421.428717,
            "p(90)": 50.3482775
        },
        "http_req_failed": {
            "fails": 5836,
            "passes": 0,
            "thresholds": {
                "rate<0.01": false
            },
            "value": 0
        },
        "iterations": {
            "count": 5836,
            "rate": 95.64853287165562
        },
        "http_req_tls_handshaking": {
            "avg": 0,
            "min": 0,
            "med": 0,
            "max": 0,
            "p(90)": 0,
            "p(95)": 0
        },
        "vus": {
            "value": 5,
            "min": 5,
            "max": 100
        },
        "http_req_duration": {
            "avg": 34.52044970664829,
            "min": 9.516,
            "med": 25.1180115,
            "max": 423.869914,
            "p(90)": 50.711350499999995,
            "p(95)": 73.126712,
            "thresholds": {
                "p(95)<300": false
            }
        },
        "http_req_duration{expected_response:true}": {
            "p(90)": 50.711350499999995,
            "p(95)": 73.126712,
            "avg": 34.52044970664829,
            "min": 9.516,
            "med": 25.1180115,
            "max": 423.869914
        },
        "http_req_blocked": {
            "med": 0.007125,
            "max": 12.056139,
            "p(90)": 0.011237500000000001,
            "p(95)": 0.01583875,
            "avg": 0.04782042306374214,
            "min": 0.002776
        },
        "http_req_sending": {
            "p(95)": 0.0546385,
            "avg": 0.04830473183687468,
            "min": 0.008657,
            "med": 0.021398,
            "max": 4.923738,
            "p(90)": 0.0381285
        },
        "checks": {
            "passes": 11672,
            "fails": 0,
            "value": 1
        },
        "http_req_connecting": {
            "med": 0,
            "max": 10.958425,
            "p(90)": 0,
            "p(95)": 0,
            "avg": 0.03126708550376971,
            "min": 0
        },
        "vus_max": {
            "value": 100,
            "min": 100,
            "max": 100
        }
    }
}