{
    "root_group": {
        "checks": {
            "статус 200": {
                "id": "63fd587a2004924fac2f18b343720cda",
                "passes": 5830,
                "fails": 0,
                "name": "статус 200",
                "path": "::статус 200"
            },
            "ответ не пустой": {
                "path": "::ответ не пустой",
                "id": "1c568cf298ad7d73e64d124a4ad0618f",
                "passes": 5830,
                "fails": 0,
                "name": "ответ не пустой"
            }
        },
        "name": "",
        "path": "",
        "id": "d41d8cd98f00b204e9800998ecf8427e",
        "groups": {}
    },
    "metrics": {
        "http_req_connecting": {
            "avg": 0.024046667409948548,
            "min": 0,
            "med": 0,
            "max": 54.86381,
            "p(90)": 0,
            "p(95)": 0
        },
        "data_sent": {
            "count": 611541,
            "rate": 10019.854700887974
        },
        "http_req_receiving": {
            "avg": 0.13501394202401343,
            "min": 0.027869,
            "med": 0.09447249999999999,
            "max": 18.196747,
            "p(90)": 0.19848040000000003,
            "p(95)": 0.3000783500000001
        },
        "iteration_duration": {
            "min": 1010.632772,
            "med": 1024.7546794999998,
            "max": 1408.42258,
            "p(90)": 1063.8682953,
            "p(95)": 1101.124646,
            "avg": 1036.6191556178385
        },
        "http_req_blocked": {
            "p(95)": 0.015175400000000002,
            "avg": 0.054419513893653154,
            "min": 0.003011,
            "med": 0.007017499999999999,
            "max": 54.927378,
            "p(90)": 0.011210600000000001
        },
        "http_req_tls_handshaking": {
            "med": 0,
            "max": 0,
            "p(90)": 0,
            "p(95)": 0,
            "avg": 0,
            "min": 0
        },
        "vus_max": {
            "value": 100,
            "min": 100,
            "max": 100
        },
        "data_received": {
            "count": 37562654,
            "rate": 615449.0627116227
        },
        "vus": {
            "min": 7,
            "max": 100,
            "value": 7
        },
        "http_req_duration": {
            "p(95)": 100.29203735000004,
            "avg": 35.50643898507728,
            "min": 10.01814,
            "med": 23.824889,
            "max": 407.153433,
            "p(90)": 62.328826600000006,
            "thresholds": {
                "p(95)<300": false
            }
        },
        "iterations": {
            "count": 5830,
            "rate": 95.52221830781073
        },
        "http_req_duration{expected_response:true}": {
            "avg": 35.50643898507728,
            "min": 10.01814,
            "med": 23.824889,
            "max": 407.153433,
            "p(90)": 62.328826600000006,
            "p(95)": 100.29203735000004
        },
        "http_req_sending": {
            "avg": 0.037159315608919406,
            "min": 0.008141,
            "med": 0.0208285,
            "max": 7.109554,
            "p(90)": 0.037280600000000004,
            "p(95)": 0.0509342
        },
        "http_reqs": {
            "count": 5830,
            "rate": 95.52221830781073,
            "thresholds": {
                "count>1000": false
            }
        },
        "http_req_waiting": {
            "p(95)": 99.78237545000002,
            "avg": 35.334265727444375,
            "min": 9.921421,
            "med": 23.697413,
            "max": 406.778094,
            "p(90)": 62.08613340000003
        },
        "checks": {
            "passes": 11660,
            "fails": 0,
            "value": 1
        },
        "http_req_failed": {
            "passes": 0,
            "fails": 5830,
            "thresholds": {
                "rate<0.01": false
            },
            "value": 0
        }
    }
}