{
    "root_group": {
        "name": "",
        "path": "",
        "id": "d41d8cd98f00b204e9800998ecf8427e",
        "groups": {},
        "checks": {
                "статус 200": {
                    "id": "63fd587a2004924fac2f18b343720cda",
                    "passes": 5806,
                    "fails": 0,
                    "name": "статус 200",
                    "path": "::статус 200"
                },
                "ответ не пустой": {
                    "name": "ответ не пустой",
                    "path": "::ответ не пустой",
                    "id": "1c568cf298ad7d73e64d124a4ad0618f",
                    "passes": 5806,
                    "fails": 0
                }
            }
    },
    "metrics": {
        "http_req_blocked": {
            "p(95)": 0.01550425,
            "avg": 0.061911089045814556,
            "min": 0.003228,
            "med": 0.0071175000000000006,
            "max": 17.743713,
            "p(90)": 0.011172
        },
        "http_req_tls_handshaking": {
            "avg": 0,
            "min": 0,
            "med": 0,
            "max": 0,
            "p(90)": 0,
            "p(95)": 0
        },
        "http_req_sending": {
            "p(90)": 0.039145,
            "p(95)": 0.05901475,
            "avg": 0.04484391336548416,
            "min": 0.008921,
            "med": 0.021705500000000003,
            "max": 9.196347
        },
        "checks": {
            "passes": 11612,
            "fails": 0,
            "value": 1
        },
        "http_req_connecting": {
            "avg": 0.030545719772648982,
            "min": 0,
            "med": 0,
            "max": 8.099373,
            "p(90)": 0,
            "p(95)": 0
        },
        "http_req_waiting": {
            "p(95)": 98.65388825,
            "avg": 40.86097112452612,
            "min": 9.63041,
            "med": 24.5465395,
            "max": 754.820029,
            "p(90)": 65.0251055
        },
        "http_req_receiving": {
            "avg": 0.1460454605580434,
            "min": 0.031677,
            "med": 0.096197,
            "max": 8.026982,
            "p(90)": 0.21711249999999999,
            "p(95)": 0.34579024999999997
        },
        "vus_max": {
            "value": 100,
            "min": 100,
            "max": 100
        },
        "data_sent": {
            "count": 609007,
            "rate": 9966.13255955459
        },
        "http_req_duration": {
            "med": 24.6975265,
            "max": 756.427341,
            "p(90)": 65.27704299999999,
            "p(95)": 98.72463049999999,
            "avg": 41.051860498449926,
            "min": 9.757097,
            "thresholds": {
                "p(95)<300": false
            }
        },
        "http_req_duration{expected_response:true}": {
            "med": 24.6975265,
            "max": 756.427341,
            "p(90)": 65.27704299999999,
            "p(95)": 98.72463049999999,
            "avg": 41.051860498449926,
            "min": 9.757097
        },
        "http_req_failed": {
            "passes": 0,
            "fails": 5806,
            "thresholds": {
                "rate<0.01": false
            },
            "value": 0
        },
        "vus": {
            "value": 19,
            "min": 19,
            "max": 100
        },
        "iteration_duration": {
            "p(95)": 1099.948893,
            "avg": 1042.1232608551495,
            "min": 1010.536529,
            "med": 1025.6239795000001,
            "max": 1761.199219,
            "p(90)": 1066.492495
        },
        "http_reqs": {
            "count": 5806,
            "rate": 95.01264458499483,
            "thresholds": {
                "count>1000": false
            }
        },
        "data_received": {
            "count": 37483964,
            "rate": 613408.6374730866
        },
        "iterations": {
            "count": 5806,
            "rate": 95.01264458499483
        }
    }
}