{
    "root_group": {
        "name": "",
        "path": "",
        "id": "d41d8cd98f00b204e9800998ecf8427e",
        "groups": {},
        "checks": {
                "статус 200": {
                    "fails": 0,
                    "name": "статус 200",
                    "path": "::статус 200",
                    "id": "63fd587a2004924fac2f18b343720cda",
                    "passes": 5790
                },
                "ответ не пустой": {
                    "path": "::ответ не пустой",
                    "id": "1c568cf298ad7d73e64d124a4ad0618f",
                    "passes": 5790,
                    "fails": 0,
                    "name": "ответ не пустой"
                }
            }
    },
    "metrics": {
        "data_sent": {
            "count": 607277,
            "rate": 9950.878496055222
        },
        "http_req_failed": {
            "passes": 0,
            "fails": 5790,
            "thresholds": {
                "rate<0.01": false
            },
            "value": 0
        },
        "http_req_receiving": {
            "p(95)": 0.36800365000000035,
            "avg": 0.15655436632124292,
            "min": 0.028692,
            "med": 0.0982385,
            "max": 31.787374,
            "p(90)": 0.2352632000000001
        },
        "iterations": {
            "rate": 94.87529824472149,
            "count": 5790
        },
        "http_req_sending": {
            "p(95)": 0.06288150000000002,
            "avg": 0.039720735578583626,
            "min": 0.007974,
            "med": 0.021947,
            "max": 6.153294,
            "p(90)": 0.0441896
        },
        "vus_max": {
            "value": 100,
            "min": 100,
            "max": 100
        },
        "http_req_blocked": {
            "p(95)": 0.016864350000000004,
            "avg": 0.07231136321243517,
            "min": 0.002979,
            "med": 0.007223,
            "max": 10.130288,
            "p(90)": 0.013197800000000003
        },
        "http_req_connecting": {
            "max": 10.088029,
            "p(90)": 0,
            "p(95)": 0,
            "avg": 0.05701165336787564,
            "min": 0,
            "med": 0
        },
        "http_req_waiting": {
            "avg": 42.45648368359235,
            "min": 9.658925,
            "med": 27.325771000000003,
            "max": 628.71224,
            "p(90)": 70.32873280000001,
            "p(95)": 115.48535820000001
        },
        "http_req_tls_handshaking": {
            "min": 0,
            "med": 0,
            "max": 0,
            "p(90)": 0,
            "p(95)": 0,
            "avg": 0
        },
        "http_req_duration{expected_response:true}": {
            "avg": 42.652758785492296,
            "min": 9.754405,
            "med": 27.472868,
            "max": 629.489937,
            "p(90)": 70.5089423,
            "p(95)": 115.75168440000003
        },
        "checks": {
            "fails": 0,
            "passes": 11580,
            "value": 1
        },
        "vus": {
            "min": 7,
            "max": 100,
            "value": 7
        },
        "http_reqs": {
            "count": 5790,
            "rate": 94.87529824472149,
            "thresholds": {
                "count>1000": false
            }
        },
        "http_req_duration": {
            "avg": 42.652758785492296,
            "min": 9.754405,
            "med": 27.472868,
            "max": 629.489937,
            "p(90)": 70.5089423,
            "p(95)": 115.75168440000003,
            "thresholds": {
                "p(95)<300": false
            }
        },
        "iteration_duration": {
            "min": 1010.525651,
            "med": 1028.544206,
            "max": 1633.261049,
            "p(90)": 1071.9957059,
            "p(95)": 1117.1320378,
            "avg": 1043.794677326421
        },
        "data_received": {
            "count": 37338401,
            "rate": 611829.3490252171
        }
    }
}