{
    "metrics": {
        "data_received": {
            "count": 895500,
            "rate": 14680.542955412615
        },
        "http_reqs": {
            "count": 5970,
            "rate": 97.87028636941743,
            "thresholds": {
                "count>1000": false
            }
        },
        "http_req_duration": {
            "med": 7.5102905,
            "max": 159.651585,
            "p(90)": 35.29298100000001,
            "p(95)": 47.15869265000001,
            "avg": 14.122914941206012,
            "min": 1.582972,
            "thresholds": {
                "p(95)<500": false
            }
        },
        "http_req_connecting": {
            "min": 0,
            "med": 0,
            "max": 5.195903,
            "p(90)": 0,
            "p(95)": 0,
            "avg": 0.012756331323283087
        },
        "http_req_blocked": {
            "p(95)": 0.021083050000000006,
            "avg": 0.025944856448911143,
            "min": 0.002383,
            "med": 0.0076185,
            "max": 5.237826,
            "p(90)": 0.018407600000000003
        },
        "data_sent": {
            "count": 1040136,
            "rate": 17051.659662167567
        },
        "http_req_failed": {
            "fails": 5970,
            "passes": 0,
            "thresholds": {
                "rate<0.01": false
            },
            "value": 0
        },
        "vus": {
            "min": 4,
            "max": 100,
            "value": 4
        },
        "http_req_receiving": {
            "avg": 0.09845338274706883,
            "min": 0.020212,
            "med": 0.0680925,
            "max": 5.643018,
            "p(90)": 0.1678752,
            "p(95)": 0.20090140000000004
        },
        "http_req_sending": {
            "avg": 0.055681203517588,
            "min": 0.008432,
            "med": 0.0316675,
            "max": 3.46247,
            "p(90)": 0.07950310000000002,
            "p(95)": 0.10148735000000006
        },
        "iterations": {
            "count": 5970,
            "rate": 97.87028636941743
        },
        "checks": {
            "passes": 5970,
            "fails": 0,
            "value": 1
        },
        "http_req_duration{expected_response:true}": {
            "max": 159.651585,
            "p(90)": 35.29298100000001,
            "p(95)": 47.15869265000001,
            "avg": 14.122914941206012,
            "min": 1.582972,
            "med": 7.5102905
        },
        "http_req_tls_handshaking": {
            "avg": 0,
            "min": 0,
            "med": 0,
            "max": 0,
            "p(90)": 0,
            "p(95)": 0
        },
        "vus_max": {
            "value": 100,
            "min": 100,
            "max": 100
        },
        "iteration_duration": {
            "avg": 1015.0687480366845,
            "min": 1001.901767,
            "med": 1008.6450689999999,
            "max": 1164.957467,
            "p(90)": 1036.3048144,
            "p(95)": 1048.0256749
        },
        "http_req_waiting": {
            "p(95)": 46.9683782,
            "avg": 13.968780354941408,
            "min": 1.526108,
            "med": 7.294637,
            "max": 159.579453,
            "p(90)": 35.07748960000001
        }
    },
    "root_group": {
        "name": "",
        "path": "",
        "id": "d41d8cd98f00b204e9800998ecf8427e",
        "groups": {},
        "checks": {
                "статус 201": {
                    "name": "статус 201",
                    "path": "::статус 201",
                    "id": "c314df9557299c13c0b7848462734a62",
                    "passes": 5970,
                    "fails": 0
                }
            }
    }
}