{
    "metrics": {
        "http_req_duration{expected_response:true}": {
            "p(95)": 42.62914920000001,
            "avg": 11.244993347456232,
            "min": 1.468691,
            "med": 5.550294,
            "max": 166.529822,
            "p(90)": 27.486114800000042
        },
        "http_req_waiting": {
            "avg": 11.127835545954973,
            "min": 1.422943,
            "med": 5.46908,
            "max": 166.413452,
            "p(90)": 27.2810674,
            "p(95)": 42.48657460000001
        },
        "http_req_receiving": {
            "avg": 0.07630001801501243,
            "min": 0.018938,
            "med": 0.055943,
            "max": 3.276881,
            "p(90)": 0.1484346,
            "p(95)": 0.1730313000000001
        },
        "http_req_duration": {
            "p(95)": 42.62914920000001,
            "avg": 11.244993347456232,
            "min": 1.468691,
            "med": 5.550294,
            "max": 166.529822,
            "p(90)": 27.486114800000042,
            "thresholds": {
                "p(95)<500": false
            }
        },
        "http_req_failed": {
            "passes": 0,
            "fails": 5995,
            "thresholds": {
                "rate<0.01": false
            },
            "value": 0
        },
        "data_sent": {
            "count": 1044609,
            "rate": 17124.62488704708
        },
        "data_received": {
            "rate": 14741.706159603344,
            "count": 899250
        },
        "iteration_duration": {
            "avg": 1012.1014460300262,
            "min": 1001.721927,
            "med": 1006.368253,
            "max": 1172.738166,
            "p(90)": 1028.4895206,
            "p(95)": 1043.7029598000001
        },
        "vus_max": {
            "value": 100,
            "min": 100,
            "max": 100
        },
        "http_reqs": {
            "count": 5995,
            "rate": 98.27804106402229,
            "thresholds": {
                "count>1000": false
            }
        },
        "http_req_connecting": {
            "max": 6.346139,
            "p(90)": 0,
            "p(95)": 0,
            "avg": 0.05166793811509588,
            "min": 0,
            "med": 0
        },
        "iterations": {
            "count": 5995,
            "rate": 98.27804106402229
        },
        "http_req_blocked": {
            "min": 0.002083,
            "med": 0.006088,
            "max": 6.913114,
            "p(90)": 0.01653800000000001,
            "p(95)": 0.019251500000000005,
            "avg": 0.06361548590492062
        },
        "http_req_sending": {
            "p(90)": 0.07130180000000001,
            "p(95)": 0.08499770000000002,
            "avg": 0.040857783486238475,
            "min": 0.008492,
            "med": 0.024505,
            "max": 2.208205
        },
        "vus": {
            "value": 12,
            "min": 12,
            "max": 100
        },
        "checks": {
            "passes": 5995,
            "fails": 0,
            "value": 1
        },
        "http_req_tls_handshaking": {
            "max": 0,
            "p(90)": 0,
            "p(95)": 0,
            "avg": 0,
            "min": 0,
            "med": 0
        }
    },
    "root_group": {
        "groups": {},
        "checks": {
                "статус 201": {
                    "name": "статус 201",
                    "path": "::статус 201",
                    "id": "c314df9557299c13c0b7848462734a62",
                    "passes": 5995,
                    "fails": 0
                }
            },
        "name": "",
        "path": "",
        "id": "d41d8cd98f00b204e9800998ecf8427e"
    }
}