{
    "root_group": {
        "name": "",
        "path": "",
        "id": "d41d8cd98f00b204e9800998ecf8427e",
        "groups": {},
        "checks": {
                "📦 статус 201": {
                    "id": "70a1e9b1e2064741c325237b51506fdc",
                    "passes": 5700,
                    "fails": 0,
                    "name": "📦 статус 201",
                    "path": "::📦 статус 201"
                }
            }
    },
    "metrics": {
        "iteration_duration": {
            "avg": 1067.0718092310524,
            "min": 1005.467143,
            "med": 1067.6645174999999,
            "max": 1233.03866,
            "p(90)": 1099.5429557,
            "p(95)": 1117.8092073
        },
        "http_req_connecting": {
            "min": 0,
            "med": 0,
            "max": 6.234397,
            "p(90)": 0,
            "p(95)": 0,
            "avg": 0.009482500350877195
        },
        "iterations": {
            "count": 5700,
            "rate": 93.60474859581502
        },
        "http_req_tls_handshaking": {
            "avg": 0,
            "min": 0,
            "med": 0,
            "max": 0,
            "p(90)": 0,
            "p(95)": 0
        },
        "http_req_failed": {
            "passes": 0,
            "fails": 5700,
            "thresholds": {
                "rate<0.01": false
            },
            "value": 0
        },
        "data_sent": {
            "rate": 28334.978494239134,
            "count": 1725440
        },
        "http_req_sending": {
            "p(90)": 0.06165150000000004,
            "p(95)": 0.07921605000000002,
            "avg": 0.03731124385964911,
            "min": 0.009321,
            "med": 0.024045999999999998,
            "max": 1.928318
        },
        "vus": {
            "value": 100,
            "min": 100,
            "max": 100
        },
        "http_reqs": {
            "count": 5700,
            "rate": 93.60474859581502
        },
        "http_req_blocked": {
            "avg": 0.018819992807017467,
            "min": 0.002714,
            "med": 0.005883,
            "max": 6.280826,
            "p(90)": 0.015000600000000001,
            "p(95)": 0.017745
        },
        "checks": {
            "passes": 5700,
            "fails": 0,
            "value": 1
        },
        "data_received": {
            "count": 855000,
            "rate": 14040.712289372254
        },
        "vus_max": {
            "max": 100,
            "value": 100,
            "min": 100
        },
        "http_req_duration": {
            "max": 232.255384,
            "p(90)": 98.59404280000001,
            "p(95)": 116.93566230000003,
            "avg": 66.32522637175447,
            "min": 5.118587,
            "med": 66.939313,
            "thresholds": {
                "p(95)<300": false
            }
        },
        "http_req_duration{expected_response:true}": {
            "avg": 66.32522637175447,
            "min": 5.118587,
            "med": 66.939313,
            "max": 232.255384,
            "p(90)": 98.59404280000001,
            "p(95)": 116.93566230000003
        },
        "http_req_waiting": {
            "med": 66.8522345,
            "max": 232.178162,
            "p(90)": 98.49543560000002,
            "p(95)": 116.87284685000003,
            "avg": 66.24199869087722,
            "min": 5.056142
        },
        "http_req_receiving": {
            "avg": 0.04591643701754387,
            "min": 0.015887,
            "med": 0.0388835,
            "max": 0.772185,
            "p(90)": 0.0657972,
            "p(95)": 0.076719
        }
    }
}