{
    "root_group": {
        "path": "",
        "id": "d41d8cd98f00b204e9800998ecf8427e",
        "groups": {},
        "checks": {
                "статус 200": {
                    "fails": 0,
                    "name": "статус 200",
                    "path": "::статус 200",
                    "id": "63fd587a2004924fac2f18b343720cda",
                    "passes": 1173
                },
                "ответ не пустой": {
                    "name": "ответ не пустой",
                    "path": "::ответ не пустой",
                    "id": "1c568cf298ad7d73e64d124a4ad0618f",
                    "passes": 1173,
                    "fails": 0
                }
            },
        "name": ""
    },
    "metrics": {
        "http_reqs": {
            "count": 1173,
            "rate": 17.95015182130067,
            "thresholds": {
                "count>1000": false
            }
        },
        "data_received": {
            "count": 7677064,
            "rate": 117480.3617577509
        },
        "http_req_waiting": {
            "avg": 4350.575107987208,
            "min": 431.505342,
            "med": 4419.835305,
            "max": 5977.548896,
            "p(90)": 4770.8174914,
            "p(95)": 4924.829936799998
        },
        "data_sent": {
            "count": 123017,
            "rate": 1882.5011309470967
        },
        "http_req_duration{expected_response:true}": {
            "max": 5978.020701,
            "p(90)": 4770.9491448,
            "p(95)": 4925.167310599998,
            "avg": 4350.778196053707,
            "min": 432.09314,
            "med": 4419.999841
        },
        "http_req_connecting": {
            "p(90)": 0,
            "p(95)": 1.8323283999999984,
            "avg": 0.16224074254049448,
            "min": 0,
            "med": 0,
            "max": 4.573907
        },
        "iterations": {
            "rate": 17.95015182130067,
            "count": 1173
        },
        "http_req_blocked": {
            "avg": 0.19066498209718707,
            "min": 0.004951,
            "med": 0.007185,
            "max": 4.627788,
            "p(90)": 0.027213999999999926,
            "p(95)": 1.9208039999999993
        },
        "http_req_failed": {
            "passes": 0,
            "fails": 1173,
            "thresholds": {
                "rate<0.01": false
            },
            "value": 0
        },
        "http_req_sending": {
            "p(90)": 0.0850737999999999,
            "p(95)": 0.29151279999999996,
            "avg": 0.05851400682011945,
            "min": 0.01451,
            "med": 0.02261,
            "max": 1.879833
        },
        "vus_max": {
            "value": 100,
            "min": 100,
            "max": 100
        },
        "vus": {
            "value": 11,
            "min": 11,
            "max": 100
        },
        "http_req_duration": {
            "min": 432.09314,
            "med": 4419.999841,
            "max": 5978.020701,
            "p(90)": 4770.9491448,
            "p(95)": 4925.167310599998,
            "avg": 4350.778196053707,
            "thresholds": {
                "p(95)<300": true
            }
        },
        "http_req_receiving": {
            "p(90)": 0.17527199999999998,
            "p(95)": 0.20397359999999998,
            "avg": 0.14457405967604425,
            "min": 0.062329,
            "med": 0.137928,
            "max": 2.331086
        },
        "http_req_tls_handshaking": {
            "min": 0,
            "med": 0,
            "max": 0,
            "p(90)": 0,
            "p(95)": 0,
            "avg": 0
        },
        "iteration_duration": {
            "med": 5421.195659,
            "max": 6981.297098,
            "p(90)": 5771.946127,
            "p(95)": 5926.092098599998,
            "avg": 5352.059229108268,
            "min": 1435.534817
        },
        "checks": {
            "passes": 2346,
            "fails": 0,
            "value": 1
        }
    }
}