{
    "root_group": {
        "name": "",
        "path": "",
        "id": "d41d8cd98f00b204e9800998ecf8427e",
        "groups": {},
        "checks": {
                "статус 200": {
                    "name": "статус 200",
                    "path": "::статус 200",
                    "id": "63fd587a2004924fac2f18b343720cda",
                    "passes": 1227,
                    "fails": 0
                },
                "ответ не пустой": {
                    "name": "ответ не пустой",
                    "path": "::ответ не пустой",
                    "id": "1c568cf298ad7d73e64d124a4ad0618f",
                    "passes": 1227,
                    "fails": 0
                }
            }
    },
    "metrics": {
        "http_req_waiting": {
            "p(90)": 4416.7410188,
            "p(95)": 4486.6162844,
            "avg": 4110.342610820703,
            "min": 378.996803,
            "med": 4181.489963,
            "max": 5696.553641
        },
        "http_req_failed": {
            "passes": 0,
            "fails": 1227,
            "thresholds": {
                "rate<0.01": false
            },
            "value": 0
        },
        "http_req_duration": {
            "p(95)": 4486.7745549,
            "avg": 4110.530826560713,
            "min": 379.349653,
            "med": 4181.617944,
            "max": 5697.008858,
            "p(90)": 4416.8574024,
            "thresholds": {
                "p(95)<300": true
            }
        },
        "http_req_blocked": {
            "med": 0.007048,
            "max": 6.164787,
            "p(90)": 0.023268200000000003,
            "p(95)": 1.5582428000000017,
            "avg": 0.1523721083944579,
            "min": 0.004555
        },
        "http_req_duration{expected_response:true}": {
            "med": 4181.617944,
            "max": 5697.008858,
            "p(90)": 4416.8574024,
            "p(95)": 4486.7745549,
            "avg": 4110.530826560713,
            "min": 379.349653
        },
        "vus": {
            "value": 8,
            "min": 8,
            "max": 100
        },
        "http_req_tls_handshaking": {
            "p(90)": 0,
            "p(95)": 0,
            "avg": 0,
            "min": 0,
            "med": 0,
            "max": 0
        },
        "http_reqs": {
            "count": 1227,
            "rate": 18.829661517591443,
            "thresholds": {
                "count>1000": false
            }
        },
        "checks": {
            "passes": 2454,
            "fails": 0,
            "value": 1
        },
        "vus_max": {
            "value": 100,
            "min": 100,
            "max": 100
        },
        "iterations": {
            "count": 1227,
            "rate": 18.829661517591443
        },
        "iteration_duration": {
            "med": 5182.740602,
            "max": 6700.409932,
            "p(90)": 5418.3066964,
            "p(95)": 5487.582967599999,
            "avg": 5111.693163483293,
            "min": 1382.750954
        },
        "http_req_receiving": {
            "avg": 0.14357498940505303,
            "min": 0.050398,
            "med": 0.131354,
            "max": 4.144789,
            "p(90)": 0.1680568,
            "p(95)": 0.19427900000000003
        },
        "data_received": {
            "count": 8003897,
            "rate": 122828.58299239249
        },
        "http_req_sending": {
            "med": 0.021544,
            "max": 1.130113,
            "p(90)": 0.07413060000000007,
            "p(95)": 0.15071060000000006,
            "avg": 0.044640750611246956,
            "min": 0.010657
        },
        "data_sent": {
            "rate": 1974.996697905025,
            "count": 128697
        },
        "http_req_connecting": {
            "avg": 0.08247206601466993,
            "min": 0,
            "med": 0,
            "max": 3.948488,
            "p(90)": 0,
            "p(95)": 0.7025565000000003
        }
    }
}