{
    "root_group": {
        "name": "",
        "path": "",
        "id": "d41d8cd98f00b204e9800998ecf8427e",
        "groups": {},
        "checks": {
                "статус 200": {
                    "id": "63fd587a2004924fac2f18b343720cda",
                    "passes": 1235,
                    "fails": 0,
                    "name": "статус 200",
                    "path": "::статус 200"
                },
                "ответ не пустой": {
                    "name": "ответ не пустой",
                    "path": "::ответ не пустой",
                    "id": "1c568cf298ad7d73e64d124a4ad0618f",
                    "passes": 1235,
                    "fails": 0
                }
            }
    },
    "metrics": {
        "http_req_failed": {
            "passes": 0,
            "fails": 1235,
            "thresholds": {
                "rate<0.01": false
            },
            "value": 0
        },
        "iterations": {
            "rate": 18.96766921242447,
            "count": 1235
        },
        "http_req_duration{expected_response:true}": {
            "max": 5805.612558,
            "p(90)": 4395.2748496,
            "p(95)": 4491.6229277,
            "avg": 4074.993568842098,
            "min": 420.342504,
            "med": 4129.289375
        },
        "http_req_tls_handshaking": {
            "max": 0,
            "p(90)": 0,
            "p(95)": 0,
            "avg": 0,
            "min": 0,
            "med": 0
        },
        "checks": {
            "passes": 2470,
            "fails": 0,
            "value": 1
        },
        "vus": {
            "max": 100,
            "value": 7,
            "min": 7
        },
        "data_sent": {
            "count": 129532,
            "rate": 1989.4090108694468
        },
        "http_req_duration": {
            "avg": 4074.993568842098,
            "min": 420.342504,
            "med": 4129.289375,
            "max": 5805.612558,
            "p(90)": 4395.2748496,
            "p(95)": 4491.6229277,
            "thresholds": {
                "p(95)<300": true
            }
        },
        "http_req_connecting": {
            "min": 0,
            "med": 0,
            "max": 3.784449,
            "p(90)": 0,
            "p(95)": 0.11510139999999992,
            "avg": 0.01744862834008098
        },
        "iteration_duration": {
            "max": 6811.034804,
            "p(90)": 5395.8848254,
            "p(95)": 5492.3144222,
            "avg": 5076.024199961131,
            "min": 1422.098647,
            "med": 5129.769451
        },
        "http_reqs": {
            "rate": 18.96766921242447,
            "count": 1235,
            "thresholds": {
                "count>1000": false
            }
        },
        "http_req_blocked": {
            "avg": 0.043429834008097114,
            "min": 0.00365,
            "med": 0.007124,
            "max": 6.421404,
            "p(90)": 0.026070000000000048,
            "p(95)": 0.16534999999999989
        },
        "vus_max": {
            "value": 100,
            "min": 100,
            "max": 100
        },
        "http_req_sending": {
            "med": 0.021031,
            "max": 6.06482,
            "p(90)": 0.059462400000000026,
            "p(95)": 0.0949441,
            "avg": 0.052761995141700414,
            "min": 0.010291
        },
        "http_req_waiting": {
            "avg": 4074.801997659915,
            "min": 420.113722,
            "med": 4129.102423,
            "max": 5805.419535,
            "p(90)": 4395.031232400001,
            "p(95)": 4491.4838504
        },
        "data_received": {
            "rate": 123907.48940900009,
            "count": 8067715
        },
        "http_req_receiving": {
            "p(90)": 0.16061640000000002,
            "p(95)": 0.1762061,
            "avg": 0.13880918704453438,
            "min": 0.036487,
            "med": 0.127524,
            "max": 4.202589
        }
    }
}