{
    "root_group": {
        "name": "",
        "path": "",
        "id": "d41d8cd98f00b204e9800998ecf8427e",
        "groups": {},
        "checks": {
                "📦 статус 201": {
                    "id": "70a1e9b1e2064741c325237b51506fdc",
                    "passes": 5900,
                    "fails": 0,
                    "name": "📦 статус 201",
                    "path": "::📦 статус 201"
                }
            }
    },
    "metrics": {
        "checks": {
            "passes": 5900,
            "fails": 0,
            "value": 1
        },
        "vus": {
            "value": 100,
            "min": 100,
            "max": 100
        },
        "http_req_tls_handshaking": {
            "avg": 0,
            "min": 0,
            "med": 0,
            "max": 0,
            "p(90)": 0,
            "p(95)": 0
        },
        "http_req_connecting": {
            "med": 0,
            "max": 1.903972,
            "p(90)": 0,
            "p(95)": 0,
            "avg": 0.0164459093220339,
            "min": 0
        },
        "data_sent": {
            "count": 1790842,
            "rate": 29421.656052233062
        },
        "http_req_duration": {
            "avg": 19.65405603762714,
            "min": 3.698599,
            "med": 15.711701,
            "max": 394.204425,
            "p(90)": 28.636241800000008,
            "p(95)": 35.892050700000006,
            "thresholds": {
                "p(95)<300": false
            }
        },
        "vus_max": {
            "min": 100,
            "max": 100,
            "value": 100
        },
        "data_received": {
            "count": 2250743,
            "rate": 36977.347196442344
        },
        "http_req_duration{expected_response:true}": {
            "med": 15.711701,
            "max": 394.204425,
            "p(90)": 28.636241800000008,
            "p(95)": 35.892050700000006,
            "avg": 19.65405603762714,
            "min": 3.698599
        },
        "http_req_blocked": {
            "med": 0.004288500000000001,
            "max": 2.409371,
            "p(90)": 0.0077023000000000005,
            "p(95)": 0.008953850000000003,
            "avg": 0.023175598983050827,
            "min": 0.000812
        },
        "iteration_duration": {
            "min": 1004.549257,
            "med": 1016.8933415,
            "max": 1394.937849,
            "p(90)": 1031.343124,
            "p(95)": 1038.3793583,
            "avg": 1020.8295198333846
        },
        "http_reqs": {
            "count": 5900,
            "rate": 96.93081282892354
        },
        "http_req_sending": {
            "avg": 0.02512067288135592,
            "min": 0.002402,
            "med": 0.015246,
            "max": 6.403642,
            "p(90)": 0.031147900000000006,
            "p(95)": 0.04214285000000002
        },
        "http_req_receiving": {
            "avg": 0.04519820610169493,
            "min": 0.005366,
            "med": 0.0348385,
            "max": 3.159041,
            "p(90)": 0.0782067,
            "p(95)": 0.09281075000000001
        },
        "http_req_failed": {
            "passes": 0,
            "fails": 5900,
            "thresholds": {
                "rate<0.01": false
            },
            "value": 0
        },
        "iterations": {
            "count": 5900,
            "rate": 96.93081282892354
        },
        "http_req_waiting": {
            "p(90)": 28.529192400000003,
            "p(95)": 35.82997975,
            "avg": 19.583737158644006,
            "min": 3.661832,
            "med": 15.638579,
            "max": 394.172998
        }
    }
}