{
    "root_group": {
        "name": "",
        "path": "",
        "id": "d41d8cd98f00b204e9800998ecf8427e",
        "groups": {},
        "checks": {
                "📦 статус 201": {
                    "id": "70a1e9b1e2064741c325237b51506fdc",
                    "passes": 5903,
                    "fails": 0,
                    "name": "📦 статус 201",
                    "path": "::📦 статус 201"
                }
            }
    },
    "metrics": {
        "http_req_duration": {
            "avg": 20.080284760799554,
            "min": 3.942842,
            "med": 15.838423,
            "max": 310.220198,
            "p(90)": 34.02164880000001,
            "p(95)": 41.309419899999995,
            "thresholds": {
                "p(95)<300": false
            }
        },
        "http_req_duration{expected_response:true}": {
            "med": 15.838423,
            "max": 310.220198,
            "p(90)": 34.02164880000001,
            "p(95)": 41.309419899999995,
            "avg": 20.080284760799554,
            "min": 3.942842
        },
        "vus_max": {
            "value": 100,
            "min": 100,
            "max": 100
        },
        "data_sent": {
            "count": 1794501,
            "rate": 29493.273989567795
        },
        "http_req_blocked": {
            "avg": 0.007954995426054531,
            "min": 0.001056,
            "med": 0.004865,
            "max": 0.969743,
            "p(90)": 0.0078204,
            "p(95)": 0.009051899999999996
        },
        "iteration_duration": {
            "avg": 1021.173859243432,
            "min": 1004.645977,
            "med": 1016.707405,
            "max": 1310.789835,
            "p(90)": 1034.966981,
            "p(95)": 1042.4289572
        },
        "http_req_sending": {
            "avg": 0.024417452142978156,
            "min": 0.00267,
            "med": 0.017624,
            "max": 1.285002,
            "p(90)": 0.032546200000000004,
            "p(95)": 0.04441679999999999
        },
        "http_req_receiving": {
            "avg": 0.051912448246654336,
            "min": 0.006325,
            "med": 0.044144,
            "max": 3.810994,
            "p(90)": 0.08398699999999999,
            "p(95)": 0.09802969999999994
        },
        "http_req_tls_handshaking": {
            "max": 0,
            "p(90)": 0,
            "p(95)": 0,
            "avg": 0,
            "min": 0,
            "med": 0
        },
        "iterations": {
            "count": 5903,
            "rate": 97.01794335050172
        },
        "http_reqs": {
            "count": 5903,
            "rate": 97.01794335050172
        },
        "data_received": {
            "count": 2254817,
            "rate": 37058.734198161656
        },
        "checks": {
            "passes": 5903,
            "fails": 0,
            "value": 1
        },
        "vus": {
            "min": 100,
            "max": 100,
            "value": 100
        },
        "http_req_failed": {
            "passes": 0,
            "fails": 5903,
            "thresholds": {
                "rate<0.01": false
            },
            "value": 0
        },
        "http_req_waiting": {
            "p(90)": 33.9059308,
            "p(95)": 41.2269585,
            "avg": 20.00395486040993,
            "min": 3.90423,
            "med": 15.773042,
            "max": 310.153567
        },
        "http_req_connecting": {
            "min": 0,
            "med": 0,
            "max": 0.747511,
            "p(90)": 0,
            "p(95)": 0,
            "avg": 0.0019832981534812816
        }
    }
}