{
    "root_group": {
        "path": "",
        "id": "d41d8cd98f00b204e9800998ecf8427e",
        "groups": {},
        "checks": {
                "📦 статус 201": {
                    "path": "::📦 статус 201",
                    "id": "70a1e9b1e2064741c325237b51506fdc",
                    "passes": 5900,
                    "fails": 0,
                    "name": "📦 статус 201"
                }
            },
        "name": ""
    },
    "metrics": {
        "checks": {
            "passes": 5900,
            "fails": 0,
            "value": 1
        },
        "vus": {
            "value": 100,
            "min": 100,
            "max": 100
        },
        "http_reqs": {
            "count": 5900,
            "rate": 96.84257468816155
        },
        "data_sent": {
            "count": 1794008,
            "rate": 29446.83961545073
        },
        "vus_max": {
            "value": 100,
            "min": 100,
            "max": 100
        },
        "http_req_duration{expected_response:true}": {
            "max": 550.632394,
            "p(90)": 37.48259970000003,
            "p(95)": 54.8868326,
            "avg": 28.470566332881376,
            "min": 3.970799,
            "med": 14.685381
        },
        "http_req_duration": {
            "max": 550.632394,
            "p(90)": 37.48259970000003,
            "p(95)": 54.8868326,
            "avg": 28.470566332881376,
            "min": 3.970799,
            "med": 14.685381,
            "thresholds": {
                "p(95)<300": false
            }
        },
        "data_received": {
            "count": 2254186,
            "rate": 37000.19933322172
        },
        "iteration_duration": {
            "min": 1004.407413,
            "med": 1015.572587,
            "max": 1552.408877,
            "p(90)": 1038.7921611,
            "p(95)": 1055.6736682,
            "avg": 1029.501576802371
        },
        "iterations": {
            "count": 5900,
            "rate": 96.84257468816155
        },
        "http_req_connecting": {
            "max": 3.595601,
            "p(90)": 0,
            "p(95)": 0,
            "avg": 0.006291535932203391,
            "min": 0,
            "med": 0
        },
        "http_req_blocked": {
            "p(95)": 0.008998750000000003,
            "avg": 0.015496706101694943,
            "min": 0.000916,
            "med": 0.004784,
            "max": 3.837124,
            "p(90)": 0.0077651000000000005
        },
        "http_req_tls_handshaking": {
            "p(95)": 0,
            "avg": 0,
            "min": 0,
            "med": 0,
            "max": 0,
            "p(90)": 0
        },
        "http_req_receiving": {
            "avg": 0.05105094694915247,
            "min": 0.006339,
            "med": 0.043177499999999994,
            "max": 2.720883,
            "p(90)": 0.08190640000000002,
            "p(95)": 0.09817725000000002
        },
        "http_req_failed": {
            "fails": 5900,
            "passes": 0,
            "thresholds": {
                "rate<0.01": false
            },
            "value": 0
        },
        "http_req_waiting": {
            "p(95)": 54.80416100000001,
            "avg": 28.382155299491494,
            "min": 3.913711,
            "med": 14.630574,
            "max": 550.392564,
            "p(90)": 37.45109490000003
        },
        "http_req_sending": {
            "avg": 0.037360086440677925,
            "min": 0.002987,
            "med": 0.0169865,
            "max": 10.809665,
            "p(90)": 0.0327111,
            "p(95)": 0.05905770000000001
        }
    }
}