{
    "root_group": {
        "name": "",
        "path": "",
        "id": "d41d8cd98f00b204e9800998ecf8427e",
        "groups": {},
        "checks": {
                "📦 статус 201": {
                    "path": "::📦 статус 201",
                    "id": "70a1e9b1e2064741c325237b51506fdc",
                    "passes": 5910,
                    "fails": 0,
                    "name": "📦 статус 201"
                }
            }
    },
    "metrics": {
        "http_req_sending": {
            "avg": 0.026960662605752916,
            "min": 0.002495,
            "med": 0.0174805,
            "max": 3.696326,
            "p(90)": 0.0314006,
            "p(95)": 0.041371050000000006
        },
        "http_req_duration{expected_response:true}": {
            "med": 14.299899,
            "max": 380.016237,
            "p(90)": 27.101355700000013,
            "p(95)": 35.40168545,
            "avg": 18.474532563959425,
            "min": 3.84268
        },
        "data_sent": {
            "rate": 29454.416781766875,
            "count": 1796384
        },
        "http_req_tls_handshaking": {
            "max": 0,
            "p(90)": 0,
            "p(95)": 0,
            "avg": 0,
            "min": 0,
            "med": 0
        },
        "iterations": {
            "count": 5910,
            "rate": 96.90333646939753
        },
        "vus_max": {
            "max": 100,
            "value": 100,
            "min": 100
        },
        "http_req_blocked": {
            "p(90)": 0.0077741,
            "p(95)": 0.009000750000000002,
            "avg": 0.03380406734348563,
            "min": 0.000956,
            "med": 0.0048575,
            "max": 4.48097
        },
        "checks": {
            "passes": 5910,
            "fails": 0,
            "value": 1
        },
        "iteration_duration": {
            "p(90)": 1028.572191,
            "p(95)": 1037.02359675,
            "avg": 1019.4822925532993,
            "min": 1004.266593,
            "med": 1015.2213895,
            "max": 1380.308235
        },
        "http_req_failed": {
            "passes": 0,
            "fails": 5910,
            "thresholds": {
                "rate<0.01": false
            },
            "value": 0
        },
        "http_req_receiving": {
            "med": 0.0428025,
            "max": 7.347352,
            "p(90)": 0.08213680000000001,
            "p(95)": 0.10015575,
            "avg": 0.05347398900169218,
            "min": 0.006411
        },
        "http_reqs": {
            "count": 5910,
            "rate": 96.90333646939753
        },
        "http_req_connecting": {
            "avg": 0.01653998798646362,
            "min": 0,
            "med": 0,
            "max": 3.896664,
            "p(90)": 0,
            "p(95)": 0
        },
        "http_req_duration": {
            "p(90)": 27.101355700000013,
            "p(95)": 35.40168545,
            "avg": 18.474532563959425,
            "min": 3.84268,
            "med": 14.299899,
            "max": 380.016237,
            "thresholds": {
                "p(95)<300": false
            }
        },
        "data_received": {
            "count": 2257528,
            "rate": 37015.56605297565
        },
        "vus": {
            "value": 5,
            "min": 5,
            "max": 100
        },
        "http_req_waiting": {
            "p(90)": 26.96067210000001,
            "p(95)": 34.8702248,
            "avg": 18.394097912351874,
            "min": 3.780548,
            "med": 14.2354275,
            "max": 379.921594
        }
    }
}