{
    "root_group": {
        "name": "",
        "path": "",
        "id": "d41d8cd98f00b204e9800998ecf8427e",
        "groups": {},
        "checks": {
                "📦 статус 201": {
                    "name": "📦 статус 201",
                    "path": "::📦 статус 201",
                    "id": "70a1e9b1e2064741c325237b51506fdc",
                    "passes": 5926,
                    "fails": 0
                }
            }
    },
    "metrics": {
        "http_req_blocked": {
            "p(95)": 0.008923750000000001,
            "avg": 0.02616701873101586,
            "min": 0.000986,
            "med": 0.004876,
            "max": 2.250562,
            "p(90)": 0.007716499999999999
        },
        "http_req_tls_handshaking": {
            "p(95)": 0,
            "avg": 0,
            "min": 0,
            "med": 0,
            "max": 0,
            "p(90)": 0
        },
        "http_req_failed": {
            "passes": 0,
            "fails": 5926,
            "thresholds": {
                "rate<0.01": false
            },
            "value": 0
        },
        "http_req_sending": {
            "p(90)": 0.031853,
            "p(95)": 0.0452315,
            "avg": 0.027084983125211015,
            "min": 0.002955,
            "med": 0.017405,
            "max": 4.94112
        },
        "vus_max": {
            "min": 100,
            "max": 100,
            "value": 100
        },
        "data_sent": {
            "count": 1801961,
            "rate": 29580.19528182948
        },
        "data_received": {
            "count": 2264272,
            "rate": 37169.288309335556
        },
        "http_req_duration{expected_response:true}": {
            "avg": 20.344588576611482,
            "min": 4.300642,
            "med": 15.303227,
            "max": 291.708275,
            "p(90)": 30.1441825,
            "p(95)": 35.68816675
        },
        "iteration_duration": {
            "med": 1016.165902,
            "max": 1293.21142,
            "p(90)": 1031.5742970000001,
            "p(95)": 1037.260622,
            "avg": 1021.3680076052946,
            "min": 1004.620314
        },
        "iterations": {
            "count": 5926,
            "rate": 97.27859661786326
        },
        "http_req_connecting": {
            "med": 0,
            "max": 2.120265,
            "p(90)": 0,
            "p(95)": 0,
            "avg": 0.019193660310496113,
            "min": 0
        },
        "http_req_waiting": {
            "avg": 20.26888357610534,
            "min": 4.241784,
            "med": 15.238133,
            "max": 291.643793,
            "p(90)": 30.042158999999998,
            "p(95)": 35.6166945
        },
        "http_req_duration": {
            "avg": 20.344588576611482,
            "min": 4.300642,
            "med": 15.303227,
            "max": 291.708275,
            "p(90)": 30.1441825,
            "p(95)": 35.68816675,
            "thresholds": {
                "p(95)<300": false
            }
        },
        "http_req_receiving": {
            "p(95)": 0.09447175,
            "avg": 0.04862001738103281,
            "min": 0.005944,
            "med": 0.043025999999999995,
            "max": 2.163757,
            "p(90)": 0.0800775
        },
        "http_reqs": {
            "count": 5926,
            "rate": 97.27859661786326
        },
        "checks": {
            "fails": 0,
            "passes": 5926,
            "value": 1
        },
        "vus": {
            "value": 100,
            "min": 100,
            "max": 100
        }
    }
}