{
    "root_group": {
        "groups": {},
        "checks": {
                "📦 статус 201": {
                    "fails": 0,
                    "name": "📦 статус 201",
                    "path": "::📦 статус 201",
                    "id": "70a1e9b1e2064741c325237b51506fdc",
                    "passes": 5916
                }
            },
        "name": "",
        "path": "",
        "id": "d41d8cd98f00b204e9800998ecf8427e"
    },
    "metrics": {
        "http_req_duration{expected_response:true}": {
            "p(95)": 41.3235265,
            "avg": 21.45726841751188,
            "min": 3.990319,
            "med": 14.790818999999999,
            "max": 334.543961,
            "p(90)": 32.062954
        },
        "data_received": {
            "rate": 37132.818103080615,
            "count": 2264347
        },
        "iterations": {
            "count": 5916,
            "rate": 97.01593964963185
        },
        "http_req_failed": {
            "passes": 0,
            "fails": 5916,
            "thresholds": {
                "rate<0.01": false
            },
            "value": 0
        },
        "http_reqs": {
            "count": 5916,
            "rate": 97.01593964963185
        },
        "http_req_blocked": {
            "p(95)": 0.00924225,
            "avg": 0.013304410581473991,
            "min": 0.001132,
            "med": 0.0048,
            "max": 1.40277,
            "p(90)": 0.007796
        },
        "http_req_sending": {
            "max": 3.542866,
            "p(90)": 0.032213000000000006,
            "p(95)": 0.047612,
            "avg": 0.02685695368492214,
            "min": 0.002868,
            "med": 0.0172375
        },
        "http_req_tls_handshaking": {
            "min": 0,
            "med": 0,
            "max": 0,
            "p(90)": 0,
            "p(95)": 0,
            "avg": 0
        },
        "http_req_waiting": {
            "avg": 21.38044139739694,
            "min": 3.937227,
            "med": 14.7146175,
            "max": 334.490682,
            "p(90)": 31.954812,
            "p(95)": 41.1304885
        },
        "data_sent": {
            "count": 1802816,
            "rate": 29564.213701046432
        },
        "http_req_connecting": {
            "avg": 0.006777710108181201,
            "min": 0,
            "med": 0,
            "max": 1.369974,
            "p(90)": 0,
            "p(95)": 0
        },
        "checks": {
            "passes": 5916,
            "fails": 0,
            "value": 1
        },
        "http_req_receiving": {
            "avg": 0.04997006643002049,
            "min": 0.006043,
            "med": 0.040968500000000005,
            "max": 5.518882,
            "p(90)": 0.0820475,
            "p(95)": 0.0987805
        },
        "vus": {
            "value": 100,
            "min": 100,
            "max": 100
        },
        "iteration_duration": {
            "min": 1004.348734,
            "med": 1015.8018480000001,
            "max": 1335.609612,
            "p(90)": 1033.157762,
            "p(95)": 1043.0767635,
            "avg": 1022.4598747829638
        },
        "http_req_duration": {
            "max": 334.543961,
            "p(90)": 32.062954,
            "p(95)": 41.3235265,
            "avg": 21.45726841751188,
            "min": 3.990319,
            "med": 14.790818999999999,
            "thresholds": {
                "p(95)<300": false
            }
        },
        "vus_max": {
            "value": 100,
            "min": 100,
            "max": 100
        }
    }
}