{
    "root_group": {
        "path": "",
        "id": "d41d8cd98f00b204e9800998ecf8427e",
        "groups": {},
        "checks": {
                "статус 200": {
                    "fails": 0,
                    "name": "статус 200",
                    "path": "::статус 200",
                    "id": "63fd587a2004924fac2f18b343720cda",
                    "passes": 5401
                },
                "ответ содержит orderId": {
                    "fails": 0,
                    "name": "ответ содержит orderId",
                    "path": "::ответ содержит orderId",
                    "id": "9b0caa480d77dd97e7e57f2f6d3f304a",
                    "passes": 5401
                }
            },
        "name": ""
    },
    "metrics": {
        "http_req_duration{expected_response:true}": {
            "min": 20.527434,
            "med": 119.479542,
            "max": 754.246927,
            "p(90)": 167.414357,
            "p(95)": 186.070158,
            "avg": 123.28888926513571
        },
        "http_req_receiving": {
            "p(90)": 0.119621,
            "p(95)": 0.156123,
            "avg": 0.08613427643029108,
            "min": 0.0212,
            "med": 0.077211,
            "max": 1.613098
        },
        "data_received": {
            "rate": 76378.13362320061,
            "count": 4662447
        },
        "checks": {
            "passes": 10802,
            "fails": 0,
            "value": 1
        },
        "http_req_connecting": {
            "avg": 0.024310972597667097,
            "min": 0,
            "med": 0,
            "max": 8.001311,
            "p(90)": 0,
            "p(95)": 0
        },
        "http_req_sending": {
            "p(90)": 0.050915,
            "p(95)": 0.066542,
            "avg": 0.033588138678022655,
            "min": 0.006176,
            "med": 0.016704,
            "max": 4.337478
        },
        "iterations": {
            "count": 5401,
            "rate": 88.47678047576873
        },
        "iteration_duration": {
            "max": 1759.055844,
            "p(90)": 1168.278953,
            "p(95)": 1187.219174,
            "avg": 1124.1956074249197,
            "min": 1021.037526,
            "med": 1120.350278
        },
        "http_req_failed": {
            "passes": 0,
            "fails": 5401,
            "thresholds": {
                "rate<0.01": false
            },
            "value": 0
        },
        "http_req_waiting": {
            "max": 754.060395,
            "p(90)": 167.288137,
            "p(95)": 185.960269,
            "avg": 123.16916685002798,
            "min": 20.443378,
            "med": 119.285
        },
        "vus_max": {
            "min": 100,
            "max": 100,
            "value": 100
        },
        "http_reqs": {
            "count": 5401,
            "rate": 88.47678047576873,
            "thresholds": {
                "count>1000": false
            }
        },
        "vus": {
            "value": 12,
            "min": 12,
            "max": 100
        },
        "http_req_duration": {
            "avg": 123.28888926513571,
            "min": 20.527434,
            "med": 119.479542,
            "max": 754.246927,
            "p(90)": 167.414357,
            "p(95)": 186.070158,
            "thresholds": {
                "p(95)<300": false
            }
        },
        "data_sent": {
            "count": 465769,
            "rate": 7630.0206564373875
        },
        "http_req_tls_handshaking": {
            "min": 0,
            "med": 0,
            "max": 0,
            "p(90)": 0,
            "p(95)": 0,
            "avg": 0
        },
        "http_req_blocked": {
            "avg": 0.03576407387520825,
            "min": 0.002291,
            "med": 0.005796,
            "max": 8.14718,
            "p(90)": 0.015121,
            "p(95)": 0.021136
        }
    }
}