{
    "root_group": {
        "name": "",
        "path": "",
        "id": "d41d8cd98f00b204e9800998ecf8427e",
        "groups": {},
        "checks": {
                "статус 200": {
                    "name": "статус 200",
                    "path": "::статус 200",
                    "id": "63fd587a2004924fac2f18b343720cda",
                    "passes": 5400,
                    "fails": 0
                },
                "ответ содержит orderId": {
                    "name": "ответ содержит orderId",
                    "path": "::ответ содержит orderId",
                    "id": "9b0caa480d77dd97e7e57f2f6d3f304a",
                    "passes": 5400,
                    "fails": 0
                }
            }
    },
    "metrics": {
        "data_received": {
            "count": 4662072,
            "rate": 76443.49616929555
        },
        "http_req_duration{expected_response:true}": {
            "p(95)": 194.22232495,
            "avg": 122.51371385425928,
            "min": 20.203838,
            "med": 115.9215335,
            "max": 786.572324,
            "p(90)": 169.0836167
        },
        "http_req_blocked": {
            "med": 0.005889500000000001,
            "max": 10.007922,
            "p(90)": 0.015335200000000007,
            "p(95)": 0.02089990000000001,
            "avg": 0.10512579944444446,
            "min": 0.002451
        },
        "checks": {
            "passes": 10800,
            "fails": 0,
            "value": 1
        },
        "vus_max": {
            "value": 100,
            "min": 100,
            "max": 100
        },
        "data_sent": {
            "count": 465698,
            "rate": 7636.000318967318
        },
        "http_reqs": {
            "count": 5400,
            "rate": 88.54322269458645,
            "thresholds": {
                "count>1000": false
            }
        },
        "http_req_sending": {
            "p(90)": 0.0531698,
            "p(95)": 0.07430080000000007,
            "avg": 0.0362590212962961,
            "min": 0.006325,
            "med": 0.017697499999999998,
            "max": 2.125256
        },
        "vus": {
            "value": 7,
            "min": 7,
            "max": 100
        },
        "http_req_connecting": {
            "avg": 0.09107711648148148,
            "min": 0,
            "med": 0,
            "max": 9.703154,
            "p(90)": 0,
            "p(95)": 0
        },
        "http_req_waiting": {
            "avg": 122.38748120092612,
            "min": 20.125378,
            "med": 115.83066400000001,
            "max": 786.408143,
            "p(90)": 168.9873532,
            "p(95)": 194.16146480000003
        },
        "http_req_failed": {
            "passes": 0,
            "fails": 5400,
            "thresholds": {
                "rate<0.01": false
            },
            "value": 0
        },
        "iteration_duration": {
            "avg": 1123.5089734542591,
            "min": 1020.548638,
            "med": 1116.7796195,
            "max": 1789.231451,
            "p(90)": 1170.0711496,
            "p(95)": 1194.98636805
        },
        "iterations": {
            "count": 5400,
            "rate": 88.54322269458645
        },
        "http_req_tls_handshaking": {
            "p(95)": 0,
            "avg": 0,
            "min": 0,
            "med": 0,
            "max": 0,
            "p(90)": 0
        },
        "http_req_duration": {
            "avg": 122.51371385425928,
            "min": 20.203838,
            "med": 115.9215335,
            "max": 786.572324,
            "p(90)": 169.0836167,
            "p(95)": 194.22232495,
            "thresholds": {
                "p(95)<300": false
            }
        },
        "http_req_receiving": {
            "p(90)": 0.1244297,
            "p(95)": 0.1631404000000001,
            "avg": 0.08997363203703708,
            "min": 0.019447,
            "med": 0.078901,
            "max": 3.129445
        }
    }
}