{
    "root_group": {
        "name": "",
        "path": "",
        "id": "d41d8cd98f00b204e9800998ecf8427e",
        "groups": {},
        "checks": {
                "статус 200": {
                    "name": "статус 200",
                    "path": "::статус 200",
                    "id": "63fd587a2004924fac2f18b343720cda",
                    "passes": 5376,
                    "fails": 0
                },
                "ответ содержит orderId": {
                    "name": "ответ содержит orderId",
                    "path": "::ответ содержит orderId",
                    "id": "9b0caa480d77dd97e7e57f2f6d3f304a",
                    "passes": 5376,
                    "fails": 0
                }
            }
    },
    "metrics": {
        "http_req_connecting": {
            "med": 0,
            "max": 2.492334,
            "p(90)": 0,
            "p(95)": 0,
            "avg": 0.00436978794642857,
            "min": 0
        },
        "vus": {
            "max": 100,
            "value": 27,
            "min": 27
        },
        "http_req_receiving": {
            "med": 0.082125,
            "max": 5.441603,
            "p(90)": 0.13443149999999998,
            "p(95)": 0.17454575,
            "avg": 0.09750259244791656,
            "min": 0.020488
        },
        "vus_max": {
            "max": 100,
            "value": 100,
            "min": 100
        },
        "data_received": {
            "count": 4633772,
            "rate": 75814.9947565621
        },
        "http_reqs": {
            "count": 5376,
            "rate": 87.95888356424913,
            "thresholds": {
                "count>1000": false
            }
        },
        "iteration_duration": {
            "avg": 1128.849735185644,
            "min": 1026.835184,
            "med": 1122.1214220000002,
            "max": 1873.116842,
            "p(90)": 1170.3251455,
            "p(95)": 1187.21223975
        },
        "http_req_duration": {
            "p(90)": 169.51696850000002,
            "p(95)": 186.2570135,
            "avg": 127.94411885063242,
            "min": 26.089423,
            "med": 121.311136,
            "max": 872.012077,
            "thresholds": {
                "p(95)<300": false
            }
        },
        "data_sent": {
            "count": 463626,
            "rate": 7585.570191844972
        },
        "http_req_duration{expected_response:true}": {
            "max": 872.012077,
            "p(90)": 169.51696850000002,
            "p(95)": 186.2570135,
            "avg": 127.94411885063242,
            "min": 26.089423,
            "med": 121.311136
        },
        "http_req_blocked": {
            "avg": 0.021408048735119017,
            "min": 0.002064,
            "med": 0.0062205,
            "max": 4.453635,
            "p(90)": 0.0154535,
            "p(95)": 0.02198375
        },
        "http_req_tls_handshaking": {
            "p(95)": 0,
            "avg": 0,
            "min": 0,
            "med": 0,
            "max": 0,
            "p(90)": 0
        },
        "checks": {
            "passes": 10752,
            "fails": 0,
            "value": 1
        },
        "http_req_failed": {
            "passes": 0,
            "fails": 5376,
            "thresholds": {
                "rate<0.01": false
            },
            "value": 0
        },
        "iterations": {
            "rate": 87.95888356424913,
            "count": 5376
        },
        "http_req_waiting": {
            "p(90)": 169.36523549999998,
            "p(95)": 186.14013574999998,
            "avg": 127.81090940104203,
            "min": 26.001514,
            "med": 121.2082825,
            "max": 871.886222
        },
        "http_req_sending": {
            "max": 6.698932,
            "p(90)": 0.0534095,
            "p(95)": 0.0767,
            "avg": 0.035706857142857026,
            "min": 0.005758,
            "med": 0.0183245
        }
    }
}