{
    "metrics": {
        "http_req_sending": {
            "avg": 0.04737867231846681,
            "min": 0.006161,
            "med": 0.0164935,
            "max": 5.107321,
            "p(90)": 0.0512355,
            "p(95)": 0.07377325
        },
        "vus": {
            "value": 26,
            "min": 26,
            "max": 100
        },
        "data_sent": {
            "rate": 7656.622778797184,
            "count": 467960
        },
        "http_req_waiting": {
            "med": 101.0468875,
            "max": 875.378706,
            "p(90)": 162.41125649999998,
            "p(95)": 197.21735525,
            "avg": 112.9734659207523,
            "min": 26.193652
        },
        "vus_max": {
            "value": 100,
            "min": 100,
            "max": 100
        },
        "data_received": {
            "count": 4684257,
            "rate": 76642.42424126028
        },
        "http_req_failed": {
            "passes": 0,
            "fails": 5426,
            "thresholds": {
                "rate<0.01": false
            },
            "value": 0
        },
        "http_req_duration{expected_response:true}": {
            "avg": 113.11177683947655,
            "min": 26.286052,
            "med": 101.17173199999999,
            "max": 875.555223,
            "p(90)": 162.51750800000002,
            "p(95)": 197.2873195
        },
        "http_reqs": {
            "count": 5426,
            "rate": 88.77860329462672,
            "thresholds": {
                "count>1000": false
            }
        },
        "http_req_blocked": {
            "max": 14.032853,
            "p(90)": 0.0153275,
            "p(95)": 0.0218225,
            "avg": 0.1801681715812754,
            "min": 0.002234,
            "med": 0.005846
        },
        "http_req_connecting": {
            "avg": 0.16544415978621455,
            "min": 0,
            "med": 0,
            "max": 13.998714,
            "p(90)": 0,
            "p(95)": 0
        },
        "iteration_duration": {
            "p(95)": 1198.2756875,
            "avg": 1114.147712310539,
            "min": 1027.244509,
            "med": 1101.9495875,
            "max": 1887.008138,
            "p(90)": 1163.391552
        },
        "iterations": {
            "count": 5426,
            "rate": 88.77860329462672
        },
        "checks": {
            "passes": 10852,
            "fails": 0,
            "value": 1
        },
        "http_req_tls_handshaking": {
            "p(90)": 0,
            "p(95)": 0,
            "avg": 0,
            "min": 0,
            "med": 0,
            "max": 0
        },
        "http_req_receiving": {
            "p(95)": 0.16787400000000002,
            "avg": 0.0909322464061923,
            "min": 0.019809,
            "med": 0.0761145,
            "max": 4.15786,
            "p(90)": 0.1214115
        },
        "http_req_duration": {
            "min": 26.286052,
            "med": 101.17173199999999,
            "max": 875.555223,
            "p(90)": 162.51750800000002,
            "p(95)": 197.2873195,
            "avg": 113.11177683947655,
            "thresholds": {
                "p(95)<300": false
            }
        }
    },
    "root_group": {
        "name": "",
        "path": "",
        "id": "d41d8cd98f00b204e9800998ecf8427e",
        "groups": {},
        "checks": {
                "статус 200": {
                    "name": "статус 200",
                    "path": "::статус 200",
                    "id": "63fd587a2004924fac2f18b343720cda",
                    "passes": 5426,
                    "fails": 0
                },
                "ответ содержит orderId": {
                    "name": "ответ содержит orderId",
                    "path": "::ответ содержит orderId",
                    "id": "9b0caa480d77dd97e7e57f2f6d3f304a",
                    "passes": 5426,
                    "fails": 0
                }
            }
    }
}