{
    "root_group": {
        "name": "",
        "path": "",
        "id": "d41d8cd98f00b204e9800998ecf8427e",
        "groups": {},
        "checks": {
                "статус 200": {
                    "fails": 0,
                    "name": "статус 200",
                    "path": "::статус 200",
                    "id": "63fd587a2004924fac2f18b343720cda",
                    "passes": 5401
                },
                "ответ содержит orderId": {
                    "id": "9b0caa480d77dd97e7e57f2f6d3f304a",
                    "passes": 5401,
                    "fails": 0,
                    "name": "ответ содержит orderId",
                    "path": "::ответ содержит orderId"
                }
            }
    },
    "metrics": {
        "checks": {
            "passes": 10802,
            "fails": 0,
            "value": 1
        },
        "http_req_connecting": {
            "avg": 0.03726558618774301,
            "min": 0,
            "med": 0,
            "max": 4.131295,
            "p(90)": 0,
            "p(95)": 0
        },
        "http_req_sending": {
            "avg": 0.04133489798185519,
            "min": 0.006323,
            "med": 0.016612,
            "max": 5.606999,
            "p(90)": 0.05217,
            "p(95)": 0.073717
        },
        "iteration_duration": {
            "max": 1754.45785,
            "p(90)": 1174.229741,
            "p(95)": 1195.241645,
            "avg": 1122.591708426399,
            "min": 1021.401024,
            "med": 1117.281684
        },
        "vus": {
            "value": 1,
            "min": 1,
            "max": 100
        },
        "data_sent": {
            "count": 465769,
            "rate": 7638.81031320346
        },
        "http_req_blocked": {
            "avg": 0.049666311979263085,
            "min": 0.002264,
            "med": 0.005835,
            "max": 4.170344,
            "p(90)": 0.015628,
            "p(95)": 0.021277
        },
        "data_received": {
            "count": 4654137,
            "rate": 76329.83241620162
        },
        "http_req_receiving": {
            "avg": 0.08804137048694673,
            "min": 0.017425,
            "med": 0.077301,
            "max": 2.032893,
            "p(90)": 0.121004,
            "p(95)": 0.156863
        },
        "iterations": {
            "count": 5401,
            "rate": 88.57870425385093
        },
        "http_reqs": {
            "count": 5401,
            "rate": 88.57870425385093,
            "thresholds": {
                "count>1000": false
            }
        },
        "http_req_tls_handshaking": {
            "avg": 0,
            "min": 0,
            "med": 0,
            "max": 0,
            "p(90)": 0,
            "p(95)": 0
        },
        "vus_max": {
            "value": 100,
            "min": 100,
            "max": 100
        },
        "http_req_duration": {
            "max": 751.54023,
            "p(90)": 172.969128,
            "p(95)": 194.111095,
            "avg": 121.60810843640081,
            "min": 20.618089,
            "med": 116.291147,
            "thresholds": {
                "p(95)<300": false
            }
        },
        "http_req_failed": {
            "passes": 0,
            "fails": 5401,
            "thresholds": {
                "rate<0.01": false
            },
            "value": 0
        },
        "http_req_duration{expected_response:true}": {
            "p(90)": 172.969128,
            "p(95)": 194.111095,
            "avg": 121.60810843640081,
            "min": 20.618089,
            "med": 116.291147,
            "max": 751.54023
        },
        "http_req_waiting": {
            "p(90)": 172.87197,
            "p(95)": 193.946245,
            "avg": 121.47873216793194,
            "min": 20.533311,
            "med": 116.120277,
            "max": 750.83825
        }
    }
}