{
    "metrics": {
        "http_req_sending": {
            "avg": 0.1830014905555559,
            "min": 0.006744,
            "med": 0.0176745,
            "max": 22.507846,
            "p(90)": 0.05267170000000001,
            "p(95)": 0.07755070000000004
        },
        "data_received": {
            "count": 4661209,
            "rate": 76694.05232526948
        },
        "data_sent": {
            "count": 465682,
            "rate": 7662.1837113367255
        },
        "http_req_tls_handshaking": {
            "avg": 0,
            "min": 0,
            "med": 0,
            "max": 0,
            "p(90)": 0,
            "p(95)": 0
        },
        "iteration_duration": {
            "avg": 1119.3641701855531,
            "min": 1023.706153,
            "med": 1114.225212,
            "max": 1713.71361,
            "p(90)": 1168.9199067000002,
            "p(95)": 1187.9903617
        },
        "http_req_waiting": {
            "p(90)": 167.79702040000004,
            "p(95)": 186.64331005,
            "avg": 118.11767772703682,
            "min": 22.520626,
            "med": 113.1696965,
            "max": 702.669936
        },
        "checks": {
            "passes": 10800,
            "fails": 0,
            "value": 1
        },
        "http_req_duration": {
            "max": 702.774743,
            "p(90)": 167.96007400000002,
            "p(95)": 186.76578595,
            "avg": 118.39495674259236,
            "min": 22.59003,
            "med": 113.27842000000001,
            "thresholds": {
                "p(95)<300": false
            }
        },
        "http_req_connecting": {
            "min": 0,
            "med": 0,
            "max": 38.410093,
            "p(90)": 0,
            "p(95)": 0,
            "avg": 0.03435356111111112
        },
        "vus": {
            "value": 100,
            "min": 100,
            "max": 100
        },
        "vus_max": {
            "max": 100,
            "value": 100,
            "min": 100
        },
        "http_req_receiving": {
            "med": 0.0807725,
            "max": 2.607027,
            "p(90)": 0.13122140000000002,
            "p(95)": 0.17209570000000002,
            "avg": 0.09427752499999993,
            "min": 0.022779
        },
        "http_req_failed": {
            "passes": 0,
            "fails": 5400,
            "thresholds": {
                "rate<0.01": false
            },
            "value": 0
        },
        "http_req_duration{expected_response:true}": {
            "med": 113.27842000000001,
            "max": 702.774743,
            "p(90)": 167.96007400000002,
            "p(95)": 186.76578595,
            "avg": 118.39495674259236,
            "min": 22.59003
        },
        "iterations": {
            "count": 5400,
            "rate": 88.84988477376905
        },
        "http_reqs": {
            "count": 5400,
            "rate": 88.84988477376905,
            "thresholds": {
                "count>1000": false
            }
        },
        "http_req_blocked": {
            "avg": 0.061380662962963184,
            "min": 0.002384,
            "med": 0.006087,
            "max": 38.499802,
            "p(90)": 0.015358100000000001,
            "p(95)": 0.020433350000000003
        }
    },
    "root_group": {
        "name": "",
        "path": "",
        "id": "d41d8cd98f00b204e9800998ecf8427e",
        "groups": {},
        "checks": {
                "статус 200": {
                    "path": "::статус 200",
                    "id": "63fd587a2004924fac2f18b343720cda",
                    "passes": 5400,
                    "fails": 0,
                    "name": "статус 200"
                },
                "ответ содержит orderId": {
                    "name": "ответ содержит orderId",
                    "path": "::ответ содержит orderId",
                    "id": "9b0caa480d77dd97e7e57f2f6d3f304a",
                    "passes": 5400,
                    "fails": 0
                }
            }
    }
}