{
    "metrics": {
        "http_req_blocked": {
            "max": 4.923395,
            "p(90)": 0.015544100000000002,
            "p(95)": 0.02337300000000001,
            "avg": 0.04174576537037015,
            "min": 0.002332,
            "med": 0.006030499999999999
        },
        "http_req_waiting": {
            "max": 790.710175,
            "p(90)": 161.3555157,
            "p(95)": 181.25678315000002,
            "avg": 118.20823657685237,
            "min": 18.963237,
            "med": 113.7138465
        },
        "iterations": {
            "count": 5400,
            "rate": 88.8422485013573
        },
        "http_req_duration": {
            "max": 790.783608,
            "p(90)": 161.46315520000002,
            "p(95)": 181.3527466,
            "avg": 118.33026942018529,
            "min": 19.041647,
            "med": 113.80454800000001,
            "thresholds": {
                "p(95)<300": false
            }
        },
        "http_req_tls_handshaking": {
            "avg": 0,
            "min": 0,
            "med": 0,
            "max": 0,
            "p(90)": 0,
            "p(95)": 0
        },
        "vus": {
            "max": 100,
            "value": 100,
            "min": 100
        },
        "http_req_connecting": {
            "p(95)": 0,
            "avg": 0.025195761111111114,
            "min": 0,
            "med": 0,
            "max": 3.263054,
            "p(90)": 0
        },
        "http_reqs": {
            "rate": 88.8422485013573,
            "count": 5400,
            "thresholds": {
                "count>1000": false
            }
        },
        "data_received": {
            "count": 4656968,
            "rate": 76617.68672571647
        },
        "http_req_receiving": {
            "avg": 0.09087280407407405,
            "min": 0.018924,
            "med": 0.07835700000000001,
            "max": 2.87534,
            "p(90)": 0.12404990000000003,
            "p(95)": 0.1672209
        },
        "iteration_duration": {
            "avg": 1119.263511229076,
            "min": 1020.048042,
            "med": 1114.727292,
            "max": 1795.662507,
            "p(90)": 1162.2712509,
            "p(95)": 1182.46047515
        },
        "http_req_failed": {
            "passes": 0,
            "fails": 5400,
            "thresholds": {
                "rate<0.01": false
            },
            "value": 0
        },
        "checks": {
            "passes": 10800,
            "fails": 0,
            "value": 1
        },
        "vus_max": {
            "max": 100,
            "value": 100,
            "min": 100
        },
        "data_sent": {
            "count": 465690,
            "rate": 7661.656797147609
        },
        "http_req_duration{expected_response:true}": {
            "p(90)": 161.46315520000002,
            "p(95)": 181.3527466,
            "avg": 118.33026942018529,
            "min": 19.041647,
            "med": 113.80454800000001,
            "max": 790.783608
        },
        "http_req_sending": {
            "p(90)": 0.0528001,
            "p(95)": 0.07480820000000005,
            "avg": 0.03116003925925926,
            "min": 0.006489,
            "med": 0.017281,
            "max": 3.076649
        }
    },
    "root_group": {
        "name": "",
        "path": "",
        "id": "d41d8cd98f00b204e9800998ecf8427e",
        "groups": {},
        "checks": {
                "статус 200": {
                    "name": "статус 200",
                    "path": "::статус 200",
                    "id": "63fd587a2004924fac2f18b343720cda",
                    "passes": 5400,
                    "fails": 0
                },
                "ответ содержит orderId": {
                    "passes": 5400,
                    "fails": 0,
                    "name": "ответ содержит orderId",
                    "path": "::ответ содержит orderId",
                    "id": "9b0caa480d77dd97e7e57f2f6d3f304a"
                }
            }
    }
}