{
    "root_group": {
        "path": "",
        "id": "d41d8cd98f00b204e9800998ecf8427e",
        "groups": {},
        "checks": {
                "статус 200": {
                    "fails": 0,
                    "name": "статус 200",
                    "path": "::статус 200",
                    "id": "63fd587a2004924fac2f18b343720cda",
                    "passes": 5424
                },
                "ответ содержит orderId": {
                    "fails": 0,
                    "name": "ответ содержит orderId",
                    "path": "::ответ содержит orderId",
                    "id": "9b0caa480d77dd97e7e57f2f6d3f304a",
                    "passes": 5424
                }
            },
        "name": ""
    },
    "metrics": {
        "http_reqs": {
            "count": 5424,
            "rate": 88.57968316610312,
            "thresholds": {
                "count>1000": false
            }
        },
        "http_req_receiving": {
            "med": 0.07853450000000001,
            "max": 2.184843,
            "p(90)": 0.12464469999999996,
            "p(95)": 0.17588399999999976,
            "avg": 0.09271589288348078,
            "min": 0.020432
        },
        "data_received": {
            "count": 4681895,
            "rate": 76460.3200068146
        },
        "http_req_duration{expected_response:true}": {
            "avg": 121.06402718473477,
            "min": 22.792623,
            "med": 113.1566755,
            "max": 753.337199,
            "p(90)": 173.9157318,
            "p(95)": 198.43479719999993
        },
        "http_req_connecting": {
            "p(95)": 0,
            "avg": 0.020874533185840705,
            "min": 0,
            "med": 0,
            "max": 5.057972,
            "p(90)": 0
        },
        "iterations": {
            "count": 5424,
            "rate": 88.57968316610312
        },
        "http_req_sending": {
            "avg": 0.0570696568952804,
            "min": 0.005669,
            "med": 0.0173705,
            "max": 8.498481,
            "p(90)": 0.051264899999999995,
            "p(95)": 0.06705114999999988
        },
        "checks": {
            "passes": 10848,
            "fails": 0,
            "value": 1
        },
        "iteration_duration": {
            "avg": 1122.0397325079282,
            "min": 1023.946968,
            "med": 1113.96927,
            "max": 1757.820104,
            "p(90)": 1175.02942,
            "p(95)": 1199.34813165
        },
        "vus_max": {
            "value": 100,
            "min": 100,
            "max": 100
        },
        "http_req_blocked": {
            "min": 0.001847,
            "med": 0.006099,
            "max": 8.827966,
            "p(90)": 0.015210899999999996,
            "p(95)": 0.021979249999999975,
            "avg": 0.03606529148230076
        },
        "vus": {
            "max": 100,
            "value": 39,
            "min": 39
        },
        "http_req_waiting": {
            "avg": 120.91424163495552,
            "min": 22.710082,
            "med": 113.03814299999999,
            "max": 753.241484,
            "p(90)": 173.7836312,
            "p(95)": 198.2538191
        },
        "http_req_duration": {
            "avg": 121.06402718473477,
            "min": 22.792623,
            "med": 113.1566755,
            "max": 753.337199,
            "p(90)": 173.9157318,
            "p(95)": 198.43479719999993,
            "thresholds": {
                "p(95)<300": false
            }
        },
        "http_req_failed": {
            "passes": 0,
            "fails": 5424,
            "thresholds": {
                "rate<0.01": false
            },
            "value": 0
        },
        "http_req_tls_handshaking": {
            "avg": 0,
            "min": 0,
            "med": 0,
            "max": 0,
            "p(90)": 0,
            "p(95)": 0
        },
        "data_sent": {
            "count": 467719,
            "rate": 7638.348235760801
        }
    }
}