{
    "root_group": {
        "name": "",
        "path": "",
        "id": "d41d8cd98f00b204e9800998ecf8427e",
        "groups": {},
        "checks": {
                "статус 200": {
                    "name": "статус 200",
                    "path": "::статус 200",
                    "id": "63fd587a2004924fac2f18b343720cda",
                    "passes": 5946,
                    "fails": 0
                },
                "ответ содержит orderId": {
                    "id": "9b0caa480d77dd97e7e57f2f6d3f304a",
                    "passes": 5946,
                    "fails": 0,
                    "name": "ответ содержит orderId",
                    "path": "::ответ содержит orderId"
                }
            }
    },
    "metrics": {
        "http_req_blocked": {
            "p(90)": 0.008668499999999999,
            "p(95)": 0.01015125,
            "avg": 0.010722443323242537,
            "min": 0.001114,
            "med": 0.0049689999999999995,
            "max": 1.265656
        },
        "http_req_failed": {
            "passes": 0,
            "fails": 5946,
            "thresholds": {
                "rate<0.01": false
            },
            "value": 0
        },
        "http_req_sending": {
            "med": 0.013830499999999999,
            "max": 3.037233,
            "p(90)": 0.0258855,
            "p(95)": 0.0300215,
            "avg": 0.01899169054826779,
            "min": 0.002864
        },
        "iteration_duration": {
            "p(95)": 1030.20647525,
            "avg": 1017.2679076690214,
            "min": 1003.776045,
            "med": 1008.068317,
            "max": 1448.855351,
            "p(90)": 1020.1175615
        },
        "http_req_duration": {
            "avg": 16.5815313032291,
            "min": 3.435204,
            "med": 7.400932,
            "max": 447.317975,
            "p(90)": 19.338921,
            "p(95)": 29.495905,
            "thresholds": {
                "p(95)<300": false
            }
        },
        "http_req_waiting": {
            "med": 7.3268525,
            "max": 447.213093,
            "p(90)": 19.2264455,
            "p(95)": 29.39401925,
            "avg": 16.499932798183593,
            "min": 3.404622
        },
        "data_received": {
            "count": 6695182,
            "rate": 109737.02253600859
        },
        "http_reqs": {
            "count": 5946,
            "rate": 97.45759502865,
            "thresholds": {
                "count>1000": false
            }
        },
        "http_req_receiving": {
            "avg": 0.06260681449714098,
            "min": 0.012455,
            "med": 0.0559985,
            "max": 3.387076,
            "p(90)": 0.0955515,
            "p(95)": 0.1088295
        },
        "http_req_connecting": {
            "p(95)": 0,
            "avg": 0.0032254471913891695,
            "min": 0,
            "med": 0,
            "max": 1.220582,
            "p(90)": 0
        },
        "vus": {
            "value": 7,
            "min": 7,
            "max": 100
        },
        "vus_max": {
            "value": 100,
            "min": 100,
            "max": 100
        },
        "http_req_tls_handshaking": {
            "avg": 0,
            "min": 0,
            "med": 0,
            "max": 0,
            "p(90)": 0,
            "p(95)": 0
        },
        "http_req_duration{expected_response:true}": {
            "avg": 16.5815313032291,
            "min": 3.435204,
            "med": 7.400932,
            "max": 447.317975,
            "p(90)": 19.338921,
            "p(95)": 29.495905
        },
        "iterations": {
            "count": 5946,
            "rate": 97.45759502865
        },
        "checks": {
            "passes": 11892,
            "fails": 0,
            "value": 1
        },
        "data_sent": {
            "count": 504735,
            "rate": 8272.832026031898
        }
    }
}