{
    "root_group": {
        "checks": {
            "статус 200": {
                "name": "статус 200",
                "path": "::статус 200",
                "id": "63fd587a2004924fac2f18b343720cda",
                "passes": 6000,
                "fails": 0
            },
            "ответ содержит orderId": {
                "name": "ответ содержит orderId",
                "path": "::ответ содержит orderId",
                "id": "9b0caa480d77dd97e7e57f2f6d3f304a",
                "passes": 6000,
                "fails": 0
            }
        },
        "name": "",
        "path": "",
        "id": "d41d8cd98f00b204e9800998ecf8427e",
        "groups": {}
    },
    "metrics": {
        "http_req_blocked": {
            "p(90)": 0.008616200000000001,
            "p(95)": 0.010493100000000003,
            "avg": 0.015006052833333276,
            "min": 0.001047,
            "med": 0.0054304999999999996,
            "max": 1.80345
        },
        "iterations": {
            "count": 6000,
            "rate": 98.44432085959158
        },
        "http_reqs": {
            "count": 6000,
            "rate": 98.44432085959158,
            "thresholds": {
                "count>1000": false
            }
        },
        "data_received": {
            "count": 6766588,
            "rate": 111022.02669944368
        },
        "data_sent": {
            "count": 509352,
            "rate": 8357.13528641245
        },
        "http_req_tls_handshaking": {
            "avg": 0,
            "min": 0,
            "med": 0,
            "max": 0,
            "p(90)": 0,
            "p(95)": 0
        },
        "vus_max": {
            "value": 100,
            "min": 100,
            "max": 100
        },
        "http_req_sending": {
            "avg": 0.019514303333333365,
            "min": 0.003107,
            "med": 0.015359000000000001,
            "max": 1.101396,
            "p(90)": 0.0265841,
            "p(95)": 0.03134005
        },
        "http_req_connecting": {
            "avg": 0.006722476666666669,
            "min": 0,
            "med": 0,
            "max": 1.213575,
            "p(90)": 0,
            "p(95)": 0
        },
        "iteration_duration": {
            "med": 1008.8091085,
            "max": 1255.782771,
            "p(90)": 1017.5758543000001,
            "p(95)": 1023.0215861,
            "avg": 1012.7028626849998,
            "min": 1003.517886
        },
        "http_req_receiving": {
            "min": 0.012834,
            "med": 0.0585485,
            "max": 1.597255,
            "p(90)": 0.09798680000000001,
            "p(95)": 0.1126145,
            "avg": 0.06387371099999979
        },
        "http_req_duration": {
            "min": 3.318444,
            "med": 8.096512,
            "max": 254.423502,
            "p(90)": 16.8700778,
            "p(95)": 22.496613050000004,
            "avg": 12.013406765833341,
            "thresholds": {
                "p(95)<300": false
            }
        },
        "http_req_failed": {
            "fails": 6000,
            "passes": 0,
            "thresholds": {
                "rate<0.01": false
            },
            "value": 0
        },
        "http_req_duration{expected_response:true}": {
            "avg": 12.013406765833341,
            "min": 3.318444,
            "med": 8.096512,
            "max": 254.423502,
            "p(90)": 16.8700778,
            "p(95)": 22.496613050000004
        },
        "vus": {
            "value": 100,
            "min": 100,
            "max": 100
        },
        "http_req_waiting": {
            "max": 253.262809,
            "p(90)": 16.747885500000002,
            "p(95)": 22.400598400000003,
            "avg": 11.930018751499993,
            "min": 3.270439,
            "med": 8.008521
        },
        "checks": {
            "passes": 12000,
            "fails": 0,
            "value": 1
        }
    }
}