{
    "root_group": {
        "path": "",
        "id": "d41d8cd98f00b204e9800998ecf8427e",
        "groups": {},
        "checks": {
                "статус 200": {
                    "passes": 5965,
                    "fails": 0,
                    "name": "статус 200",
                    "path": "::статус 200",
                    "id": "63fd587a2004924fac2f18b343720cda"
                },
                "ответ содержит orderId": {
                    "passes": 5965,
                    "fails": 0,
                    "name": "ответ содержит orderId",
                    "path": "::ответ содержит orderId",
                    "id": "9b0caa480d77dd97e7e57f2f6d3f304a"
                }
            },
        "name": ""
    },
    "metrics": {
        "http_req_connecting": {
            "p(95)": 0,
            "avg": 0.0013567302598491194,
            "min": 0,
            "med": 0,
            "max": 0.431454,
            "p(90)": 0
        },
        "http_req_receiving": {
            "max": 3.446597,
            "p(90)": 0.0976018,
            "p(95)": 0.11182740000000001,
            "avg": 0.06642524492875122,
            "min": 0.014409,
            "med": 0.062486
        },
        "checks": {
            "fails": 0,
            "passes": 11930,
            "value": 1
        },
        "http_req_duration{expected_response:true}": {
            "avg": 13.573789976865042,
            "min": 3.346529,
            "med": 9.228514,
            "max": 150.598662,
            "p(90)": 24.5056162,
            "p(95)": 43.53258260000003
        },
        "http_req_failed": {
            "passes": 0,
            "fails": 5965,
            "thresholds": {
                "rate<0.01": false
            },
            "value": 0
        },
        "data_received": {
            "rate": 110338.1486064449,
            "count": 6716401
        },
        "iterations": {
            "count": 5965,
            "rate": 97.99400846337849
        },
        "http_req_duration": {
            "p(95)": 43.53258260000003,
            "avg": 13.573789976865042,
            "min": 3.346529,
            "med": 9.228514,
            "max": 150.598662,
            "p(90)": 24.5056162,
            "thresholds": {
                "p(95)<300": false
            }
        },
        "http_req_sending": {
            "p(90)": 0.026894600000000005,
            "p(95)": 0.030858200000000002,
            "avg": 0.01969553009220453,
            "min": 0.002261,
            "med": 0.01662,
            "max": 0.856449
        },
        "vus": {
            "value": 100,
            "min": 100,
            "max": 100
        },
        "http_reqs": {
            "rate": 97.99400846337849,
            "count": 5965,
            "thresholds": {
                "count>1000": false
            }
        },
        "data_sent": {
            "count": 506351,
            "rate": 8318.418135698268
        },
        "http_req_tls_handshaking": {
            "min": 0,
            "med": 0,
            "max": 0,
            "p(90)": 0,
            "p(95)": 0,
            "avg": 0
        },
        "http_req_waiting": {
            "p(95)": 43.45877800000004,
            "avg": 13.487669201844106,
            "min": 3.282601,
            "med": 9.137348,
            "max": 150.552674,
            "p(90)": 24.390908800000002
        },
        "vus_max": {
            "value": 100,
            "min": 100,
            "max": 100
        },
        "iteration_duration": {
            "max": 1151.546608,
            "p(90)": 1025.1472641999999,
            "p(95)": 1044.1710988,
            "avg": 1014.2673791998305,
            "min": 1003.63129,
            "med": 1009.934918
        },
        "http_req_blocked": {
            "avg": 0.009219119195305945,
            "min": 0.000852,
            "med": 0.005902,
            "max": 1.035636,
            "p(90)": 0.0088058,
            "p(95)": 0.010459200000000007
        }
    }
}