{
    "metrics": {
        "checks": {
            "passes": 11954,
            "fails": 0,
            "value": 1
        },
        "http_req_duration": {
            "med": 9.208843,
            "max": 244.306752,
            "p(90)": 21.862517400000037,
            "p(95)": 33.0490472,
            "avg": 13.819752135686834,
            "min": 3.445996,
            "thresholds": {
                "p(95)<300": false
            }
        },
        "data_received": {
            "count": 6761045,
            "rate": 110829.1095091883
        },
        "http_reqs": {
            "count": 5977,
            "rate": 97.97680499633096,
            "thresholds": {
                "count>1000": false
            }
        },
        "http_req_connecting": {
            "avg": 0.005294764430316214,
            "min": 0,
            "med": 0,
            "max": 1.61023,
            "p(90)": 0,
            "p(95)": 0
        },
        "http_req_duration{expected_response:true}": {
            "min": 3.445996,
            "med": 9.208843,
            "max": 244.306752,
            "p(90)": 21.862517400000037,
            "p(95)": 33.0490472,
            "avg": 13.819752135686834
        },
        "http_req_receiving": {
            "avg": 0.067997466120127,
            "min": 0.014036,
            "med": 0.065659,
            "max": 0.651328,
            "p(90)": 0.10061220000000008,
            "p(95)": 0.1140242
        },
        "http_req_failed": {
            "passes": 0,
            "fails": 5977,
            "thresholds": {
                "rate<0.01": false
            },
            "value": 0
        },
        "http_req_tls_handshaking": {
            "min": 0,
            "med": 0,
            "max": 0,
            "p(90)": 0,
            "p(95)": 0,
            "avg": 0
        },
        "http_req_sending": {
            "avg": 0.01924390145557971,
            "min": 0.002431,
            "med": 0.017334,
            "max": 0.862364,
            "p(90)": 0.026791,
            "p(95)": 0.031093999999999983
        },
        "vus_max": {
            "value": 100,
            "min": 100,
            "max": 100
        },
        "http_req_blocked": {
            "avg": 0.013637132340639152,
            "min": 0.00103,
            "med": 0.006093,
            "max": 1.750571,
            "p(90)": 0.0089884,
            "p(95)": 0.011058999999999994
        },
        "http_req_waiting": {
            "avg": 13.732510768111117,
            "min": 3.41307,
            "med": 9.107113,
            "max": 244.202049,
            "p(90)": 21.753500000000024,
            "p(95)": 32.926839599999994
        },
        "data_sent": {
            "count": 507386,
            "rate": 8317.225895912394
        },
        "iterations": {
            "rate": 97.97680499633096,
            "count": 5977
        },
        "vus": {
            "max": 100,
            "value": 8,
            "min": 8
        },
        "iteration_duration": {
            "avg": 1014.5225685638273,
            "min": 1003.64284,
            "med": 1009.919797,
            "max": 1244.901681,
            "p(90)": 1022.6012420000001,
            "p(95)": 1033.5707756
        }
    },
    "root_group": {
        "groups": {},
        "checks": {
                "статус 200": {
                    "path": "::статус 200",
                    "id": "63fd587a2004924fac2f18b343720cda",
                    "passes": 5977,
                    "fails": 0,
                    "name": "статус 200"
                },
                "ответ содержит orderId": {
                    "passes": 5977,
                    "fails": 0,
                    "name": "ответ содержит orderId",
                    "path": "::ответ содержит orderId",
                    "id": "9b0caa480d77dd97e7e57f2f6d3f304a"
                }
            },
        "name": "",
        "path": "",
        "id": "d41d8cd98f00b204e9800998ecf8427e"
    }
}