{
    "metrics": {
        "iterations": {
            "count": 6000,
            "rate": 98.39697700092074
        },
        "http_req_failed": {
            "fails": 6000,
            "passes": 0,
            "thresholds": {
                "rate<0.01": false
            },
            "value": 0
        },
        "http_req_waiting": {
            "med": 9.578771,
            "max": 219.793199,
            "p(90)": 18.1827435,
            "p(95)": 24.669996650000012,
            "avg": 12.918826449166687,
            "min": 3.248513
        },
        "http_reqs": {
            "count": 6000,
            "rate": 98.39697700092074,
            "thresholds": {
                "count>1000": false
            }
        },
        "iteration_duration": {
            "p(95)": 1025.4369870500002,
            "avg": 1013.6980071136611,
            "min": 1003.68962,
            "med": 1010.3899644999999,
            "max": 1220.609038,
            "p(90)": 1019.0560063
        },
        "http_req_blocked": {
            "p(90)": 0.008964900000000003,
            "p(95)": 0.011032900000000003,
            "avg": 0.009887018999999971,
            "min": 0.001103,
            "med": 0.006160499999999999,
            "max": 1.838426
        },
        "http_req_receiving": {
            "avg": 0.06845108583333344,
            "min": 0.015046,
            "med": 0.066037,
            "max": 0.369781,
            "p(90)": 0.10121220000000003,
            "p(95)": 0.11551290000000002
        },
        "http_req_connecting": {
            "avg": 0.002398283833333334,
            "min": 0,
            "med": 0,
            "max": 0.800132,
            "p(90)": 0,
            "p(95)": 0
        },
        "data_sent": {
            "rate": 8352.394593730824,
            "count": 509308
        },
        "http_req_duration": {
            "avg": 13.007326899833313,
            "min": 3.293087,
            "med": 9.6752725,
            "max": 219.85078,
            "p(90)": 18.316393,
            "p(95)": 24.79804015000001,
            "thresholds": {
                "p(95)<300": false
            }
        },
        "checks": {
            "passes": 12000,
            "fails": 0,
            "value": 1
        },
        "vus_max": {
            "value": 100,
            "min": 100,
            "max": 100
        },
        "data_received": {
            "count": 6762550,
            "rate": 110902.41280292944
        },
        "http_req_sending": {
            "p(95)": 0.031753250000000004,
            "avg": 0.0200493648333333,
            "min": 0.003011,
            "med": 0.017679,
            "max": 1.794088,
            "p(90)": 0.0271674
        },
        "vus": {
            "value": 100,
            "min": 100,
            "max": 100
        },
        "http_req_tls_handshaking": {
            "p(95)": 0,
            "avg": 0,
            "min": 0,
            "med": 0,
            "max": 0,
            "p(90)": 0
        },
        "http_req_duration{expected_response:true}": {
            "avg": 13.007326899833313,
            "min": 3.293087,
            "med": 9.6752725,
            "max": 219.85078,
            "p(90)": 18.316393,
            "p(95)": 24.79804015000001
        }
    },
    "root_group": {
        "name": "",
        "path": "",
        "id": "d41d8cd98f00b204e9800998ecf8427e",
        "groups": {},
        "checks": {
                "статус 200": {
                    "fails": 0,
                    "name": "статус 200",
                    "path": "::статус 200",
                    "id": "63fd587a2004924fac2f18b343720cda",
                    "passes": 6000
                },
                "ответ содержит orderId": {
                    "name": "ответ содержит orderId",
                    "path": "::ответ содержит orderId",
                    "id": "9b0caa480d77dd97e7e57f2f6d3f304a",
                    "passes": 6000,
                    "fails": 0
                }
            }
    }
}