{
    "root_group": {
        "name": "",
        "path": "",
        "id": "d41d8cd98f00b204e9800998ecf8427e",
        "groups": {},
        "checks": {
                "статус 200": {
                    "name": "статус 200",
                    "path": "::статус 200",
                    "id": "63fd587a2004924fac2f18b343720cda",
                    "passes": 5988,
                    "fails": 0
                },
                "ответ содержит orderId": {
                    "name": "ответ содержит orderId",
                    "path": "::ответ содержит orderId",
                    "id": "9b0caa480d77dd97e7e57f2f6d3f304a",
                    "passes": 5988,
                    "fails": 0
                }
            }
    },
    "metrics": {
        "iteration_duration": {
            "avg": 1013.9145819338688,
            "min": 1003.731754,
            "med": 1010.0822295,
            "max": 1276.133008,
            "p(90)": 1018.3493685999999,
            "p(95)": 1027.2923759
        },
        "http_req_failed": {
            "passes": 0,
            "fails": 5988,
            "thresholds": {
                "rate<0.01": false
            },
            "value": 0
        },
        "vus": {
            "max": 100,
            "value": 6,
            "min": 6
        },
        "data_sent": {
            "count": 508303,
            "rate": 8332.99605363374
        },
        "http_req_duration{expected_response:true}": {
            "med": 9.3862715,
            "max": 275.314495,
            "p(90)": 17.6524471,
            "p(95)": 26.44471225,
            "avg": 13.212855447728794,
            "min": 3.310243
        },
        "data_received": {
            "count": 6759561,
            "rate": 110814.60297754791
        },
        "http_req_duration": {
            "min": 3.310243,
            "med": 9.3862715,
            "max": 275.314495,
            "p(90)": 17.6524471,
            "p(95)": 26.44471225,
            "avg": 13.212855447728794,
            "thresholds": {
                "p(95)<300": false
            }
        },
        "http_reqs": {
            "count": 5988,
            "rate": 98.16581914558607,
            "thresholds": {
                "count>1000": false
            }
        },
        "http_req_receiving": {
            "p(95)": 0.11470479999999995,
            "avg": 0.06904727505009983,
            "min": 0.011671,
            "med": 0.0671315,
            "max": 1.367509,
            "p(90)": 0.1000602
        },
        "http_req_tls_handshaking": {
            "p(90)": 0,
            "p(95)": 0,
            "avg": 0,
            "min": 0,
            "med": 0,
            "max": 0
        },
        "iterations": {
            "count": 5988,
            "rate": 98.16581914558607
        },
        "http_req_connecting": {
            "p(90)": 0,
            "p(95)": 0,
            "avg": 0.00748479876419506,
            "min": 0,
            "med": 0,
            "max": 1.799225
        },
        "http_req_waiting": {
            "avg": 13.122769876252516,
            "min": 3.274637,
            "med": 9.281727499999999,
            "max": 274.866481,
            "p(90)": 17.5387846,
            "p(95)": 26.31303354999998
        },
        "http_req_blocked": {
            "min": 0.001412,
            "med": 0.0062074999999999995,
            "max": 2.420617,
            "p(90)": 0.0089163,
            "p(95)": 0.01060354999999999,
            "avg": 0.015559463426853718
        },
        "http_req_sending": {
            "p(90)": 0.0272012,
            "p(95)": 0.0316669,
            "avg": 0.021038296426185682,
            "min": 0.003539,
            "med": 0.0179095,
            "max": 1.616242
        },
        "checks": {
            "passes": 11976,
            "fails": 0,
            "value": 1
        },
        "vus_max": {
            "value": 100,
            "min": 100,
            "max": 100
        }
    }
}