{
    "root_group": {
        "groups": {},
        "checks": {
                "статус 200": {
                    "path": "::статус 200",
                    "id": "63fd587a2004924fac2f18b343720cda",
                    "passes": 5999,
                    "fails": 0,
                    "name": "статус 200"
                },
                "ответ содержит orderId": {
                    "passes": 5999,
                    "fails": 0,
                    "name": "ответ содержит orderId",
                    "path": "::ответ содержит orderId",
                    "id": "9b0caa480d77dd97e7e57f2f6d3f304a"
                }
            },
        "name": "",
        "path": "",
        "id": "d41d8cd98f00b204e9800998ecf8427e"
    },
    "metrics": {
        "data_received": {
            "count": 6769335,
            "rate": 110959.62906244695
        },
        "http_req_blocked": {
            "avg": 0.015031573428904972,
            "min": 0.001237,
            "med": 0.005782,
            "max": 5.323649,
            "p(90)": 0.008687799999999999,
            "p(95)": 0.010434299999999999
        },
        "http_req_connecting": {
            "min": 0,
            "med": 0,
            "max": 2.52208,
            "p(90)": 0,
            "p(95)": 0,
            "avg": 0.005869291715285878
        },
        "data_sent": {
            "count": 509234,
            "rate": 8347.114708606698
        },
        "http_req_duration{expected_response:true}": {
            "p(90)": 17.3462932,
            "p(95)": 24.20415169999999,
            "avg": 12.983718790131629,
            "min": 3.235592,
            "med": 8.632937,
            "max": 308.223538
        },
        "http_req_duration": {
            "avg": 12.983718790131629,
            "min": 3.235592,
            "med": 8.632937,
            "max": 308.223538,
            "p(90)": 17.3462932,
            "p(95)": 24.20415169999999,
            "thresholds": {
                "p(95)<300": false
            }
        },
        "http_req_failed": {
            "passes": 0,
            "fails": 5999,
            "thresholds": {
                "rate<0.01": false
            },
            "value": 0
        },
        "checks": {
            "fails": 0,
            "passes": 11998,
            "value": 1
        },
        "http_req_sending": {
            "p(90)": 0.0266262,
            "p(95)": 0.031189099999999987,
            "avg": 0.02392443790631767,
            "min": 0.002577,
            "med": 0.016298,
            "max": 2.018284
        },
        "vus": {
            "value": 8,
            "min": 8,
            "max": 100
        },
        "http_req_waiting": {
            "avg": 12.893865483580587,
            "min": 3.20038,
            "med": 8.541753,
            "max": 308.067717,
            "p(90)": 17.226310400000003,
            "p(95)": 24.098299799999996
        },
        "vus_max": {
            "value": 100,
            "min": 100,
            "max": 100
        },
        "iteration_duration": {
            "min": 1003.483009,
            "med": 1009.341571,
            "max": 1314.401383,
            "p(90)": 1018.0583142,
            "p(95)": 1024.8525077,
            "avg": 1013.6774086084372
        },
        "http_reqs": {
            "count": 5999,
            "rate": 98.33267444226342,
            "thresholds": {
                "count>1000": false
            }
        },
        "iterations": {
            "count": 5999,
            "rate": 98.33267444226342
        },
        "http_req_tls_handshaking": {
            "p(90)": 0,
            "p(95)": 0,
            "avg": 0,
            "min": 0,
            "med": 0,
            "max": 0
        },
        "http_req_receiving": {
            "avg": 0.06592886864477422,
            "min": 0.009876,
            "med": 0.063155,
            "max": 0.464347,
            "p(90)": 0.0980188,
            "p(95)": 0.11163089999999999
        }
    }
}