{
    "root_group": {
        "name": "",
        "path": "",
        "id": "d41d8cd98f00b204e9800998ecf8427e",
        "groups": {},
        "checks": {
                "статус 200": {
                    "name": "статус 200",
                    "path": "::статус 200",
                    "id": "63fd587a2004924fac2f18b343720cda",
                    "passes": 5977,
                    "fails": 0
                },
                "ответ содержит orderId": {
                    "name": "ответ содержит orderId",
                    "path": "::ответ содержит orderId",
                    "id": "9b0caa480d77dd97e7e57f2f6d3f304a",
                    "passes": 5977,
                    "fails": 0
                }
            }
    },
    "metrics": {
        "data_received": {
            "count": 6747828,
            "rate": 110736.49250199497
        },
        "http_req_tls_handshaking": {
            "min": 0,
            "med": 0,
            "max": 0,
            "p(90)": 0,
            "p(95)": 0,
            "avg": 0
        },
        "http_req_waiting": {
            "med": 9.162755,
            "max": 350.436822,
            "p(90)": 19.217743800000004,
            "p(95)": 26.876035799999983,
            "avg": 14.270241487870136,
            "min": 3.309735
        },
        "vus": {
            "min": 100,
            "max": 100,
            "value": 100
        },
        "iteration_duration": {
            "p(95)": 1028.0319207999999,
            "avg": 1015.0858637900279,
            "min": 1003.515661,
            "med": 1010.007693,
            "max": 1350.882675,
            "p(90)": 1020.1100212
        },
        "vus_max": {
            "min": 100,
            "max": 100,
            "value": 100
        },
        "data_sent": {
            "count": 507361,
            "rate": 8326.142511680006
        },
        "http_req_connecting": {
            "avg": 0.02751310523674084,
            "min": 0,
            "med": 0,
            "max": 3.474553,
            "p(90)": 0,
            "p(95)": 0
        },
        "http_req_failed": {
            "fails": 5977,
            "passes": 0,
            "thresholds": {
                "rate<0.01": false
            },
            "value": 0
        },
        "http_req_duration{expected_response:true}": {
            "avg": 14.362356518989502,
            "min": 3.346877,
            "med": 9.264455,
            "max": 350.536949,
            "p(90)": 19.358711000000003,
            "p(95)": 27.00450839999998
        },
        "iterations": {
            "count": 5977,
            "rate": 98.08667554721667
        },
        "http_req_duration": {
            "avg": 14.362356518989502,
            "min": 3.346877,
            "med": 9.264455,
            "max": 350.536949,
            "p(90)": 19.358711000000003,
            "p(95)": 27.00450839999998,
            "thresholds": {
                "p(95)<300": false
            }
        },
        "http_reqs": {
            "count": 5977,
            "rate": 98.08667554721667,
            "thresholds": {
                "count>1000": false
            }
        },
        "http_req_sending": {
            "med": 0.017858,
            "max": 1.574882,
            "p(90)": 0.027562400000000008,
            "p(95)": 0.033020799999999975,
            "avg": 0.022684042998159546,
            "min": 0.003641
        },
        "http_req_blocked": {
            "min": 0.001105,
            "med": 0.006254,
            "max": 3.83666,
            "p(90)": 0.008970400000000002,
            "p(95)": 0.011498999999999999,
            "avg": 0.03667866906474815
        },
        "http_req_receiving": {
            "p(95)": 0.11469359999999999,
            "avg": 0.06943098812113094,
            "min": 0.015828,
            "med": 0.066956,
            "max": 3.111491,
            "p(90)": 0.10157660000000006
        },
        "checks": {
            "passes": 11954,
            "fails": 0,
            "value": 1
        }
    }
}