{
    "metrics": {
        "vus": {
            "value": 11,
            "min": 11,
            "max": 100
        },
        "http_reqs": {
            "count": 6000,
            "rate": 98.33257800491029,
            "thresholds": {
                "count>1000": false
            }
        },
        "checks": {
            "passes": 12000,
            "fails": 0,
            "value": 1
        },
        "http_req_duration{expected_response:true}": {
            "p(90)": 21.051972800000005,
            "p(95)": 35.45273430000002,
            "avg": 13.133329782333314,
            "min": 3.334072,
            "med": 9.499208,
            "max": 124.723512
        },
        "http_req_blocked": {
            "p(90)": 0.008975300000000002,
            "p(95)": 0.010620400000000009,
            "avg": 0.015168178333333358,
            "min": 0.001133,
            "med": 0.0060585,
            "max": 1.767506
        },
        "http_req_receiving": {
            "p(90)": 0.0993402,
            "p(95)": 0.1121582,
            "avg": 0.06785625933333342,
            "min": 0.010982,
            "med": 0.065245,
            "max": 2.767078
        },
        "data_sent": {
            "count": 509349,
            "rate": 8347.60004570384
        },
        "http_req_connecting": {
            "max": 1.732131,
            "p(90)": 0,
            "p(95)": 0,
            "avg": 0.007518617499999999,
            "min": 0,
            "med": 0
        },
        "iterations": {
            "count": 6000,
            "rate": 98.33257800491029
        },
        "http_req_sending": {
            "p(90)": 0.027118700000000003,
            "p(95)": 0.03167155,
            "avg": 0.019785999666666637,
            "min": 0.002813,
            "med": 0.017159,
            "max": 0.98919
        },
        "vus_max": {
            "value": 100,
            "min": 100,
            "max": 100
        },
        "http_req_duration": {
            "min": 3.334072,
            "med": 9.499208,
            "max": 124.723512,
            "p(90)": 21.051972800000005,
            "p(95)": 35.45273430000002,
            "avg": 13.133329782333314,
            "thresholds": {
                "p(95)<300": false
            }
        },
        "http_req_failed": {
            "fails": 6000,
            "passes": 0,
            "thresholds": {
                "rate<0.01": false
            },
            "value": 0
        },
        "http_req_tls_handshaking": {
            "avg": 0,
            "min": 0,
            "med": 0,
            "max": 0,
            "p(90)": 0,
            "p(95)": 0
        },
        "http_req_waiting": {
            "max": 124.637962,
            "p(90)": 20.943140300000007,
            "p(95)": 35.364529200000014,
            "avg": 13.04568752333337,
            "min": 3.300815,
            "med": 9.3880905
        },
        "data_received": {
            "rate": 110858.19817993876,
            "count": 6764281
        },
        "iteration_duration": {
            "p(95)": 1036.36062965,
            "avg": 1013.8245854329987,
            "min": 1003.501158,
            "med": 1010.2629875,
            "max": 1125.461595,
            "p(90)": 1021.7721287
        }
    },
    "root_group": {
        "path": "",
        "id": "d41d8cd98f00b204e9800998ecf8427e",
        "groups": {},
        "checks": {
                "статус 200": {
                    "name": "статус 200",
                    "path": "::статус 200",
                    "id": "63fd587a2004924fac2f18b343720cda",
                    "passes": 6000,
                    "fails": 0
                },
                "ответ содержит orderId": {
                    "name": "ответ содержит orderId",
                    "path": "::ответ содержит orderId",
                    "id": "9b0caa480d77dd97e7e57f2f6d3f304a",
                    "passes": 6000,
                    "fails": 0
                }
            },
        "name": ""
    }
}