{
    "metrics": {
        "vus_max": {
            "value": 100,
            "min": 100,
            "max": 100
        },
        "http_req_duration": {
            "avg": 19.709490882969785,
            "min": 3.400859,
            "med": 10.489079,
            "max": 377.002981,
            "p(90)": 32.9866878,
            "p(95)": 61.884389399999854,
            "thresholds": {
                "p(95)<300": false
            }
        },
        "http_req_connecting": {
            "p(90)": 0,
            "p(95)": 0,
            "avg": 0.0023664539151023183,
            "min": 0,
            "med": 0,
            "max": 0.661471
        },
        "iterations": {
            "count": 5913,
            "rate": 96.92279736078042
        },
        "checks": {
            "passes": 11826,
            "fails": 0,
            "value": 1
        },
        "http_req_duration{expected_response:true}": {
            "avg": 19.709490882969785,
            "min": 3.400859,
            "med": 10.489079,
            "max": 377.002981,
            "p(90)": 32.9866878,
            "p(95)": 61.884389399999854
        },
        "vus": {
            "value": 5,
            "min": 5,
            "max": 100
        },
        "data_sent": {
            "rate": 8227.750533339391,
            "count": 501953
        },
        "http_req_tls_handshaking": {
            "avg": 0,
            "min": 0,
            "med": 0,
            "max": 0,
            "p(90)": 0,
            "p(95)": 0
        },
        "http_req_receiving": {
            "avg": 0.07368233451716565,
            "min": 0.0153,
            "med": 0.071555,
            "max": 0.62645,
            "p(90)": 0.1055878,
            "p(95)": 0.12036799999999999
        },
        "http_req_failed": {
            "passes": 0,
            "fails": 5913,
            "thresholds": {
                "rate<0.01": false
            },
            "value": 0
        },
        "http_reqs": {
            "count": 5913,
            "rate": 96.92279736078042,
            "thresholds": {
                "count>1000": false
            }
        },
        "iteration_duration": {
            "max": 1377.402328,
            "p(90)": 1033.7958822,
            "p(95)": 1062.779879,
            "avg": 1020.4309319521384,
            "min": 1003.660078,
            "med": 1011.239025
        },
        "http_req_blocked": {
            "med": 0.006645,
            "max": 0.752,
            "p(90)": 0.009311600000000001,
            "p(95)": 0.011461399999999997,
            "avg": 0.010038531371554207,
            "min": 0.001191
        },
        "http_req_sending": {
            "p(90)": 0.027459,
            "p(95)": 0.03151779999999998,
            "avg": 0.020573423473702005,
            "min": 0.002757,
            "med": 0.019017,
            "max": 1.579466
        },
        "data_received": {
            "count": 6662709,
            "rate": 109211.63441245527
        },
        "http_req_waiting": {
            "avg": 19.61523512497883,
            "min": 3.357952,
            "med": 10.386309,
            "max": 376.888033,
            "p(90)": 32.846818600000006,
            "p(95)": 61.76639099999985
        }
    },
    "root_group": {
        "name": "",
        "path": "",
        "id": "d41d8cd98f00b204e9800998ecf8427e",
        "groups": {},
        "checks": {
                "статус 200": {
                    "passes": 5913,
                    "fails": 0,
                    "name": "статус 200",
                    "path": "::статус 200",
                    "id": "63fd587a2004924fac2f18b343720cda"
                },
                "ответ содержит orderId": {
                    "name": "ответ содержит orderId",
                    "path": "::ответ содержит orderId",
                    "id": "9b0caa480d77dd97e7e57f2f6d3f304a",
                    "passes": 5913,
                    "fails": 0
                }
            }
    }
}