{
    "root_group": {
        "path": "",
        "id": "d41d8cd98f00b204e9800998ecf8427e",
        "groups": {},
        "checks": {
                "статус 201": {
                    "passes": 5600,
                    "fails": 0,
                    "name": "статус 201",
                    "path": "::статус 201",
                    "id": "c314df9557299c13c0b7848462734a62"
                }
            },
        "name": ""
    },
    "metrics": {
        "http_req_tls_handshaking": {
            "med": 0,
            "max": 0,
            "p(90)": 0,
            "p(95)": 0,
            "avg": 0,
            "min": 0
        },
        "http_req_connecting": {
            "p(90)": 0,
            "p(95)": 0,
            "avg": 0.011008140714285712,
            "min": 0,
            "med": 0,
            "max": 5.435437
        },
        "iterations": {
            "rate": 92.74011424939387,
            "count": 5600
        },
        "vus": {
            "value": 100,
            "min": 100,
            "max": 100
        },
        "http_req_failed": {
            "passes": 0,
            "fails": 5600,
            "thresholds": {
                "rate<0.01": false
            },
            "value": 0
        },
        "checks": {
            "passes": 5600,
            "fails": 0,
            "value": 1
        },
        "vus_max": {
            "value": 100,
            "min": 100,
            "max": 100
        },
        "data_sent": {
            "count": 980106,
            "rate": 16231.27543152079
        },
        "http_req_receiving": {
            "max": 11.431074,
            "p(90)": 0.12156300000000007,
            "p(95)": 0.21302140000000003,
            "avg": 0.0835589905357142,
            "min": 0.012952,
            "med": 0.048086000000000004
        },
        "iteration_duration": {
            "med": 1070.296265,
            "max": 1342.7626,
            "p(90)": 1124.3781721999999,
            "p(95)": 1154.69697985,
            "avg": 1076.8678141000003,
            "min": 1009.732648
        },
        "http_req_sending": {
            "min": 0.009251,
            "med": 0.025804,
            "max": 12.65657,
            "p(90)": 0.07032280000000014,
            "p(95)": 0.15975790000000004,
            "avg": 0.05893229517857137
        },
        "http_req_duration{expected_response:true}": {
            "p(90)": 123.14577680000005,
            "p(95)": 153.11442600000004,
            "avg": 75.55222325999992,
            "min": 9.17183,
            "med": 69.0489135,
            "max": 341.967603
        },
        "http_req_blocked": {
            "avg": 0.033654010357142806,
            "min": 0.002528,
            "med": 0.006518,
            "max": 18.48785,
            "p(90)": 0.014187,
            "p(95)": 0.019846150000000007
        },
        "data_received": {
            "count": 515200,
            "rate": 8532.090510944236
        },
        "http_req_duration": {
            "max": 341.967603,
            "p(90)": 123.14577680000005,
            "p(95)": 153.11442600000004,
            "avg": 75.55222325999992,
            "min": 9.17183,
            "med": 69.0489135,
            "thresholds": {
                "p(95)<500": false
            }
        },
        "http_req_waiting": {
            "max": 341.881406,
            "p(90)": 123.06121300000004,
            "p(95)": 153.06340150000003,
            "avg": 75.40973197428562,
            "min": 9.087562,
            "med": 68.8867175
        },
        "http_reqs": {
            "count": 5600,
            "rate": 92.74011424939387,
            "thresholds": {
                "count>1000": false
            }
        }
    }
}