{
    "root_group": {
        "name": "",
        "path": "",
        "id": "d41d8cd98f00b204e9800998ecf8427e",
        "groups": {},
        "checks": {
                "📦 статус 201": {
                    "path": "::📦 статус 201",
                    "id": "70a1e9b1e2064741c325237b51506fdc",
                    "passes": 5939,
                    "fails": 0,
                    "name": "📦 статус 201"
                }
            }
    },
    "metrics": {
        "http_req_waiting": {
            "avg": 16.010241059100924,
            "min": 3.679724,
            "med": 12.693723,
            "max": 229.310649,
            "p(90)": 22.669496399999996,
            "p(95)": 28.95534909999998
        },
        "data_received": {
            "count": 2265000,
            "rate": 37213.18421238751
        },
        "http_req_duration{expected_response:true}": {
            "p(90)": 22.7592726,
            "p(95)": 29.111908999999965,
            "avg": 16.106127346859758,
            "min": 3.724454,
            "med": 12.76424,
            "max": 229.364106
        },
        "http_req_receiving": {
            "max": 4.587166,
            "p(90)": 0.08326759999999998,
            "p(95)": 0.10892759999999968,
            "avg": 0.056279412864118514,
            "min": 0.005892,
            "med": 0.044112
        },
        "http_req_sending": {
            "min": 0.00344,
            "med": 0.017997,
            "max": 9.046629,
            "p(90)": 0.0349552,
            "p(95)": 0.09575679999999948,
            "avg": 0.039606874894763555
        },
        "http_req_failed": {
            "passes": 0,
            "fails": 5939,
            "thresholds": {
                "rate<0.01": false
            },
            "value": 0
        },
        "iterations": {
            "count": 5939,
            "rate": 97.57576204740371
        },
        "iteration_duration": {
            "med": 1013.761559,
            "max": 1230.746206,
            "p(90)": 1023.882033,
            "p(95)": 1030.1246904999998,
            "avg": 1017.160405434417,
            "min": 1004.631584
        },
        "http_reqs": {
            "count": 5939,
            "rate": 97.57576204740371
        },
        "vus_max": {
            "value": 100,
            "min": 100,
            "max": 100
        },
        "vus": {
            "value": 100,
            "min": 100,
            "max": 100
        },
        "http_req_connecting": {
            "p(95)": 0,
            "avg": 0.023548976595386434,
            "min": 0,
            "med": 0,
            "max": 3.904211,
            "p(90)": 0
        },
        "http_req_tls_handshaking": {
            "med": 0,
            "max": 0,
            "p(90)": 0,
            "p(95)": 0,
            "avg": 0,
            "min": 0
        },
        "http_req_blocked": {
            "avg": 0.031629925239939426,
            "min": 0.001253,
            "med": 0.005057,
            "max": 4.072329,
            "p(90)": 0.007794199999999999,
            "p(95)": 0.009314899999999994
        },
        "checks": {
            "fails": 0,
            "passes": 5939,
            "value": 1
        },
        "data_sent": {
            "count": 1801656,
            "rate": 29600.59894717582
        },
        "http_req_duration": {
            "avg": 16.106127346859758,
            "min": 3.724454,
            "med": 12.76424,
            "max": 229.364106,
            "p(90)": 22.7592726,
            "p(95)": 29.111908999999965,
            "thresholds": {
                "p(95)<300": false
            }
        }
    }
}