{
    "root_group": {
        "path": "",
        "id": "d41d8cd98f00b204e9800998ecf8427e",
        "groups": {},
        "checks": {
                "📦 статус 201": {
                    "name": "📦 статус 201",
                    "path": "::📦 статус 201",
                    "id": "70a1e9b1e2064741c325237b51506fdc",
                    "passes": 6000,
                    "fails": 0
                }
            },
        "name": ""
    },
    "metrics": {
        "http_req_duration{expected_response:true}": {
            "max": 62.48945,
            "p(90)": 23.271627600000002,
            "p(95)": 28.02626515,
            "avg": 13.240214424500005,
            "min": 2.899727,
            "med": 10.8981495
        },
        "vus": {
            "value": 100,
            "min": 100,
            "max": 100
        },
        "http_req_blocked": {
            "avg": 0.020125060500000087,
            "min": 0.000975,
            "med": 0.004829,
            "max": 7.693884,
            "p(90)": 0.007581700000000003,
            "p(95)": 0.008909100000000001
        },
        "checks": {
            "passes": 6000,
            "fails": 0,
            "value": 1
        },
        "iteration_duration": {
            "max": 1066.295176,
            "p(90)": 1024.6099451,
            "p(95)": 1029.29573235,
            "avg": 1014.1426579118336,
            "min": 1003.526099,
            "med": 1011.77872
        },
        "http_req_duration": {
            "avg": 13.240214424500005,
            "min": 2.899727,
            "med": 10.8981495,
            "max": 62.48945,
            "p(90)": 23.271627600000002,
            "p(95)": 28.02626515,
            "thresholds": {
                "p(95)<300": false
            }
        },
        "data_received": {
            "count": 2293087,
            "rate": 37654.241994846205
        },
        "http_req_waiting": {
            "avg": 13.147818723333351,
            "min": 2.847458,
            "med": 10.811416,
            "max": 61.991235,
            "p(90)": 23.159232900000006,
            "p(95)": 27.95866055
        },
        "data_sent": {
            "count": 1824903,
            "rate": 29966.3027085849
        },
        "iterations": {
            "count": 6000,
            "rate": 98.52458802002593
        },
        "http_req_receiving": {
            "avg": 0.05489959849999983,
            "min": 0.005865,
            "med": 0.0426695,
            "max": 5.071638,
            "p(90)": 0.0835623,
            "p(95)": 0.10422610000000004
        },
        "http_req_sending": {
            "p(90)": 0.03242110000000002,
            "p(95)": 0.07660125000000002,
            "avg": 0.0374961026666666,
            "min": 0.002649,
            "med": 0.017273,
            "max": 7.302685
        },
        "vus_max": {
            "value": 100,
            "min": 100,
            "max": 100
        },
        "http_reqs": {
            "rate": 98.52458802002593,
            "count": 6000
        },
        "http_req_tls_handshaking": {
            "p(95)": 0,
            "avg": 0,
            "min": 0,
            "med": 0,
            "max": 0,
            "p(90)": 0
        },
        "http_req_connecting": {
            "avg": 0.009646890166666667,
            "min": 0,
            "med": 0,
            "max": 3.674385,
            "p(90)": 0,
            "p(95)": 0
        },
        "http_req_failed": {
            "fails": 6000,
            "passes": 0,
            "thresholds": {
                "rate<0.01": false
            },
            "value": 0
        }
    }
}