{
    "root_group": {
        "name": "",
        "path": "",
        "id": "d41d8cd98f00b204e9800998ecf8427e",
        "groups": {},
        "checks": {
                "📦 статус 201": {
                    "name": "📦 статус 201",
                    "path": "::📦 статус 201",
                    "id": "70a1e9b1e2064741c325237b51506fdc",
                    "passes": 5907,
                    "fails": 2
                }
            }
    },
    "metrics": {
        "http_req_duration{expected_response:true}": {
            "max": 409.954187,
            "p(90)": 27.5347224,
            "p(95)": 56.22378139999998,
            "avg": 21.3297134635178,
            "min": 2.872372,
            "med": 10.295992
        },
        "checks": {
            "passes": 5907,
            "fails": 2,
            "value": 0.9996615332543578
        },
        "vus_max": {
            "value": 100,
            "min": 100,
            "max": 100
        },
        "data_received": {
            "count": 2255170,
            "rate": 37102.55704456306
        },
        "vus": {
            "value": 100,
            "min": 100,
            "max": 100
        },
        "http_req_connecting": {
            "min": 0,
            "med": 0,
            "max": 1.771857,
            "p(90)": 0,
            "p(95)": 0,
            "avg": 0.004849483838212896
        },
        "iteration_duration": {
            "avg": 1022.3516211853116,
            "min": 1003.485536,
            "med": 1011.161494,
            "max": 1410.116305,
            "p(90)": 1029.2876018,
            "p(95)": 1057.8915135999996
        },
        "http_req_waiting": {
            "max": 409.925058,
            "p(90)": 27.469806999999996,
            "p(95)": 57.23466139999928,
            "avg": 21.29305223489592,
            "min": 2.823478,
            "med": 10.238448
        },
        "http_req_receiving": {
            "min": 0.00574,
            "med": 0.026691,
            "max": 1.884368,
            "p(90)": 0.06545519999999999,
            "p(95)": 0.09017259999999991,
            "avg": 0.04085618903367729
        },
        "iterations": {
            "count": 5909,
            "rate": 97.21617863678708
        },
        "http_req_duration": {
            "p(95)": 57.29685119999928,
            "avg": 21.36296215755621,
            "min": 2.872372,
            "med": 10.298401,
            "max": 409.954187,
            "p(90)": 27.556360399999996,
            "thresholds": {
                "p(95)<300": false
            }
        },
        "http_req_failed": {
            "passes": 2,
            "fails": 5907,
            "thresholds": {
                "rate<0.01": false
            },
            "value": 0.00033846674564224065
        },
        "data_sent": {
            "count": 1795148,
            "rate": 29534.17306608073
        },
        "http_reqs": {
            "count": 5909,
            "rate": 97.21617863678708
        },
        "http_req_tls_handshaking": {
            "med": 0,
            "max": 0,
            "p(90)": 0,
            "p(95)": 0,
            "avg": 0,
            "min": 0
        },
        "http_req_sending": {
            "avg": 0.029053733626671137,
            "min": 0.002701,
            "med": 0.011913,
            "max": 4.1172,
            "p(90)": 0.028023199999999998,
            "p(95)": 0.062040199999999913
        },
        "http_req_blocked": {
            "avg": 0.010713371974953478,
            "min": 0.001015,
            "med": 0.003445,
            "max": 2.755656,
            "p(90)": 0.006692999999999999,
            "p(95)": 0.008392999999999998
        }
    }
}