{
    "root_group": {
        "name": "",
        "path": "",
        "id": "d41d8cd98f00b204e9800998ecf8427e",
        "groups": {},
        "checks": {
                "📦 статус 201": {
                    "name": "📦 статус 201",
                    "path": "::📦 статус 201",
                    "id": "70a1e9b1e2064741c325237b51506fdc",
                    "passes": 6000,
                    "fails": 0
                }
            }
    },
    "metrics": {
        "http_req_waiting": {
            "p(90)": 21.4940819,
            "p(95)": 27.956576550000023,
            "avg": 14.017788791333299,
            "min": 3.606763,
            "med": 10.2849595,
            "max": 258.013029
        },
        "iterations": {
            "count": 6000,
            "rate": 98.36799832018411
        },
        "http_req_duration{expected_response:true}": {
            "avg": 14.144531835333401,
            "min": 3.668429,
            "med": 10.379342000000001,
            "max": 258.039797,
            "p(90)": 21.829372800000005,
            "p(95)": 29.197210850000022
        },
        "vus_max": {
            "value": 100,
            "min": 100,
            "max": 100
        },
        "vus": {
            "value": 26,
            "min": 26,
            "max": 100
        },
        "iteration_duration": {
            "p(90)": 1023.7382563,
            "p(95)": 1031.40939985,
            "avg": 1015.1911309433297,
            "min": 1003.881074,
            "med": 1011.3209555000001,
            "max": 1259.031326
        },
        "data_received": {
            "rate": 37591.11742739534,
            "count": 2292887
        },
        "http_req_failed": {
            "passes": 0,
            "fails": 6000,
            "thresholds": {
                "rate<0.01": false
            },
            "value": 0
        },
        "checks": {
            "passes": 6000,
            "fails": 0,
            "value": 1
        },
        "http_req_duration": {
            "avg": 14.144531835333401,
            "min": 3.668429,
            "med": 10.379342000000001,
            "max": 258.039797,
            "p(90)": 21.829372800000005,
            "p(95)": 29.197210850000022,
            "thresholds": {
                "p(95)<300": false
            }
        },
        "http_req_blocked": {
            "avg": 0.06453171166666666,
            "min": 0.001102,
            "med": 0.0051605,
            "max": 14.946252,
            "p(90)": 0.0077291,
            "p(95)": 0.009112350000000003
        },
        "data_sent": {
            "count": 1824987,
            "rate": 29920.053025059642
        },
        "http_req_connecting": {
            "med": 0,
            "max": 14.854171,
            "p(90)": 0,
            "p(95)": 0,
            "avg": 0.05012644083333334,
            "min": 0
        },
        "http_req_tls_handshaking": {
            "med": 0,
            "max": 0,
            "p(90)": 0,
            "p(95)": 0,
            "avg": 0,
            "min": 0
        },
        "http_req_sending": {
            "avg": 0.0702313166666663,
            "min": 0.002977,
            "med": 0.01846,
            "max": 11.136072,
            "p(90)": 0.031587600000000014,
            "p(95)": 0.04959470000000002
        },
        "http_req_receiving": {
            "avg": 0.05651172733333351,
            "min": 0.005906,
            "med": 0.04637,
            "max": 8.254785,
            "p(90)": 0.08544250000000002,
            "p(95)": 0.10185645
        },
        "http_reqs": {
            "count": 6000,
            "rate": 98.36799832018411
        }
    }
}