{
    "root_group": {
        "name": "",
        "path": "",
        "id": "d41d8cd98f00b204e9800998ecf8427e",
        "groups": {},
        "checks": {
                "📦 статус 201": {
                    "name": "📦 статус 201",
                    "path": "::📦 статус 201",
                    "id": "70a1e9b1e2064741c325237b51506fdc",
                    "passes": 5953,
                    "fails": 0
                }
            }
    },
    "metrics": {
        "vus_max": {
            "max": 100,
            "value": 100,
            "min": 100
        },
        "http_req_waiting": {
            "max": 380.101515,
            "p(90)": 24.317459400000004,
            "p(95)": 32.15561759999999,
            "avg": 17.43463168990423,
            "min": 2.922037,
            "med": 11.157152
        },
        "http_req_receiving": {
            "min": 0.006003,
            "med": 0.045288,
            "max": 7.107522,
            "p(90)": 0.0831436,
            "p(95)": 0.1027755999999999,
            "avg": 0.056039766336300874
        },
        "http_req_blocked": {
            "avg": 0.0406770860070553,
            "min": 0.001084,
            "med": 0.005148,
            "max": 4.230165,
            "p(90)": 0.007926,
            "p(95)": 0.009515399999999999
        },
        "data_sent": {
            "count": 1802739,
            "rate": 29623.483658273468
        },
        "iterations": {
            "count": 5953,
            "rate": 97.82259007970757
        },
        "http_req_failed": {
            "fails": 5953,
            "passes": 0,
            "thresholds": {
                "rate<0.01": false
            },
            "value": 0
        },
        "http_req_sending": {
            "avg": 0.0331543882076264,
            "min": 0.002787,
            "med": 0.018691,
            "max": 3.487626,
            "p(90)": 0.0352116,
            "p(95)": 0.08744119999999976
        },
        "http_reqs": {
            "count": 5953,
            "rate": 97.82259007970757
        },
        "vus": {
            "value": 100,
            "min": 100,
            "max": 100
        },
        "http_req_duration": {
            "min": 2.964903,
            "med": 11.228813,
            "max": 380.172483,
            "p(90)": 24.48103980000001,
            "p(95)": 32.34767999999999,
            "avg": 17.523825844448204,
            "thresholds": {
                "p(95)<300": false
            }
        },
        "data_received": {
            "count": 2267210,
            "rate": 37255.89693509387
        },
        "checks": {
            "passes": 5953,
            "fails": 0,
            "value": 1
        },
        "iteration_duration": {
            "min": 1003.539847,
            "med": 1012.01148,
            "max": 1381.667318,
            "p(90)": 1026.0068196,
            "p(95)": 1034.2992812,
            "avg": 1018.5162478560355
        },
        "http_req_tls_handshaking": {
            "med": 0,
            "max": 0,
            "p(90)": 0,
            "p(95)": 0,
            "avg": 0,
            "min": 0
        },
        "http_req_duration{expected_response:true}": {
            "avg": 17.523825844448204,
            "min": 2.964903,
            "med": 11.228813,
            "max": 380.172483,
            "p(90)": 24.48103980000001,
            "p(95)": 32.34767999999999
        },
        "http_req_connecting": {
            "avg": 0.03107545674449858,
            "min": 0,
            "med": 0,
            "max": 3.635718,
            "p(90)": 0,
            "p(95)": 0
        }
    }
}