{
    "root_group": {
        "name": "",
        "path": "",
        "id": "d41d8cd98f00b204e9800998ecf8427e",
        "groups": {},
        "checks": {
                "📦 статус 201": {
                    "id": "70a1e9b1e2064741c325237b51506fdc",
                    "passes": 5899,
                    "fails": 1,
                    "name": "📦 статус 201",
                    "path": "::📦 статус 201"
                }
            }
    },
    "metrics": {
        "http_req_duration{expected_response:true}": {
            "med": 14.218108,
            "max": 626.547949,
            "p(90)": 23.523528199999998,
            "p(95)": 27.059083199999993,
            "avg": 23.217212230717077,
            "min": 3.74562
        },
        "checks": {
            "passes": 5899,
            "fails": 1,
            "value": 0.9998305084745762
        },
        "http_req_sending": {
            "med": 0.0173255,
            "max": 5.112671,
            "p(90)": 0.0338796,
            "p(95)": 0.07588450000000013,
            "avg": 0.03294236322033892,
            "min": 0.00346
        },
        "vus_max": {
            "value": 100,
            "min": 100,
            "max": 100
        },
        "iteration_duration": {
            "min": 1003.939733,
            "med": 1015.244066,
            "max": 1627.604448,
            "p(90)": 1024.6020966,
            "p(95)": 1028.14594305,
            "avg": 1024.2087748737295
        },
        "iterations": {
            "count": 5900,
            "rate": 97.03659327902277
        },
        "http_req_receiving": {
            "p(95)": 0.11462705000000004,
            "avg": 0.05489906813559328,
            "min": 0.007914,
            "med": 0.041102,
            "max": 5.081717,
            "p(90)": 0.08418830000000005
        },
        "http_req_blocked": {
            "min": 0.001167,
            "med": 0.0049405000000000004,
            "max": 4.271343,
            "p(90)": 0.007797300000000001,
            "p(95)": 0.009244450000000001,
            "avg": 0.01086403169491528
        },
        "http_req_duration": {
            "p(95)": 27.0585066,
            "avg": 23.2176369920339,
            "min": 3.74562,
            "med": 14.219008,
            "max": 626.547949,
            "p(90)": 23.534747500000005,
            "thresholds": {
                "p(95)<300": false
            }
        },
        "http_req_failed": {
            "passes": 1,
            "fails": 5899,
            "thresholds": {
                "rate<0.01": false
            },
            "value": 0.00016949152542372882
        },
        "http_reqs": {
            "count": 5900,
            "rate": 97.03659327902277
        },
        "data_sent": {
            "count": 1793910,
            "rate": 29504.222889690125
        },
        "data_received": {
            "rate": 37067.86350442518,
            "count": 2253793
        },
        "http_req_waiting": {
            "med": 14.1298555,
            "max": 626.501552,
            "p(90)": 23.470553300000006,
            "p(95)": 26.984294450000004,
            "avg": 23.12979556067798,
            "min": 3.700252
        },
        "http_req_tls_handshaking": {
            "avg": 0,
            "min": 0,
            "med": 0,
            "max": 0,
            "p(90)": 0,
            "p(95)": 0
        },
        "http_req_connecting": {
            "avg": 0.003446780847457629,
            "min": 0,
            "med": 0,
            "max": 1.925987,
            "p(90)": 0,
            "p(95)": 0
        },
        "vus": {
            "value": 100,
            "min": 100,
            "max": 100
        }
    }
}