{
    "root_group": {
        "name": "",
        "path": "",
        "id": "d41d8cd98f00b204e9800998ecf8427e",
        "groups": {},
        "checks": {
                "📦 статус 201": {
                    "passes": 5973,
                    "fails": 1,
                    "name": "📦 статус 201",
                    "path": "::📦 статус 201",
                    "id": "70a1e9b1e2064741c325237b51506fdc"
                }
            }
    },
    "metrics": {
        "http_req_sending": {
            "med": 0.015783,
            "max": 1.710228,
            "p(90)": 0.030105899999999998,
            "p(95)": 0.044180099999999965,
            "avg": 0.025408424338801534,
            "min": 0.003175
        },
        "http_req_duration{expected_response:true}": {
            "med": 11.487043,
            "max": 254.654446,
            "p(90)": 19.652820200000004,
            "p(95)": 25.381054399999996,
            "avg": 13.742876432780806,
            "min": 2.882115
        },
        "http_req_blocked": {
            "p(95)": 0.008744899999999991,
            "avg": 0.008951089889521232,
            "min": 0.000969,
            "med": 0.0045535,
            "max": 2.57875,
            "p(90)": 0.007533
        },
        "http_req_failed": {
            "passes": 1,
            "fails": 5973,
            "thresholds": {
                "rate<0.01": false
            },
            "value": 0.00016739203213927018
        },
        "data_received": {
            "count": 2281513,
            "rate": 37505.75821975567
        },
        "http_req_connecting": {
            "min": 0,
            "med": 0,
            "max": 0.434384,
            "p(90)": 0,
            "p(95)": 0,
            "avg": 0.0017042105791764302
        },
        "http_req_waiting": {
            "p(95)": 25.301076049999995,
            "avg": 13.669860473384608,
            "min": 2.840858,
            "med": 11.410089,
            "max": 254.560478,
            "p(90)": 19.5256404
        },
        "vus_max": {
            "value": 100,
            "min": 100,
            "max": 100
        },
        "http_req_tls_handshaking": {
            "avg": 0,
            "min": 0,
            "med": 0,
            "max": 0,
            "p(90)": 0,
            "p(95)": 0
        },
        "vus": {
            "min": 100,
            "max": 100,
            "value": 100
        },
        "http_req_duration": {
            "p(95)": 25.387097749999995,
            "avg": 13.74629688868426,
            "min": 2.882115,
            "med": 11.487739000000001,
            "max": 254.654446,
            "p(90)": 19.6652718,
            "thresholds": {
                "p(95)<300": false
            }
        },
        "iterations": {
            "count": 5974,
            "rate": 98.20649700651295
        },
        "checks": {
            "passes": 5973,
            "fails": 1,
            "value": 0.9998326079678608
        },
        "http_reqs": {
            "count": 5974,
            "rate": 98.20649700651295
        },
        "http_req_receiving": {
            "avg": 0.0510279909608303,
            "min": 0.005577,
            "med": 0.0402285,
            "max": 2.706514,
            "p(90)": 0.08020109999999998,
            "p(95)": 0.10363209999999991
        },
        "iteration_duration": {
            "min": 1003.221021,
            "med": 1012.4629025,
            "max": 1255.469893,
            "p(90)": 1020.7493604,
            "p(95)": 1026.2242662,
            "avg": 1014.6422055316405
        },
        "data_sent": {
            "count": 1815761,
            "rate": 29849.268029970368
        }
    }
}