{
    "root_group": {
        "name": "",
        "path": "",
        "id": "d41d8cd98f00b204e9800998ecf8427e",
        "groups": {},
        "checks": {
                "📦 статус 201": {
                    "name": "📦 статус 201",
                    "path": "::📦 статус 201",
                    "id": "70a1e9b1e2064741c325237b51506fdc",
                    "passes": 5938,
                    "fails": 0
                }
            }
    },
    "metrics": {
        "http_req_sending": {
            "avg": 0.040700133715055604,
            "min": 0.00316,
            "med": 0.0195275,
            "max": 10.209458,
            "p(90)": 0.03408660000000001,
            "p(95)": 0.06732299999999994
        },
        "vus": {
            "value": 5,
            "min": 5,
            "max": 100
        },
        "vus_max": {
            "value": 100,
            "min": 100,
            "max": 100
        },
        "http_req_blocked": {
            "max": 2.154103,
            "p(90)": 0.0079753,
            "p(95)": 0.009713,
            "avg": 0.01178248046480297,
            "min": 0.001086,
            "med": 0.0054225
        },
        "iterations": {
            "count": 5938,
            "rate": 97.32209323483713
        },
        "checks": {
            "passes": 5938,
            "fails": 0,
            "value": 1
        },
        "http_req_connecting": {
            "med": 0,
            "max": 2.119621,
            "p(90)": 0,
            "p(95)": 0,
            "avg": 0.004472376726170429,
            "min": 0
        },
        "http_req_waiting": {
            "max": 323.286091,
            "p(90)": 22.337034900000003,
            "p(95)": 29.87241545,
            "avg": 15.90047020377232,
            "min": 3.659707,
            "med": 11.278144999999999
        },
        "data_sent": {
            "count": 1808496,
            "rate": 29640.723530958236
        },
        "http_req_duration{expected_response:true}": {
            "avg": 16.000258119063602,
            "min": 3.722117,
            "med": 11.360535500000001,
            "max": 323.320907,
            "p(90)": 22.478439800000004,
            "p(95)": 30.179938949999997
        },
        "http_req_failed": {
            "passes": 0,
            "fails": 5938,
            "thresholds": {
                "rate<0.01": false
            },
            "value": 0
        },
        "http_req_tls_handshaking": {
            "avg": 0,
            "min": 0,
            "med": 0,
            "max": 0,
            "p(90)": 0,
            "p(95)": 0
        },
        "iteration_duration": {
            "avg": 1016.9919099848454,
            "min": 1004.248112,
            "med": 1012.3033439999999,
            "max": 1325.06416,
            "p(90)": 1023.4553356,
            "p(95)": 1031.59912005
        },
        "http_reqs": {
            "count": 5938,
            "rate": 97.32209323483713
        },
        "http_req_duration": {
            "avg": 16.000258119063602,
            "min": 3.722117,
            "med": 11.360535500000001,
            "max": 323.320907,
            "p(90)": 22.478439800000004,
            "p(95)": 30.179938949999997,
            "thresholds": {
                "p(95)<300": false
            }
        },
        "http_req_receiving": {
            "p(90)": 0.0875913,
            "p(95)": 0.12187209999999994,
            "avg": 0.05908778157628863,
            "min": 0.006175,
            "med": 0.0475305,
            "max": 2.352654
        },
        "data_received": {
            "rate": 37232.81379611838,
            "count": 2271719
        }
    }
}