{
    "root_group": {
        "name": "",
        "path": "",
        "id": "d41d8cd98f00b204e9800998ecf8427e",
        "groups": {},
        "checks": {
                "📦 статус 201": {
                    "name": "📦 статус 201",
                    "path": "::📦 статус 201",
                    "id": "70a1e9b1e2064741c325237b51506fdc",
                    "passes": 5698,
                    "fails": 2
                }
            }
    },
    "metrics": {
        "http_req_duration": {
            "p(95)": 113.80879845,
            "avg": 56.386341810526254,
            "min": 2.758293,
            "med": 52.0462955,
            "max": 351.936055,
            "p(90)": 98.22208719999999,
            "thresholds": {
                "p(95)<300": false
            }
        },
        "http_reqs": {
            "count": 5700,
            "rate": 94.07478888086142
        },
        "http_req_connecting": {
            "med": 0,
            "max": 2.073438,
            "p(90)": 0,
            "p(95)": 0,
            "avg": 0.005028506491228069,
            "min": 0
        },
        "http_req_receiving": {
            "p(95)": 0.25069245000000034,
            "avg": 0.10223565333333304,
            "min": 0.014928,
            "med": 0.037345,
            "max": 14.781003,
            "p(90)": 0.1348784
        },
        "data_sent": {
            "count": 1734231,
            "rate": 28622.353543095647
        },
        "iterations": {
            "count": 5700,
            "rate": 94.07478888086142
        },
        "http_req_blocked": {
            "avg": 0.06319037807017537,
            "min": 0.002245,
            "med": 0.0078515,
            "max": 64.071754,
            "p(90)": 0.016834099999999998,
            "p(95)": 0.02119545
        },
        "http_req_failed": {
            "passes": 2,
            "fails": 5698,
            "thresholds": {
                "rate<0.01": false
            },
            "value": 0.0003508771929824561
        },
        "vus_max": {
            "min": 100,
            "max": 100,
            "value": 100
        },
        "http_req_tls_handshaking": {
            "med": 0,
            "max": 0,
            "p(90)": 0,
            "p(95)": 0,
            "avg": 0,
            "min": 0
        },
        "checks": {
            "passes": 5698,
            "fails": 2,
            "value": 0.9996491228070176
        },
        "vus": {
            "value": 100,
            "min": 100,
            "max": 100
        },
        "http_req_duration{expected_response:true}": {
            "max": 351.936055,
            "p(90)": 98.211365,
            "p(95)": 113.75815594999999,
            "avg": 56.34746519691112,
            "min": 2.758293,
            "med": 52.0432365
        },
        "http_req_sending": {
            "avg": 0.2502103389473689,
            "min": 0.007711,
            "med": 0.0339895,
            "max": 33.095237,
            "p(90)": 0.17558130000000013,
            "p(95)": 0.6878294000000001
        },
        "data_received": {
            "count": 2178212,
            "rate": 35949.970883817354
        },
        "http_req_waiting": {
            "p(90)": 97.65960249999999,
            "p(95)": 113.11932440000002,
            "avg": 56.03389581824566,
            "min": 2.706638,
            "med": 51.8085955,
            "max": 351.46094
        },
        "iteration_duration": {
            "p(90)": 1103.0991661,
            "p(95)": 1121.17730145,
            "avg": 1060.2414963324575,
            "min": 1003.621213,
            "med": 1054.896798,
            "max": 1353.251298
        }
    }
}