{
    "root_group": {
        "groups": {},
        "checks": {
                "📦 статус 201": {
                    "name": "📦 статус 201",
                    "path": "::📦 статус 201",
                    "id": "70a1e9b1e2064741c325237b51506fdc",
                    "passes": 5728,
                    "fails": 2
                }
            },
        "name": "",
        "path": "",
        "id": "d41d8cd98f00b204e9800998ecf8427e"
    },
    "metrics": {
        "vus_max": {
            "value": 100,
            "min": 100,
            "max": 100
        },
        "data_received": {
            "rate": 35892.44658933439,
            "count": 2188844
        },
        "data_sent": {
            "count": 1742516,
            "rate": 28573.604359680543
        },
        "http_req_tls_handshaking": {
            "avg": 0,
            "min": 0,
            "med": 0,
            "max": 0,
            "p(90)": 0,
            "p(95)": 0
        },
        "http_req_waiting": {
            "med": 47.6191935,
            "max": 337.839581,
            "p(90)": 85.5479839,
            "p(95)": 105.99154190000002,
            "avg": 55.15414702129149,
            "min": 3.394764
        },
        "http_req_duration": {
            "avg": 55.49129252286198,
            "min": 3.48353,
            "med": 47.9880885,
            "max": 337.966467,
            "p(90)": 86.23876240000001,
            "p(95)": 106.4636328,
            "thresholds": {
                "p(95)<300": false
            }
        },
        "checks": {
            "passes": 5728,
            "fails": 2,
            "value": 0.999650959860384
        },
        "iterations": {
            "count": 5730,
            "rate": 93.9599710883398
        },
        "iteration_duration": {
            "min": 1004.175272,
            "med": 1051.3844450000001,
            "max": 1338.993162,
            "p(90)": 1088.8138046,
            "p(95)": 1108.4321967,
            "avg": 1058.7034563319335
        },
        "http_reqs": {
            "count": 5730,
            "rate": 93.9599710883398
        },
        "http_req_failed": {
            "passes": 2,
            "fails": 5728,
            "thresholds": {
                "rate<0.01": false
            },
            "value": 0.00034904013961605586
        },
        "http_req_duration{expected_response:true}": {
            "min": 3.48353,
            "med": 47.986225,
            "max": 337.966467,
            "p(90)": 86.21343710000001,
            "p(95)": 106.42260749999997,
            "avg": 55.46240556197611
        },
        "vus": {
            "value": 30,
            "min": 30,
            "max": 100
        },
        "http_req_connecting": {
            "avg": 0.011811164921465972,
            "min": 0,
            "med": 0,
            "max": 9.509044,
            "p(90)": 0,
            "p(95)": 0
        },
        "http_req_sending": {
            "max": 50.244273,
            "p(90)": 0.3152837000000011,
            "p(95)": 0.8929988000000008,
            "avg": 0.2300299839441537,
            "min": 0.007162,
            "med": 0.03273
        },
        "http_req_blocked": {
            "avg": 0.03380254432809756,
            "min": 0.002082,
            "med": 0.0076845,
            "max": 11.115312,
            "p(90)": 0.015401100000000004,
            "p(95)": 0.01834220000000001
        },
        "http_req_receiving": {
            "med": 0.035186499999999996,
            "max": 22.504859,
            "p(90)": 0.13215140000000014,
            "p(95)": 0.28055335000000003,
            "avg": 0.10711551762652712,
            "min": 0.013914
        }
    }
}