{
    "metrics": {
        "http_reqs": {
            "count": 5977,
            "rate": 98.00720681006422,
            "thresholds": {
                "count>1000": false
            }
        },
        "http_req_tls_handshaking": {
            "avg": 0,
            "min": 0,
            "med": 0,
            "max": 0,
            "p(90)": 0,
            "p(95)": 0
        },
        "vus_max": {
            "max": 100,
            "value": 100,
            "min": 100
        },
        "http_req_receiving": {
            "med": 0.071179,
            "max": 3.623114,
            "p(90)": 0.14170280000000007,
            "p(95)": 0.29460799999999987,
            "avg": 0.1064001499079808,
            "min": 0.022873
        },
        "data_received": {
            "count": 4568799,
            "rate": 74916.38421726863
        },
        "vus": {
            "max": 100,
            "value": 7,
            "min": 7
        },
        "data_sent": {
            "count": 515405,
            "rate": 8451.297377604342
        },
        "http_req_blocked": {
            "max": 4.441675,
            "p(90)": 0.009144,
            "p(95)": 0.011898399999999996,
            "avg": 0.018063521666387822,
            "min": 0.002602,
            "med": 0.006397
        },
        "iterations": {
            "count": 5977,
            "rate": 98.00720681006422
        },
        "http_req_failed": {
            "passes": 0,
            "fails": 5977,
            "thresholds": {
                "rate<0.01": false
            },
            "value": 0
        },
        "http_req_duration": {
            "min": 4.542248,
            "med": 7.947165,
            "max": 197.09537,
            "p(90)": 18.368240800000006,
            "p(95)": 30.128920999999988,
            "avg": 12.558754333946807,
            "thresholds": {
                "p(95)<300": false
            }
        },
        "http_req_waiting": {
            "p(95)": 30.005788599999978,
            "avg": 12.424321097373284,
            "min": 4.44766,
            "med": 7.790133,
            "max": 196.899707,
            "p(90)": 18.242805800000003
        },
        "checks": {
            "passes": 11954,
            "fails": 0,
            "value": 1
        },
        "iteration_duration": {
            "min": 1004.87704,
            "med": 1008.800345,
            "max": 1198.941305,
            "p(90)": 1019.4089528000001,
            "p(95)": 1031.4103572,
            "avg": 1013.4680777338109
        },
        "http_req_connecting": {
            "avg": 0.006126454241258159,
            "min": 0,
            "med": 0,
            "max": 2.542771,
            "p(90)": 0,
            "p(95)": 0
        },
        "http_req_sending": {
            "p(95)": 0.04084879999999999,
            "avg": 0.02803308666555136,
            "min": 0.007572,
            "med": 0.017594,
            "max": 4.156341,
            "p(90)": 0.0285132
        },
        "http_req_duration{expected_response:true}": {
            "med": 7.947165,
            "max": 197.09537,
            "p(90)": 18.368240800000006,
            "p(95)": 30.128920999999988,
            "avg": 12.558754333946807,
            "min": 4.542248
        }
    },
    "root_group": {
        "groups": {},
        "checks": {
                "статус 200": {
                    "id": "63fd587a2004924fac2f18b343720cda",
                    "passes": 5977,
                    "fails": 0,
                    "name": "статус 200",
                    "path": "::статус 200"
                },
                "ответ содержит orderId": {
                    "id": "9b0caa480d77dd97e7e57f2f6d3f304a",
                    "passes": 5977,
                    "fails": 0,
                    "name": "ответ содержит orderId",
                    "path": "::ответ содержит orderId"
                }
            },
        "name": "",
        "path": "",
        "id": "d41d8cd98f00b204e9800998ecf8427e"
    }
}