{
    "root_group": {
        "name": "",
        "path": "",
        "id": "d41d8cd98f00b204e9800998ecf8427e",
        "groups": {},
        "checks": {
                "статус 200": {
                    "fails": 0,
                    "name": "статус 200",
                    "path": "::статус 200",
                    "id": "63fd587a2004924fac2f18b343720cda",
                    "passes": 6000
                },
                "ответ содержит orderId": {
                    "name": "ответ содержит orderId",
                    "path": "::ответ содержит orderId",
                    "id": "9b0caa480d77dd97e7e57f2f6d3f304a",
                    "passes": 6000,
                    "fails": 0
                }
            }
    },
    "metrics": {
        "data_received": {
            "rate": 75300.19633605644,
            "count": 4593840
        },
        "http_req_sending": {
            "avg": 0.055768044666666614,
            "min": 0.006942,
            "med": 0.017889000000000002,
            "max": 19.866455,
            "p(90)": 0.028375200000000017,
            "p(95)": 0.042288650000000025
        },
        "http_req_blocked": {
            "med": 0.00641,
            "max": 33.980921,
            "p(90)": 0.008912100000000001,
            "p(95)": 0.011350350000000002,
            "avg": 0.046959670833333446,
            "min": 0.002426
        },
        "iterations": {
            "count": 6000,
            "rate": 98.34935000268591
        },
        "http_req_duration": {
            "max": 170.01001,
            "p(90)": 17.897928900000004,
            "p(95)": 26.33590245000001,
            "avg": 11.705955811833347,
            "min": 4.311335,
            "med": 7.764298,
            "thresholds": {
                "p(95)<300": false
            }
        },
        "http_req_failed": {
            "passes": 0,
            "fails": 6000,
            "thresholds": {
                "rate<0.01": false
            },
            "value": 0
        },
        "http_req_receiving": {
            "avg": 0.1205416006666667,
            "min": 0.021829,
            "med": 0.072117,
            "max": 21.995988,
            "p(90)": 0.15419840000000043,
            "p(95)": 0.31271950000000004
        },
        "vus": {
            "value": 8,
            "min": 8,
            "max": 100
        },
        "data_sent": {
            "count": 517400,
            "rate": 8480.992281898281
        },
        "http_reqs": {
            "count": 6000,
            "rate": 98.34935000268591,
            "thresholds": {
                "count>1000": false
            }
        },
        "vus_max": {
            "value": 100,
            "min": 100,
            "max": 100
        },
        "iteration_duration": {
            "min": 1004.494239,
            "med": 1008.5708119999999,
            "max": 1173.024515,
            "p(90)": 1019.1857541,
            "p(95)": 1028.417474,
            "avg": 1012.6877326454987
        },
        "http_req_waiting": {
            "min": 4.264375,
            "med": 7.6361925,
            "max": 169.693002,
            "p(90)": 17.72697650000001,
            "p(95)": 25.882683350000033,
            "avg": 11.529646166500017
        },
        "checks": {
            "fails": 0,
            "passes": 12000,
            "value": 1
        },
        "http_req_connecting": {
            "med": 0,
            "max": 19.465848,
            "p(90)": 0,
            "p(95)": 0,
            "avg": 0.02191385983333333,
            "min": 0
        },
        "http_req_tls_handshaking": {
            "avg": 0,
            "min": 0,
            "med": 0,
            "max": 0,
            "p(90)": 0,
            "p(95)": 0
        },
        "http_req_duration{expected_response:true}": {
            "p(95)": 26.33590245000001,
            "avg": 11.705955811833347,
            "min": 4.311335,
            "med": 7.764298,
            "max": 170.01001,
            "p(90)": 17.897928900000004
        }
    }
}