{
    "root_group": {
        "groups": {},
        "checks": {
                "статус 200": {
                    "passes": 5986,
                    "fails": 0,
                    "name": "статус 200",
                    "path": "::статус 200",
                    "id": "63fd587a2004924fac2f18b343720cda"
                },
                "ответ содержит orderId": {
                    "name": "ответ содержит orderId",
                    "path": "::ответ содержит orderId",
                    "id": "9b0caa480d77dd97e7e57f2f6d3f304a",
                    "passes": 5986,
                    "fails": 0
                }
            },
        "name": "",
        "path": "",
        "id": "d41d8cd98f00b204e9800998ecf8427e"
    },
    "metrics": {
        "http_reqs": {
            "count": 5986,
            "rate": 98.13409219277283,
            "thresholds": {
                "count>1000": false
            }
        },
        "http_req_duration": {
            "avg": 12.434391517373898,
            "min": 4.296785,
            "med": 7.269574,
            "max": 168.770666,
            "p(90)": 15.526224,
            "p(95)": 30.029486249999998,
            "thresholds": {
                "p(95)<300": false
            }
        },
        "data_sent": {
            "count": 516252,
            "rate": 8463.40149727754
        },
        "vus": {
            "value": 12,
            "min": 12,
            "max": 100
        },
        "http_req_duration{expected_response:true}": {
            "max": 168.770666,
            "p(90)": 15.526224,
            "p(95)": 30.029486249999998,
            "avg": 12.434391517373898,
            "min": 4.296785,
            "med": 7.269574
        },
        "http_req_tls_handshaking": {
            "p(90)": 0,
            "p(95)": 0,
            "avg": 0,
            "min": 0,
            "med": 0,
            "max": 0
        },
        "data_received": {
            "count": 4552950,
            "rate": 74640.76429152774
        },
        "http_req_blocked": {
            "med": 0.006209,
            "max": 5.023878,
            "p(90)": 0.0088055,
            "p(95)": 0.011273,
            "avg": 0.019996345305713422,
            "min": 0.002286
        },
        "http_req_sending": {
            "med": 0.017499,
            "max": 14.984625,
            "p(90)": 0.027658500000000003,
            "p(95)": 0.038807,
            "avg": 0.04000525108586687,
            "min": 0.006255
        },
        "http_req_waiting": {
            "med": 7.1401245,
            "max": 168.669961,
            "p(90)": 15.3215275,
            "p(95)": 29.701652,
            "avg": 12.290354453725318,
            "min": 4.22735
        },
        "http_req_failed": {
            "passes": 0,
            "fails": 5986,
            "thresholds": {
                "rate<0.01": false
            },
            "value": 0
        },
        "iteration_duration": {
            "avg": 1013.3934296785866,
            "min": 1004.697838,
            "med": 1008.098082,
            "max": 1169.397106,
            "p(90)": 1016.4895525,
            "p(95)": 1031.40920675
        },
        "vus_max": {
            "value": 100,
            "min": 100,
            "max": 100
        },
        "http_req_connecting": {
            "avg": 0.008606565152021383,
            "min": 0,
            "med": 0,
            "max": 4.978929,
            "p(90)": 0,
            "p(95)": 0
        },
        "http_req_receiving": {
            "avg": 0.10403181256264647,
            "min": 0.021844,
            "med": 0.0706065,
            "max": 5.428351,
            "p(90)": 0.12474350000000001,
            "p(95)": 0.2588045
        },
        "checks": {
            "passes": 11972,
            "fails": 0,
            "value": 1
        },
        "iterations": {
            "count": 5986,
            "rate": 98.13409219277283
        }
    }
}