{
    "root_group": {
        "name": "",
        "path": "",
        "id": "d41d8cd98f00b204e9800998ecf8427e",
        "groups": {},
        "checks": {
                "статус 200": {
                    "id": "63fd587a2004924fac2f18b343720cda",
                    "passes": 6000,
                    "fails": 0,
                    "name": "статус 200",
                    "path": "::статус 200"
                },
                "ответ содержит orderId": {
                    "name": "ответ содержит orderId",
                    "path": "::ответ содержит orderId",
                    "id": "9b0caa480d77dd97e7e57f2f6d3f304a",
                    "passes": 6000,
                    "fails": 0
                }
            }
    },
    "metrics": {
        "http_req_duration{expected_response:true}": {
            "avg": 4.9969563736666665,
            "min": 1.217234,
            "med": 2.6280035,
            "max": 98.902433,
            "p(90)": 8.2508472,
            "p(95)": 13.931079450000007
        },
        "data_received": {
            "count": 5961937,
            "rate": 98616.75068153218
        },
        "iterations": {
            "count": 6000,
            "rate": 99.24635300393028
        },
        "vus_max": {
            "value": 100,
            "min": 100,
            "max": 100
        },
        "http_req_waiting": {
            "p(90)": 8.159895200000003,
            "p(95)": 13.670642500000035,
            "avg": 4.929997262666662,
            "min": 1.184659,
            "med": 2.5648595,
            "max": 98.840969
        },
        "vus": {
            "value": 100,
            "min": 100,
            "max": 100
        },
        "http_req_duration": {
            "max": 98.902433,
            "p(90)": 8.2508472,
            "p(95)": 13.931079450000007,
            "avg": 4.9969563736666665,
            "min": 1.217234,
            "med": 2.6280035,
            "thresholds": {
                "p(95)<300": false
            }
        },
        "http_req_tls_handshaking": {
            "p(90)": 0,
            "p(95)": 0,
            "avg": 0,
            "min": 0,
            "med": 0,
            "max": 0
        },
        "checks": {
            "passes": 12000,
            "fails": 0,
            "value": 1
        },
        "http_req_failed": {
            "passes": 0,
            "fails": 6000,
            "thresholds": {
                "rate<0.01": false
            },
            "value": 0
        },
        "http_req_blocked": {
            "avg": 0.011019862333333338,
            "min": 0.001077,
            "med": 0.004302500000000001,
            "max": 1.179951,
            "p(90)": 0.007098300000000001,
            "p(95)": 0.008880250000000001
        },
        "http_req_sending": {
            "avg": 0.01618678433333327,
            "min": 0.002706,
            "med": 0.011675999999999999,
            "max": 3.729967,
            "p(90)": 0.019832600000000002,
            "p(95)": 0.024298600000000004
        },
        "data_sent": {
            "rate": 8424.443969444452,
            "count": 509305
        },
        "http_req_receiving": {
            "avg": 0.05077232666666661,
            "min": 0.008736,
            "med": 0.0448,
            "max": 0.892494,
            "p(90)": 0.07415420000000005,
            "p(95)": 0.08769715000000003
        },
        "iteration_duration": {
            "avg": 1005.6667892628308,
            "min": 1001.50039,
            "med": 1003.318943,
            "max": 1099.846126,
            "p(90)": 1008.9375829,
            "p(95)": 1014.79090275
        },
        "http_reqs": {
            "count": 6000,
            "rate": 99.24635300393028,
            "thresholds": {
                "count>1000": false
            }
        },
        "http_req_connecting": {
            "avg": 0.005263535166666666,
            "min": 0,
            "med": 0,
            "max": 1.033668,
            "p(90)": 0,
            "p(95)": 0
        }
    }
}