{
    "root_group": {
        "name": "",
        "path": "",
        "id": "d41d8cd98f00b204e9800998ecf8427e",
        "groups": {},
        "checks": {
                "статус 200": {
                    "name": "статус 200",
                    "path": "::статус 200",
                    "id": "63fd587a2004924fac2f18b343720cda",
                    "passes": 6000,
                    "fails": 0
                },
                "ответ содержит orderId": {
                    "name": "ответ содержит orderId",
                    "path": "::ответ содержит orderId",
                    "id": "9b0caa480d77dd97e7e57f2f6d3f304a",
                    "passes": 6000,
                    "fails": 0
                }
            }
    },
    "metrics": {
        "http_req_tls_handshaking": {
            "max": 0,
            "p(90)": 0,
            "p(95)": 0,
            "avg": 0,
            "min": 0,
            "med": 0
        },
        "http_req_waiting": {
            "avg": 4.456080869666665,
            "min": 1.104605,
            "med": 2.5324105,
            "max": 104.662349,
            "p(90)": 7.24602880000001,
            "p(95)": 9.861539250000002
        },
        "http_req_failed": {
            "fails": 6000,
            "passes": 0,
            "thresholds": {
                "rate<0.01": false
            },
            "value": 0
        },
        "http_req_sending": {
            "avg": 0.016107123333333345,
            "min": 0.002559,
            "med": 0.011800000000000001,
            "max": 0.949386,
            "p(90)": 0.018127200000000003,
            "p(95)": 0.0217925
        },
        "data_received": {
            "count": 5956183,
            "rate": 98593.87804959808
        },
        "iterations": {
            "rate": 99.31918953759286,
            "count": 6000
        },
        "vus_max": {
            "value": 100,
            "min": 100,
            "max": 100
        },
        "http_req_blocked": {
            "med": 0.0043155,
            "max": 1.898372,
            "p(90)": 0.0064083000000000005,
            "p(95)": 0.00806290000000001,
            "avg": 0.021760377666666622,
            "min": 0.001138
        },
        "vus": {
            "value": 100,
            "min": 100,
            "max": 100
        },
        "http_reqs": {
            "rate": 99.31918953759286,
            "count": 6000,
            "thresholds": {
                "count>1000": false
            }
        },
        "http_req_receiving": {
            "avg": 0.047913508499999966,
            "min": 0.008689,
            "med": 0.0426655,
            "max": 1.500854,
            "p(90)": 0.06826120000000001,
            "p(95)": 0.07985120000000001
        },
        "http_req_connecting": {
            "p(90)": 0,
            "p(95)": 0,
            "avg": 0.016154820500000003,
            "min": 0,
            "med": 0,
            "max": 1.874921
        },
        "data_sent": {
            "count": 509357,
            "rate": 8431.487404216616
        },
        "http_req_duration{expected_response:true}": {
            "min": 1.147008,
            "med": 2.5938985,
            "max": 105.089007,
            "p(90)": 7.331289200000005,
            "p(95)": 9.919200400000001,
            "avg": 4.520101501500004
        },
        "checks": {
            "passes": 12000,
            "fails": 0,
            "value": 1
        },
        "iteration_duration": {
            "avg": 1005.1770711985004,
            "min": 1001.300508,
            "med": 1003.2594845,
            "max": 1106.978734,
            "p(90)": 1008.0315735,
            "p(95)": 1010.64141895
        },
        "http_req_duration": {
            "max": 105.089007,
            "p(90)": 7.331289200000005,
            "p(95)": 9.919200400000001,
            "avg": 4.520101501500004,
            "min": 1.147008,
            "med": 2.5938985,
            "thresholds": {
                "p(95)<300": false
            }
        }
    }
}