{
    "root_group": {
        "checks": {
            "статус 200": {
                "path": "::статус 200",
                "id": "63fd587a2004924fac2f18b343720cda",
                "passes": 6000,
                "fails": 0,
                "name": "статус 200"
            },
            "ответ содержит orderId": {
                "path": "::ответ содержит orderId",
                "id": "9b0caa480d77dd97e7e57f2f6d3f304a",
                "passes": 6000,
                "fails": 0,
                "name": "ответ содержит orderId"
            }
        },
        "name": "",
        "path": "",
        "id": "d41d8cd98f00b204e9800998ecf8427e",
        "groups": {}
    },
    "metrics": {
        "http_req_tls_handshaking": {
            "min": 0,
            "med": 0,
            "max": 0,
            "p(90)": 0,
            "p(95)": 0,
            "avg": 0
        },
        "iterations": {
            "rate": 99.15014905427566,
            "count": 6000
        },
        "vus": {
            "value": 100,
            "min": 100,
            "max": 100
        },
        "data_received": {
            "count": 5952251,
            "rate": 98361.09564307689
        },
        "http_req_duration{expected_response:true}": {
            "max": 202.064589,
            "p(90)": 7.023599400000004,
            "p(95)": 11.929991400000027,
            "avg": 5.772741610166679,
            "min": 1.172324,
            "med": 2.437645
        },
        "http_req_sending": {
            "max": 2.927751,
            "p(90)": 0.0214641,
            "p(95)": 0.026903900000000026,
            "avg": 0.01746994633333335,
            "min": 0.002701,
            "med": 0.0120225
        },
        "http_req_blocked": {
            "max": 1.918079,
            "p(90)": 0.007602,
            "p(95)": 0.00936145,
            "avg": 0.010599516833333322,
            "min": 0.001057,
            "med": 0.004399500000000001
        },
        "http_req_failed": {
            "fails": 6000,
            "passes": 0,
            "thresholds": {
                "rate<0.01": false
            },
            "value": 0
        },
        "data_sent": {
            "count": 509315,
            "rate": 8416.4430275964
        },
        "iteration_duration": {
            "p(95)": 1012.5964345,
            "avg": 1006.4678399375025,
            "min": 1001.462278,
            "med": 1003.151842,
            "max": 1203.389132,
            "p(90)": 1007.6456617
        },
        "http_req_duration": {
            "p(90)": 7.023599400000004,
            "p(95)": 11.929991400000027,
            "avg": 5.772741610166679,
            "min": 1.172324,
            "med": 2.437645,
            "max": 202.064589,
            "thresholds": {
                "p(95)<300": false
            }
        },
        "checks": {
            "passes": 12000,
            "fails": 0,
            "value": 1
        },
        "http_req_receiving": {
            "max": 2.071196,
            "p(90)": 0.07740920000000001,
            "p(95)": 0.09398975000000001,
            "avg": 0.05205050416666677,
            "min": 0.010769,
            "med": 0.044549
        },
        "vus_max": {
            "max": 100,
            "value": 100,
            "min": 100
        },
        "http_reqs": {
            "count": 6000,
            "rate": 99.15014905427566,
            "thresholds": {
                "count>1000": false
            }
        },
        "http_req_connecting": {
            "avg": 0.003675646833333334,
            "min": 0,
            "med": 0,
            "max": 1.239214,
            "p(90)": 0,
            "p(95)": 0
        },
        "http_req_waiting": {
            "p(90)": 6.952079500000005,
            "p(95)": 11.781935850000004,
            "avg": 5.703221159666664,
            "min": 1.139514,
            "med": 2.380013,
            "max": 201.925803
        }
    }
}