{
    "root_group": {
        "name": "",
        "path": "",
        "id": "d41d8cd98f00b204e9800998ecf8427e",
        "groups": {},
        "checks": {
                "статус 200": {
                    "name": "статус 200",
                    "path": "::статус 200",
                    "id": "63fd587a2004924fac2f18b343720cda",
                    "passes": 6000,
                    "fails": 0
                },
                "ответ содержит orderId": {
                    "name": "ответ содержит orderId",
                    "path": "::ответ содержит orderId",
                    "id": "9b0caa480d77dd97e7e57f2f6d3f304a",
                    "passes": 6000,
                    "fails": 0
                }
            }
    },
    "metrics": {
        "data_sent": {
            "rate": 8428.777980737384,
            "count": 509311
        },
        "http_req_duration{expected_response:true}": {
            "p(90)": 8.126783099999999,
            "p(95)": 11.435237650000003,
            "avg": 4.55322549233335,
            "min": 1.218155,
            "med": 2.639026,
            "max": 86.719457
        },
        "http_req_receiving": {
            "p(95)": 0.08195400000000001,
            "avg": 0.049635747833333514,
            "min": 0.007304,
            "med": 0.043258500000000005,
            "max": 1.922784,
            "p(90)": 0.06937739999999999
        },
        "http_reqs": {
            "count": 6000,
            "rate": 99.296241165858,
            "thresholds": {
                "count>1000": false
            }
        },
        "http_req_failed": {
            "passes": 0,
            "fails": 6000,
            "thresholds": {
                "rate<0.01": false
            },
            "value": 0
        },
        "iteration_duration": {
            "avg": 1005.228224751333,
            "min": 1001.553003,
            "med": 1003.3270259999999,
            "max": 1088.456978,
            "p(90)": 1008.7563382000001,
            "p(95)": 1011.9625169999999
        },
        "http_req_waiting": {
            "avg": 4.4900617365,
            "min": 1.169956,
            "med": 2.5814605,
            "max": 86.606171,
            "p(90)": 8.044181500000002,
            "p(95)": 11.345985300000002
        },
        "http_req_connecting": {
            "avg": 0.007077846333333334,
            "min": 0,
            "med": 0,
            "max": 1.596868,
            "p(90)": 0,
            "p(95)": 0
        },
        "http_req_tls_handshaking": {
            "avg": 0,
            "min": 0,
            "med": 0,
            "max": 0,
            "p(90)": 0,
            "p(95)": 0
        },
        "vus": {
            "value": 100,
            "min": 100,
            "max": 100
        },
        "iterations": {
            "count": 6000,
            "rate": 99.296241165858
        },
        "http_req_sending": {
            "min": 0.002688,
            "med": 0.011710499999999999,
            "max": 0.392414,
            "p(90)": 0.0178974,
            "p(95)": 0.021205500000000002,
            "avg": 0.01352800799999998
        },
        "checks": {
            "passes": 12000,
            "fails": 0,
            "value": 1
        },
        "data_received": {
            "count": 5951635,
            "rate": 98495.83071519354
        },
        "http_req_duration": {
            "avg": 4.55322549233335,
            "min": 1.218155,
            "med": 2.639026,
            "max": 86.719457,
            "p(90)": 8.126783099999999,
            "p(95)": 11.435237650000003,
            "thresholds": {
                "p(95)<300": false
            }
        },
        "http_req_blocked": {
            "avg": 0.026808753500000067,
            "min": 0.00115,
            "med": 0.0043135,
            "max": 4.966957,
            "p(90)": 0.006360200000000001,
            "p(95)": 0.008111450000000001
        },
        "vus_max": {
            "value": 100,
            "min": 100,
            "max": 100
        }
    }
}