{
    "root_group": {
        "groups": {},
        "checks": {
                "статус 200": {
                    "name": "статус 200",
                    "path": "::статус 200",
                    "id": "63fd587a2004924fac2f18b343720cda",
                    "passes": 6000,
                    "fails": 0
                },
                "ответ содержит orderId": {
                    "id": "9b0caa480d77dd97e7e57f2f6d3f304a",
                    "passes": 6000,
                    "fails": 0,
                    "name": "ответ содержит orderId",
                    "path": "::ответ содержит orderId"
                }
            },
        "name": "",
        "path": "",
        "id": "d41d8cd98f00b204e9800998ecf8427e"
    },
    "metrics": {
        "iteration_duration": {
            "avg": 1006.1593215553337,
            "min": 1001.398893,
            "med": 1003.302676,
            "max": 1196.241072,
            "p(90)": 1006.3745331,
            "p(95)": 1009.62421505
        },
        "http_req_duration": {
            "avg": 5.469840743666643,
            "min": 1.078568,
            "med": 2.601814,
            "max": 194.702005,
            "p(90)": 5.689812000000006,
            "p(95)": 8.977038250000005,
            "thresholds": {
                "p(95)<300": false
            }
        },
        "checks": {
            "passes": 12000,
            "fails": 0,
            "value": 1
        },
        "http_req_connecting": {
            "avg": 0.007463443999999995,
            "min": 0,
            "med": 0,
            "max": 2.429318,
            "p(90)": 0,
            "p(95)": 0
        },
        "http_req_duration{expected_response:true}": {
            "med": 2.601814,
            "max": 194.702005,
            "p(90)": 5.689812000000006,
            "p(95)": 8.977038250000005,
            "avg": 5.469840743666643,
            "min": 1.078568
        },
        "http_req_waiting": {
            "min": 1.047671,
            "med": 2.5404809999999998,
            "max": 194.354763,
            "p(90)": 5.597273700000001,
            "p(95)": 8.872929100000004,
            "avg": 5.396651253166653
        },
        "http_reqs": {
            "count": 6000,
            "rate": 99.1651227773071,
            "thresholds": {
                "count>1000": false
            }
        },
        "http_req_tls_handshaking": {
            "med": 0,
            "max": 0,
            "p(90)": 0,
            "p(95)": 0,
            "avg": 0,
            "min": 0
        },
        "vus_max": {
            "max": 100,
            "value": 100,
            "min": 100
        },
        "iterations": {
            "count": 6000,
            "rate": 99.1651227773071
        },
        "vus": {
            "value": 100,
            "min": 100,
            "max": 100
        },
        "http_req_sending": {
            "med": 0.012279499999999999,
            "max": 3.907914,
            "p(90)": 0.019753300000000005,
            "p(95)": 0.0242974,
            "avg": 0.022467339499999985,
            "min": 0.002824
        },
        "data_sent": {
            "count": 509313,
            "rate": 8417.681029513102
        },
        "http_req_blocked": {
            "min": 0.000997,
            "med": 0.004516,
            "max": 5.121319,
            "p(90)": 0.007217300000000001,
            "p(95)": 0.0092051,
            "avg": 0.017509835499999946
        },
        "http_req_receiving": {
            "p(95)": 0.0866705,
            "avg": 0.050722150999999854,
            "min": 0.009168,
            "med": 0.04631,
            "max": 1.121015,
            "p(90)": 0.07312790000000001
        },
        "data_received": {
            "count": 5990489,
            "rate": 99007.92953018461
        },
        "http_req_failed": {
            "passes": 0,
            "fails": 6000,
            "thresholds": {
                "rate<0.01": false
            },
            "value": 0
        }
    }
}