{
    "metrics": {
        "http_req_duration": {
            "avg": 4.694255189500002,
            "min": 1.282482,
            "med": 2.727783,
            "max": 85.539726,
            "p(90)": 8.697697900000003,
            "p(95)": 11.521929850000001,
            "thresholds": {
                "p(95)<300": false
            }
        },
        "checks": {
            "passes": 12000,
            "fails": 0,
            "value": 1
        },
        "vus_max": {
            "value": 100,
            "min": 100,
            "max": 100
        },
        "vus": {
            "max": 100,
            "value": 100,
            "min": 100
        },
        "http_req_failed": {
            "passes": 0,
            "fails": 6000,
            "thresholds": {
                "rate<0.01": false
            },
            "value": 0
        },
        "data_received": {
            "count": 5933670,
            "rate": 98188.79077735507
        },
        "http_req_waiting": {
            "p(95)": 11.468800700000003,
            "avg": 4.629472874666671,
            "min": 1.23674,
            "med": 2.6664915000000002,
            "max": 85.467293,
            "p(90)": 8.628398800000001
        },
        "iteration_duration": {
            "avg": 1005.3342484799973,
            "min": 1001.397002,
            "med": 1003.4296865,
            "max": 1086.895718,
            "p(90)": 1009.3626427,
            "p(95)": 1012.1684850500001
        },
        "data_sent": {
            "count": 509314,
            "rate": 8427.992420538692
        },
        "http_req_tls_handshaking": {
            "max": 0,
            "p(90)": 0,
            "p(95)": 0,
            "avg": 0,
            "min": 0,
            "med": 0
        },
        "http_req_blocked": {
            "med": 0.0043335000000000005,
            "max": 2.511224,
            "p(90)": 0.006425,
            "p(95)": 0.008207500000000005,
            "avg": 0.012222440333333298,
            "min": 0.001117
        },
        "http_req_duration{expected_response:true}": {
            "avg": 4.694255189500002,
            "min": 1.282482,
            "med": 2.727783,
            "max": 85.539726,
            "p(90)": 8.697697900000003,
            "p(95)": 11.521929850000001
        },
        "http_req_sending": {
            "avg": 0.013442295000000028,
            "min": 0.002596,
            "med": 0.011727000000000001,
            "max": 0.526429,
            "p(90)": 0.017906,
            "p(95)": 0.021381900000000016
        },
        "http_req_connecting": {
            "min": 0,
            "med": 0,
            "max": 2.46698,
            "p(90)": 0,
            "p(95)": 0,
            "avg": 0.006632640833333331
        },
        "http_req_receiving": {
            "avg": 0.05134001983333316,
            "min": 0.008746,
            "med": 0.0440605,
            "max": 1.567263,
            "p(90)": 0.0710443,
            "p(95)": 0.08756230000000002
        },
        "iterations": {
            "count": 6000,
            "rate": 99.28640195092251
        },
        "http_reqs": {
            "count": 6000,
            "rate": 99.28640195092251,
            "thresholds": {
                "count>1000": false
            }
        }
    },
    "root_group": {
        "path": "",
        "id": "d41d8cd98f00b204e9800998ecf8427e",
        "groups": {},
        "checks": {
                "статус 200": {
                    "name": "статус 200",
                    "path": "::статус 200",
                    "id": "63fd587a2004924fac2f18b343720cda",
                    "passes": 6000,
                    "fails": 0
                },
                "ответ содержит orderId": {
                    "path": "::ответ содержит orderId",
                    "id": "9b0caa480d77dd97e7e57f2f6d3f304a",
                    "passes": 6000,
                    "fails": 0,
                    "name": "ответ содержит orderId"
                }
            },
        "name": ""
    }
}