{
    "root_group": {
        "id": "d41d8cd98f00b204e9800998ecf8427e",
        "groups": {},
        "checks": {
                "статус 200": {
                    "id": "63fd587a2004924fac2f18b343720cda",
                    "passes": 6000,
                    "fails": 0,
                    "name": "статус 200",
                    "path": "::статус 200"
                },
                "ответ содержит orderId": {
                    "path": "::ответ содержит orderId",
                    "id": "9b0caa480d77dd97e7e57f2f6d3f304a",
                    "passes": 6000,
                    "fails": 0,
                    "name": "ответ содержит orderId"
                }
            },
        "name": "",
        "path": ""
    },
    "metrics": {
        "vus": {
            "value": 100,
            "min": 100,
            "max": 100
        },
        "http_req_failed": {
            "passes": 0,
            "fails": 6000,
            "thresholds": {
                "rate<0.01": false
            },
            "value": 0
        },
        "http_req_receiving": {
            "max": 1.907766,
            "p(90)": 0.07888830000000001,
            "p(95)": 0.0944376,
            "avg": 0.05136622249999992,
            "min": 0.010933,
            "med": 0.045607499999999995
        },
        "vus_max": {
            "value": 100,
            "min": 100,
            "max": 100
        },
        "data_sent": {
            "count": 509364,
            "rate": 8421.649909433352
        },
        "checks": {
            "passes": 12000,
            "fails": 0,
            "value": 1
        },
        "http_req_blocked": {
            "med": 0.004427,
            "max": 1.836716,
            "p(90)": 0.007686,
            "p(95)": 0.009900350000000002,
            "avg": 0.011583028500000045,
            "min": 0.001073
        },
        "http_req_sending": {
            "max": 2.343227,
            "p(90)": 0.0216811,
            "p(95)": 0.02683365000000002,
            "avg": 0.016381363666666687,
            "min": 0.002453,
            "med": 0.0120135
        },
        "iteration_duration": {
            "avg": 1005.9296985818306,
            "min": 1001.52223,
            "med": 1003.229153,
            "max": 1191.368963,
            "p(90)": 1006.6358958,
            "p(95)": 1009.50029595
        },
        "http_req_duration{expected_response:true}": {
            "avg": 5.245204783166674,
            "min": 1.243802,
            "med": 2.5265095,
            "max": 189.617345,
            "p(90)": 5.859701100000003,
            "p(95)": 8.765915900000005
        },
        "http_req_connecting": {
            "p(95)": 0,
            "avg": 0.0046862683333333335,
            "min": 0,
            "med": 0,
            "max": 1.161262,
            "p(90)": 0
        },
        "data_received": {
            "count": 5952486,
            "rate": 98416.3646877347
        },
        "http_reqs": {
            "count": 6000,
            "rate": 99.20194488931317,
            "thresholds": {
                "count>1000": false
            }
        },
        "http_req_waiting": {
            "avg": 5.1774571970000345,
            "min": 1.203367,
            "med": 2.467347,
            "max": 189.378694,
            "p(90)": 5.7579533000000005,
            "p(95)": 8.673780750000006
        },
        "http_req_duration": {
            "avg": 5.245204783166674,
            "min": 1.243802,
            "med": 2.5265095,
            "max": 189.617345,
            "p(90)": 5.859701100000003,
            "p(95)": 8.765915900000005,
            "thresholds": {
                "p(95)<300": false
            }
        },
        "http_req_tls_handshaking": {
            "max": 0,
            "p(90)": 0,
            "p(95)": 0,
            "avg": 0,
            "min": 0,
            "med": 0
        },
        "iterations": {
            "count": 6000,
            "rate": 99.20194488931317
        }
    }
}