{
    "metrics": {
        "data_sent": {
            "count": 509337,
            "rate": 8416.351708115519
        },
        "http_req_tls_handshaking": {
            "max": 0,
            "p(90)": 0,
            "p(95)": 0,
            "avg": 0,
            "min": 0,
            "med": 0
        },
        "checks": {
            "passes": 12000,
            "fails": 0,
            "value": 1
        },
        "http_req_failed": {
            "passes": 0,
            "fails": 6000,
            "thresholds": {
                "rate<0.01": false
            },
            "value": 0
        },
        "vus_max": {
            "max": 100,
            "value": 100,
            "min": 100
        },
        "http_req_receiving": {
            "med": 0.044072,
            "max": 1.321285,
            "p(90)": 0.07688370000000003,
            "p(95)": 0.09340680000000005,
            "avg": 0.05048553050000005,
            "min": 0.008721
        },
        "vus": {
            "value": 100,
            "min": 100,
            "max": 100
        },
        "http_reqs": {
            "count": 6000,
            "rate": 99.14479067629705,
            "thresholds": {
                "count>1000": false
            }
        },
        "http_req_waiting": {
            "avg": 5.342481847666678,
            "min": 1.172629,
            "med": 2.4058374999999996,
            "max": 187.081679,
            "p(90)": 6.234987900000001,
            "p(95)": 9.131759850000003
        },
        "data_received": {
            "rate": 98561.55492101195,
            "count": 5964704
        },
        "http_req_blocked": {
            "avg": 0.029491082499999925,
            "min": 0.001123,
            "med": 0.004287,
            "max": 3.292015,
            "p(90)": 0.0075411,
            "p(95)": 0.009766950000000003
        },
        "http_req_connecting": {
            "p(90)": 0,
            "p(95)": 0,
            "avg": 0.022971306833333333,
            "min": 0,
            "med": 0,
            "max": 3.130429
        },
        "http_req_duration{expected_response:true}": {
            "min": 1.213863,
            "med": 2.461697,
            "max": 187.3625,
            "p(90)": 6.333951900000001,
            "p(95)": 9.212059250000005,
            "avg": 5.410294202666659
        },
        "iteration_duration": {
            "p(95)": 1009.98827335,
            "avg": 1006.1172095596667,
            "min": 1001.481524,
            "med": 1003.174353,
            "max": 1189.633558,
            "p(90)": 1007.0453218
        },
        "http_req_duration": {
            "p(95)": 9.212059250000005,
            "avg": 5.410294202666659,
            "min": 1.213863,
            "med": 2.461697,
            "max": 187.3625,
            "p(90)": 6.333951900000001,
            "thresholds": {
                "p(95)<300": false
            }
        },
        "iterations": {
            "count": 6000,
            "rate": 99.14479067629705
        },
        "http_req_sending": {
            "avg": 0.01732682449999999,
            "min": 0.002796,
            "med": 0.0117345,
            "max": 1.575929,
            "p(90)": 0.020877200000000002,
            "p(95)": 0.02543485000000001
        }
    },
    "root_group": {
        "name": "",
        "path": "",
        "id": "d41d8cd98f00b204e9800998ecf8427e",
        "groups": {},
        "checks": {
                "статус 200": {
                    "path": "::статус 200",
                    "id": "63fd587a2004924fac2f18b343720cda",
                    "passes": 6000,
                    "fails": 0,
                    "name": "статус 200"
                },
                "ответ содержит orderId": {
                    "fails": 0,
                    "name": "ответ содержит orderId",
                    "path": "::ответ содержит orderId",
                    "id": "9b0caa480d77dd97e7e57f2f6d3f304a",
                    "passes": 6000
                }
            }
    }
}