{
    "metrics": {
        "data_received": {
            "count": 5975965,
            "rate": 98791.0656445949
        },
        "http_req_duration": {
            "avg": 5.3194657910000185,
            "min": 1.168808,
            "med": 2.6244455,
            "max": 81.730291,
            "p(90)": 8.753808900000006,
            "p(95)": 18.54184160000001,
            "thresholds": {
                "p(95)<300": false
            }
        },
        "http_reqs": {
            "count": 6000,
            "rate": 99.18839783492196,
            "thresholds": {
                "count>1000": false
            }
        },
        "http_req_duration{expected_response:true}": {
            "med": 2.6244455,
            "max": 81.730291,
            "p(90)": 8.753808900000006,
            "p(95)": 18.54184160000001,
            "avg": 5.3194657910000185,
            "min": 1.168808
        },
        "data_sent": {
            "count": 509382,
            "rate": 8420.79741099137
        },
        "http_req_sending": {
            "p(90)": 0.0235035,
            "p(95)": 0.02739225,
            "avg": 0.017558020833333358,
            "min": 0.002612,
            "med": 0.012307499999999999,
            "max": 1.351812
        },
        "http_req_receiving": {
            "p(90)": 0.08395780000000001,
            "p(95)": 0.09889030000000001,
            "avg": 0.05460592216666675,
            "min": 0.009658,
            "med": 0.0468525,
            "max": 1.788507
        },
        "vus": {
            "max": 100,
            "value": 100,
            "min": 100
        },
        "http_req_blocked": {
            "p(95)": 0.009721150000000001,
            "avg": 0.01973414200000002,
            "min": 0.000945,
            "med": 0.004496,
            "max": 1.978407,
            "p(90)": 0.008156400000000001
        },
        "http_req_failed": {
            "passes": 0,
            "fails": 6000,
            "thresholds": {
                "rate<0.01": false
            },
            "value": 0
        },
        "iterations": {
            "count": 6000,
            "rate": 99.18839783492196
        },
        "http_req_connecting": {
            "avg": 0.013553233333333333,
            "min": 0,
            "med": 0,
            "max": 1.760497,
            "p(90)": 0,
            "p(95)": 0
        },
        "checks": {
            "passes": 12000,
            "fails": 0,
            "value": 1
        },
        "vus_max": {
            "value": 100,
            "min": 100,
            "max": 100
        },
        "http_req_tls_handshaking": {
            "p(90)": 0,
            "p(95)": 0,
            "avg": 0,
            "min": 0,
            "med": 0,
            "max": 0
        },
        "http_req_waiting": {
            "p(90)": 8.657705900000002,
            "p(95)": 18.42744020000001,
            "avg": 5.247301847999986,
            "min": 1.129524,
            "med": 2.5666130000000003,
            "max": 81.646652
        },
        "iteration_duration": {
            "avg": 1006.0388118768299,
            "min": 1001.45411,
            "med": 1003.368935,
            "max": 1083.22066,
            "p(90)": 1009.5427533999999,
            "p(95)": 1019.4743886
        }
    },
    "root_group": {
        "name": "",
        "path": "",
        "id": "d41d8cd98f00b204e9800998ecf8427e",
        "groups": {},
        "checks": {
                "статус 200": {
                    "name": "статус 200",
                    "path": "::статус 200",
                    "id": "63fd587a2004924fac2f18b343720cda",
                    "passes": 6000,
                    "fails": 0
                },
                "ответ содержит orderId": {
                    "name": "ответ содержит orderId",
                    "path": "::ответ содержит orderId",
                    "id": "9b0caa480d77dd97e7e57f2f6d3f304a",
                    "passes": 6000,
                    "fails": 0
                }
            }
    }
}