{
    "root_group": {
        "name": "",
        "path": "",
        "id": "d41d8cd98f00b204e9800998ecf8427e",
        "groups": {},
        "checks": {
                "статус 200": {
                    "name": "статус 200",
                    "path": "::статус 200",
                    "id": "63fd587a2004924fac2f18b343720cda",
                    "passes": 6000,
                    "fails": 0
                },
                "ответ содержит orderId": {
                    "name": "ответ содержит orderId",
                    "path": "::ответ содержит orderId",
                    "id": "9b0caa480d77dd97e7e57f2f6d3f304a",
                    "passes": 6000,
                    "fails": 0
                }
            }
    },
    "metrics": {
        "data_sent": {
            "count": 509302,
            "rate": 8416.24635969054
        },
        "iterations": {
            "rate": 99.15036296370964,
            "count": 6000
        },
        "http_reqs": {
            "count": 6000,
            "rate": 99.15036296370964,
            "thresholds": {
                "count>1000": false
            }
        },
        "iteration_duration": {
            "avg": 1006.2336051931667,
            "min": 1001.241272,
            "med": 1003.2709385,
            "max": 1124.832209,
            "p(90)": 1008.9492438999999,
            "p(95)": 1021.74932405
        },
        "http_req_tls_handshaking": {
            "p(95)": 0,
            "avg": 0,
            "min": 0,
            "med": 0,
            "max": 0,
            "p(90)": 0
        },
        "http_req_duration": {
            "med": 2.5475395,
            "max": 124.363547,
            "p(90)": 8.180975900000002,
            "p(95)": 20.851821200000035,
            "avg": 5.549267272166666,
            "min": 1.135767,
            "thresholds": {
                "p(95)<300": false
            }
        },
        "http_req_waiting": {
            "avg": 5.479506172166666,
            "min": 1.097418,
            "med": 2.4909405,
            "max": 124.25632,
            "p(90)": 8.0974336,
            "p(95)": 20.790954100000025
        },
        "http_req_receiving": {
            "p(90)": 0.08238980000000001,
            "p(95)": 0.09654020000000003,
            "avg": 0.0541911608333334,
            "min": 0.009927,
            "med": 0.0459955,
            "max": 2.500062
        },
        "vus": {
            "min": 100,
            "max": 100,
            "value": 100
        },
        "http_req_duration{expected_response:true}": {
            "max": 124.363547,
            "p(90)": 8.180975900000002,
            "p(95)": 20.851821200000035,
            "avg": 5.549267272166666,
            "min": 1.135767,
            "med": 2.5475395
        },
        "http_req_failed": {
            "passes": 0,
            "fails": 6000,
            "thresholds": {
                "rate<0.01": false
            },
            "value": 0
        },
        "http_req_connecting": {
            "p(90)": 0,
            "p(95)": 0,
            "avg": 0.001946998166666667,
            "min": 0,
            "med": 0,
            "max": 0.511824
        },
        "http_req_sending": {
            "max": 2.171828,
            "p(90)": 0.02255630000000001,
            "p(95)": 0.0257175,
            "avg": 0.015569939166666635,
            "min": 0.002585,
            "med": 0.012284
        },
        "vus_max": {
            "value": 100,
            "min": 100,
            "max": 100
        },
        "data_received": {
            "rate": 98744.4909529177,
            "count": 5975439
        },
        "checks": {
            "passes": 12000,
            "fails": 0,
            "value": 1
        },
        "http_req_blocked": {
            "avg": 0.010322601499999978,
            "min": 0.001093,
            "med": 0.004512,
            "max": 1.749721,
            "p(90)": 0.008145300000000001,
            "p(95)": 0.00995705
        }
    }
}