{
    "root_group": {
        "id": "d41d8cd98f00b204e9800998ecf8427e",
        "groups": {},
        "checks": {
                "статус 200": {
                    "name": "статус 200",
                    "path": "::статус 200",
                    "id": "63fd587a2004924fac2f18b343720cda",
                    "passes": 5963,
                    "fails": 0
                },
                "ответ не пустой": {
                    "id": "1c568cf298ad7d73e64d124a4ad0618f",
                    "passes": 5963,
                    "fails": 0,
                    "name": "ответ не пустой",
                    "path": "::ответ не пустой"
                }
            },
        "name": "",
        "path": ""
    },
    "metrics": {
        "vus_max": {
            "value": 100,
            "min": 100,
            "max": 100
        },
        "data_received": {
            "count": 52936284,
            "rate": 867822.3834555151
        },
        "iterations": {
            "rate": 97.75572596945484,
            "count": 5963
        },
        "http_req_waiting": {
            "med": 6.612944,
            "max": 320.187921,
            "p(90)": 16.9694414,
            "p(95)": 23.579471699999985,
            "avg": 14.680033088546018,
            "min": 3.666182
        },
        "checks": {
            "passes": 11926,
            "fails": 0,
            "value": 1
        },
        "http_req_blocked": {
            "med": 0.004568,
            "max": 3.460255,
            "p(90)": 0.008579,
            "p(95)": 0.010123499999999997,
            "avg": 0.013705460674157288,
            "min": 0.001173
        },
        "http_req_sending": {
            "min": 0.002868,
            "med": 0.0125,
            "max": 3.35384,
            "p(90)": 0.0250092,
            "p(95)": 0.030432499999999994,
            "avg": 0.018202975683380872
        },
        "http_req_tls_handshaking": {
            "max": 0,
            "p(90)": 0,
            "p(95)": 0,
            "avg": 0,
            "min": 0,
            "med": 0
        },
        "http_req_duration": {
            "avg": 14.7854716312259,
            "min": 3.690371,
            "med": 6.686129,
            "max": 320.327597,
            "p(90)": 17.1432472,
            "p(95)": 23.796265399999964,
            "thresholds": {
                "p(95)<300": false
            }
        },
        "http_req_duration{expected_response:true}": {
            "p(95)": 23.796265399999964,
            "avg": 14.7854716312259,
            "min": 3.690371,
            "med": 6.686129,
            "max": 320.327597,
            "p(90)": 17.1432472
        },
        "data_sent": {
            "count": 625511,
            "rate": 10254.44942258589
        },
        "iteration_duration": {
            "avg": 1015.4943699770265,
            "min": 1003.90311,
            "med": 1007.386313,
            "max": 1322.210894,
            "p(90)": 1017.9723424,
            "p(95)": 1024.4007826
        },
        "http_req_connecting": {
            "med": 0,
            "max": 2.022583,
            "p(90)": 0,
            "p(95)": 0,
            "avg": 0.005728137011571356,
            "min": 0
        },
        "vus": {
            "value": 6,
            "min": 6,
            "max": 100
        },
        "http_req_receiving": {
            "p(90)": 0.12188620000000001,
            "p(95)": 0.15468219999999996,
            "avg": 0.08723556699647836,
            "min": 0.012396,
            "med": 0.060809,
            "max": 7.5687
        },
        "http_req_failed": {
            "passes": 0,
            "fails": 5963,
            "thresholds": {
                "rate<0.01": false
            },
            "value": 0
        },
        "http_reqs": {
            "count": 5963,
            "rate": 97.75572596945484,
            "thresholds": {
                "count>1000": false
            }
        }
    }
}