{
    "metrics": {
        "vus_max": {
            "max": 100,
            "value": 100,
            "min": 100
        },
        "http_req_failed": {
            "passes": 0,
            "fails": 5975,
            "thresholds": {
                "rate<0.01": false
            },
            "value": 0
        },
        "http_req_sending": {
            "p(90)": 0.025380200000000002,
            "p(95)": 0.030754800000000002,
            "avg": 0.020424296066945652,
            "min": 0.002759,
            "med": 0.012678,
            "max": 2.37093
        },
        "http_reqs": {
            "count": 5975,
            "rate": 97.95039867650041,
            "thresholds": {
                "count>1000": false
            }
        },
        "http_req_blocked": {
            "avg": 0.020154165188284525,
            "min": 0.00119,
            "med": 0.004627,
            "max": 2.647181,
            "p(90)": 0.008790200000000001,
            "p(95)": 0.010198800000000004
        },
        "data_sent": {
            "count": 626692,
            "rate": 10273.59518784492
        },
        "vus": {
            "value": 7,
            "min": 7,
            "max": 100
        },
        "http_req_waiting": {
            "avg": 13.740817521840944,
            "min": 3.498253,
            "med": 6.880404,
            "max": 318.81768,
            "p(90)": 18.481824600000007,
            "p(95)": 26.897340000000014
        },
        "http_req_duration{expected_response:true}": {
            "avg": 13.848389476317989,
            "min": 3.553257,
            "med": 6.950066,
            "max": 319.022929,
            "p(90)": 18.634920000000008,
            "p(95)": 27.179450100000007
        },
        "http_req_tls_handshaking": {
            "min": 0,
            "med": 0,
            "max": 0,
            "p(90)": 0,
            "p(95)": 0,
            "avg": 0
        },
        "http_req_receiving": {
            "min": 0.01127,
            "med": 0.062099,
            "max": 3.669588,
            "p(90)": 0.1218864,
            "p(95)": 0.16727500000000012,
            "avg": 0.08714765841004198
        },
        "iteration_duration": {
            "avg": 1014.5563636185777,
            "min": 1003.853379,
            "med": 1007.666586,
            "max": 1320.16791,
            "p(90)": 1019.4776414,
            "p(95)": 1027.8068003
        },
        "http_req_duration": {
            "max": 319.022929,
            "p(90)": 18.634920000000008,
            "p(95)": 27.179450100000007,
            "avg": 13.848389476317989,
            "min": 3.553257,
            "med": 6.950066,
            "thresholds": {
                "p(95)<300": false
            }
        },
        "data_received": {
            "count": 53043864,
            "rate": 869567.8035384214
        },
        "http_req_connecting": {
            "med": 0,
            "max": 2.585646,
            "p(90)": 0,
            "p(95)": 0,
            "avg": 0.01242408251046025,
            "min": 0
        },
        "checks": {
            "fails": 0,
            "passes": 11950,
            "value": 1
        },
        "iterations": {
            "count": 5975,
            "rate": 97.95039867650041
        }
    },
    "root_group": {
        "groups": {},
        "checks": {
                "статус 200": {
                    "passes": 5975,
                    "fails": 0,
                    "name": "статус 200",
                    "path": "::статус 200",
                    "id": "63fd587a2004924fac2f18b343720cda"
                },
                "ответ не пустой": {
                    "name": "ответ не пустой",
                    "path": "::ответ не пустой",
                    "id": "1c568cf298ad7d73e64d124a4ad0618f",
                    "passes": 5975,
                    "fails": 0
                }
            },
        "name": "",
        "path": "",
        "id": "d41d8cd98f00b204e9800998ecf8427e"
    }
}