{
    "metrics": {
        "http_req_connecting": {
            "p(95)": 0,
            "avg": 0.011061515171835713,
            "min": 0,
            "med": 0,
            "max": 2.581118,
            "p(90)": 0
        },
        "http_req_tls_handshaking": {
            "max": 0,
            "p(90)": 0,
            "p(95)": 0,
            "avg": 0,
            "min": 0,
            "med": 0
        },
        "http_reqs": {
            "rate": 97.77734312132537,
            "count": 5965,
            "thresholds": {
                "count>1000": false
            }
        },
        "iteration_duration": {
            "max": 1312.843613,
            "p(90)": 1017.7535802,
            "p(95)": 1024.457854,
            "avg": 1015.016503181557,
            "min": 1003.79208,
            "med": 1007.073006
        },
        "http_req_duration": {
            "p(90)": 16.887544200000004,
            "p(95)": 23.842016000000026,
            "avg": 14.297971662699092,
            "min": 3.66189,
            "med": 6.341345,
            "max": 311.400908,
            "thresholds": {
                "p(95)<300": false
            }
        },
        "http_req_failed": {
            "passes": 0,
            "fails": 5965,
            "thresholds": {
                "rate<0.01": false
            },
            "value": 0
        },
        "checks": {
            "passes": 11930,
            "fails": 0,
            "value": 1
        },
        "iterations": {
            "count": 5965,
            "rate": 97.77734312132537
        },
        "http_req_duration{expected_response:true}": {
            "med": 6.341345,
            "max": 311.400908,
            "p(90)": 16.887544200000004,
            "p(95)": 23.842016000000026,
            "avg": 14.297971662699092,
            "min": 3.66189
        },
        "http_req_sending": {
            "max": 1.018047,
            "p(90)": 0.024705600000000008,
            "p(95)": 0.028929400000000004,
            "avg": 0.0175090050293378,
            "min": 0.00299,
            "med": 0.012057
        },
        "http_req_waiting": {
            "max": 311.23252,
            "p(90)": 16.6809344,
            "p(95)": 23.735866600000048,
            "avg": 14.195227247611092,
            "min": 3.616319,
            "med": 6.274531
        },
        "http_req_receiving": {
            "p(95)": 0.1516938,
            "avg": 0.08523541005867545,
            "min": 0.011873,
            "med": 0.059269,
            "max": 12.991159,
            "p(90)": 0.11620980000000009
        },
        "data_sent": {
            "count": 625645,
            "rate": 10255.474574541762
        },
        "http_req_blocked": {
            "max": 2.65544,
            "p(90)": 0.008401,
            "p(95)": 0.0099798,
            "avg": 0.017933990611902796,
            "min": 0.001232,
            "med": 0.004385
        },
        "vus": {
            "value": 5,
            "min": 5,
            "max": 100
        },
        "vus_max": {
            "min": 100,
            "max": 100,
            "value": 100
        },
        "data_received": {
            "count": 52883251,
            "rate": 866853.9444087466
        }
    },
    "root_group": {
        "name": "",
        "path": "",
        "id": "d41d8cd98f00b204e9800998ecf8427e",
        "groups": {},
        "checks": {
                "статус 200": {
                    "name": "статус 200",
                    "path": "::статус 200",
                    "id": "63fd587a2004924fac2f18b343720cda",
                    "passes": 5965,
                    "fails": 0
                },
                "ответ не пустой": {
                    "name": "ответ не пустой",
                    "path": "::ответ не пустой",
                    "id": "1c568cf298ad7d73e64d124a4ad0618f",
                    "passes": 5965,
                    "fails": 0
                }
            }
    }
}