{
    "metrics": {
        "checks": {
            "passes": 11960,
            "fails": 0,
            "value": 1
        },
        "http_req_duration": {
            "max": 162.529194,
            "p(90)": 21.274252700000005,
            "p(95)": 47.12742605000004,
            "avg": 13.430252651003343,
            "min": 3.572614,
            "med": 6.6250775,
            "thresholds": {
                "p(95)<300": false
            }
        },
        "iterations": {
            "count": 5980,
            "rate": 98.08186448241753
        },
        "http_reqs": {
            "count": 5980,
            "rate": 98.08186448241753,
            "thresholds": {
                "count>1000": false
            }
        },
        "vus": {
            "max": 100,
            "value": 100,
            "min": 100
        },
        "vus_max": {
            "max": 100,
            "value": 100,
            "min": 100
        },
        "data_received": {
            "count": 53126671,
            "rate": 871365.0410407996
        },
        "http_req_tls_handshaking": {
            "p(95)": 0,
            "avg": 0,
            "min": 0,
            "med": 0,
            "max": 0,
            "p(90)": 0
        },
        "http_req_waiting": {
            "med": 6.552866,
            "max": 162.274026,
            "p(90)": 21.14063760000001,
            "p(95)": 46.98218230000001,
            "avg": 13.331543940301069,
            "min": 3.507248
        },
        "http_req_failed": {
            "passes": 0,
            "fails": 5980,
            "thresholds": {
                "rate<0.01": false
            },
            "value": 0
        },
        "http_req_connecting": {
            "max": 0.94113,
            "p(90)": 0,
            "p(95)": 0,
            "avg": 0.003579660033444815,
            "min": 0,
            "med": 0
        },
        "http_req_sending": {
            "max": 0.566867,
            "p(90)": 0.024587200000000003,
            "p(95)": 0.028446750000000028,
            "avg": 0.01591799949832772,
            "min": 0.002648,
            "med": 0.012412
        },
        "http_req_duration{expected_response:true}": {
            "p(95)": 47.12742605000004,
            "avg": 13.430252651003343,
            "min": 3.572614,
            "med": 6.6250775,
            "max": 162.529194,
            "p(90)": 21.274252700000005
        },
        "data_sent": {
            "rate": 10287.62306708549,
            "count": 627231
        },
        "http_req_blocked": {
            "min": 0.001055,
            "med": 0.0045615,
            "max": 1.194418,
            "p(90)": 0.008653,
            "p(95)": 0.009971,
            "avg": 0.010546960200668896
        },
        "iteration_duration": {
            "med": 1007.2983624999999,
            "max": 1162.996839,
            "p(90)": 1022.2812473,
            "p(95)": 1047.75551055,
            "avg": 1014.1320897809373,
            "min": 1003.862798
        },
        "http_req_receiving": {
            "avg": 0.08279071120401335,
            "min": 0.014372,
            "med": 0.060161,
            "max": 5.327357,
            "p(90)": 0.11768350000000002,
            "p(95)": 0.15787700000000005
        }
    },
    "root_group": {
        "groups": {},
        "checks": {
                "статус 200": {
                    "name": "статус 200",
                    "path": "::статус 200",
                    "id": "63fd587a2004924fac2f18b343720cda",
                    "passes": 5980,
                    "fails": 0
                },
                "ответ не пустой": {
                    "name": "ответ не пустой",
                    "path": "::ответ не пустой",
                    "id": "1c568cf298ad7d73e64d124a4ad0618f",
                    "passes": 5980,
                    "fails": 0
                }
            },
        "name": "",
        "path": "",
        "id": "d41d8cd98f00b204e9800998ecf8427e"
    }
}