{
    "root_group": {
        "id": "d41d8cd98f00b204e9800998ecf8427e",
        "groups": {},
        "checks": {
                "статус 200": {
                    "name": "статус 200",
                    "path": "::статус 200",
                    "id": "63fd587a2004924fac2f18b343720cda",
                    "passes": 5967,
                    "fails": 0
                },
                "ответ не пустой": {
                    "name": "ответ не пустой",
                    "path": "::ответ не пустой",
                    "id": "1c568cf298ad7d73e64d124a4ad0618f",
                    "passes": 5967,
                    "fails": 0
                }
            },
        "name": "",
        "path": ""
    },
    "metrics": {
        "http_reqs": {
            "count": 5967,
            "rate": 97.80354515547653,
            "thresholds": {
                "count>1000": false
            }
        },
        "http_req_sending": {
            "avg": 0.03506284313725493,
            "min": 0.002664,
            "med": 0.012659,
            "max": 6.86202,
            "p(90)": 0.025564000000000017,
            "p(95)": 0.0318379
        },
        "http_req_duration": {
            "avg": 14.470984658454904,
            "min": 3.566547,
            "med": 6.956136,
            "max": 256.836957,
            "p(90)": 21.25212160000001,
            "p(95)": 32.91252189999999,
            "thresholds": {
                "p(95)<300": false
            }
        },
        "http_req_connecting": {
            "med": 0,
            "max": 5.959053,
            "p(90)": 0,
            "p(95)": 0,
            "avg": 0.02532146354952236,
            "min": 0
        },
        "vus_max": {
            "min": 100,
            "max": 100,
            "value": 100
        },
        "http_req_failed": {
            "passes": 0,
            "fails": 5967,
            "thresholds": {
                "rate<0.01": false
            },
            "value": 0
        },
        "http_req_blocked": {
            "max": 7.569113,
            "p(90)": 0.008794600000000008,
            "p(95)": 0.01061479999999999,
            "avg": 0.03590103100385451,
            "min": 0.001115,
            "med": 0.004572
        },
        "http_req_receiving": {
            "med": 0.062753,
            "max": 7.030645,
            "p(90)": 0.12211180000000002,
            "p(95)": 0.16182799999999997,
            "avg": 0.08962485553879658,
            "min": 0.013751
        },
        "http_req_tls_handshaking": {
            "avg": 0,
            "min": 0,
            "med": 0,
            "max": 0,
            "p(90)": 0,
            "p(95)": 0
        },
        "vus": {
            "value": 9,
            "min": 9,
            "max": 100
        },
        "data_received": {
            "rate": 868015.1339562766,
            "count": 52957654
        },
        "iterations": {
            "count": 5967,
            "rate": 97.80354515547653
        },
        "http_req_waiting": {
            "p(90)": 21.075696,
            "p(95)": 32.70346039999999,
            "avg": 14.346296959778785,
            "min": 3.514843,
            "med": 6.884078,
            "max": 256.710649
        },
        "http_req_duration{expected_response:true}": {
            "min": 3.566547,
            "med": 6.956136,
            "max": 256.836957,
            "p(90)": 21.25212160000001,
            "p(95)": 32.91252189999999,
            "avg": 14.470984658454904
        },
        "checks": {
            "passes": 11934,
            "fails": 0,
            "value": 1
        },
        "data_sent": {
            "count": 625894,
            "rate": 10258.86577703064
        },
        "iteration_duration": {
            "p(90)": 1022.1064616,
            "p(95)": 1033.8894829,
            "avg": 1015.1955280154151,
            "min": 1003.703714,
            "med": 1007.655611,
            "max": 1258.60724
        }
    }
}