{
    "root_group": {
        "name": "",
        "path": "",
        "id": "d41d8cd98f00b204e9800998ecf8427e",
        "groups": {},
        "checks": {
                "статус 200": {
                    "id": "63fd587a2004924fac2f18b343720cda",
                    "passes": 5967,
                    "fails": 0,
                    "name": "статус 200",
                    "path": "::статус 200"
                },
                "ответ не пустой": {
                    "id": "1c568cf298ad7d73e64d124a4ad0618f",
                    "passes": 5967,
                    "fails": 0,
                    "name": "ответ не пустой",
                    "path": "::ответ не пустой"
                }
            }
    },
    "metrics": {
        "http_req_receiving": {
            "avg": 0.09178178867102396,
            "min": 0.015369,
            "med": 0.061797,
            "max": 4.893342,
            "p(90)": 0.12752340000000004,
            "p(95)": 0.18150369999999988
        },
        "vus_max": {
            "value": 100,
            "min": 100,
            "max": 100
        },
        "http_req_failed": {
            "passes": 0,
            "fails": 5967,
            "thresholds": {
                "rate<0.01": false
            },
            "value": 0
        },
        "vus": {
            "min": 100,
            "max": 100,
            "value": 100
        },
        "http_req_connecting": {
            "max": 1.755251,
            "p(90)": 0,
            "p(95)": 0,
            "avg": 0.013278058320764211,
            "min": 0,
            "med": 0
        },
        "iteration_duration": {
            "med": 1007.529208,
            "max": 1164.051513,
            "p(90)": 1027.3724622,
            "p(95)": 1052.3142481999998,
            "avg": 1015.0039758966009,
            "min": 1003.922341
        },
        "data_sent": {
            "count": 625860,
            "rate": 10261.902491112967
        },
        "http_req_waiting": {
            "p(90)": 26.12351680000002,
            "p(95)": 51.086306199999996,
            "avg": 14.191232825372888,
            "min": 3.476865,
            "med": 6.743943,
            "max": 162.121974
        },
        "iterations": {
            "count": 5967,
            "rate": 97.83781063571897
        },
        "http_reqs": {
            "count": 5967,
            "rate": 97.83781063571897,
            "thresholds": {
                "count>1000": false
            }
        },
        "data_received": {
            "count": 52978228,
            "rate": 868656.584360641
        },
        "http_req_duration{expected_response:true}": {
            "p(95)": 51.32582359999998,
            "avg": 14.300331512652889,
            "min": 3.535785,
            "med": 6.818421,
            "max": 162.200082,
            "p(90)": 26.318713600000073
        },
        "http_req_tls_handshaking": {
            "p(95)": 0,
            "avg": 0,
            "min": 0,
            "med": 0,
            "max": 0,
            "p(90)": 0
        },
        "http_req_sending": {
            "max": 3.043517,
            "p(90)": 0.025440200000000007,
            "p(95)": 0.030430399999999996,
            "avg": 0.017316898609016255,
            "min": 0.002529,
            "med": 0.012617
        },
        "http_req_duration": {
            "max": 162.200082,
            "p(90)": 26.318713600000073,
            "p(95)": 51.32582359999998,
            "avg": 14.300331512652889,
            "min": 3.535785,
            "med": 6.818421,
            "thresholds": {
                "p(95)<300": false
            }
        },
        "http_req_blocked": {
            "min": 0.001227,
            "med": 0.00454,
            "max": 1.797647,
            "p(90)": 0.008610200000000002,
            "p(95)": 0.0103501,
            "avg": 0.019664679235796817
        },
        "checks": {
            "passes": 11934,
            "fails": 0,
            "value": 1
        }
    }
}