{
    "metrics": {
        "iteration_duration": {
            "p(90)": 1018.9373992,
            "p(95)": 1039.4065878,
            "avg": 1016.1033405269438,
            "min": 1003.951923,
            "med": 1007.407968,
            "max": 1254.803048
        },
        "http_req_connecting": {
            "avg": 0.006425176263219742,
            "min": 0,
            "med": 0,
            "max": 1.098031,
            "p(90)": 0,
            "p(95)": 0
        },
        "http_req_blocked": {
            "max": 1.114537,
            "p(90)": 0.0086598,
            "p(95)": 0.010255,
            "avg": 0.01245097599462813,
            "min": 0.001149,
            "med": 0.004637
        },
        "http_req_receiving": {
            "max": 8.34881,
            "p(90)": 0.11851740000000001,
            "p(95)": 0.14798419999999998,
            "avg": 0.08556954356219575,
            "min": 0.014754,
            "med": 0.062707
        },
        "checks": {
            "passes": 11914,
            "fails": 0,
            "value": 1
        },
        "http_reqs": {
            "count": 5957,
            "rate": 97.67427102155824,
            "thresholds": {
                "count>1000": false
            }
        },
        "iterations": {
            "rate": 97.67427102155824,
            "count": 5957
        },
        "data_received": {
            "count": 52929245,
            "rate": 867857.2135464926
        },
        "http_req_duration": {
            "min": 3.459571,
            "med": 6.721309,
            "max": 252.95101,
            "p(90)": 18.090822200000005,
            "p(95)": 38.823858199999776,
            "avg": 15.376767389793532,
            "thresholds": {
                "p(95)<300": false
            }
        },
        "http_req_duration{expected_response:true}": {
            "avg": 15.376767389793532,
            "min": 3.459571,
            "med": 6.721309,
            "max": 252.95101,
            "p(90)": 18.090822200000005,
            "p(95)": 38.823858199999776
        },
        "vus": {
            "value": 100,
            "min": 100,
            "max": 100
        },
        "http_req_failed": {
            "passes": 0,
            "fails": 5957,
            "thresholds": {
                "rate<0.01": false
            },
            "value": 0
        },
        "vus_max": {
            "min": 100,
            "max": 100,
            "value": 100
        },
        "http_req_sending": {
            "p(90)": 0.025386400000000003,
            "p(95)": 0.029509599999999997,
            "avg": 0.016484127245257704,
            "min": 0.002833,
            "med": 0.012978,
            "max": 0.568857
        },
        "data_sent": {
            "count": 624837,
            "rate": 10245.173490397414
        },
        "http_req_waiting": {
            "med": 6.65594,
            "max": 252.438195,
            "p(90)": 17.937725000000018,
            "p(95)": 38.75109759999979,
            "avg": 15.274713718986087,
            "min": 3.407847
        },
        "http_req_tls_handshaking": {
            "min": 0,
            "med": 0,
            "max": 0,
            "p(90)": 0,
            "p(95)": 0,
            "avg": 0
        }
    },
    "root_group": {
        "name": "",
        "path": "",
        "id": "d41d8cd98f00b204e9800998ecf8427e",
        "groups": {},
        "checks": {
                "статус 200": {
                    "name": "статус 200",
                    "path": "::статус 200",
                    "id": "63fd587a2004924fac2f18b343720cda",
                    "passes": 5957,
                    "fails": 0
                },
                "ответ не пустой": {
                    "path": "::ответ не пустой",
                    "id": "1c568cf298ad7d73e64d124a4ad0618f",
                    "passes": 5957,
                    "fails": 0,
                    "name": "ответ не пустой"
                }
            }
    }
}