{
    "root_group": {
        "name": "",
        "path": "",
        "id": "d41d8cd98f00b204e9800998ecf8427e",
        "groups": {},
        "checks": {
                "статус 200": {
                    "passes": 5945,
                    "fails": 0,
                    "name": "статус 200",
                    "path": "::статус 200",
                    "id": "63fd587a2004924fac2f18b343720cda"
                },
                "ответ не пустой": {
                    "id": "1c568cf298ad7d73e64d124a4ad0618f",
                    "passes": 5945,
                    "fails": 0,
                    "name": "ответ не пустой",
                    "path": "::ответ не пустой"
                }
            }
    },
    "metrics": {
        "http_req_tls_handshaking": {
            "p(90)": 0,
            "p(95)": 0,
            "avg": 0,
            "min": 0,
            "med": 0,
            "max": 0
        },
        "http_req_duration{expected_response:true}": {
            "avg": 16.317326057190943,
            "min": 3.775403,
            "med": 7.671429,
            "max": 313.468952,
            "p(90)": 18.9390118,
            "p(95)": 28.68465200000001
        },
        "http_req_sending": {
            "avg": 0.019535147182506193,
            "min": 0.00289,
            "med": 0.014396,
            "max": 0.8779,
            "p(90)": 0.026914200000000003,
            "p(95)": 0.0327268
        },
        "http_req_duration": {
            "med": 7.671429,
            "max": 313.468952,
            "p(90)": 18.9390118,
            "p(95)": 28.68465200000001,
            "avg": 16.317326057190943,
            "min": 3.775403,
            "thresholds": {
                "p(95)<300": false
            }
        },
        "vus_max": {
            "min": 100,
            "max": 100,
            "value": 100
        },
        "iteration_duration": {
            "med": 1008.391639,
            "max": 1316.220322,
            "p(90)": 1019.8117914000001,
            "p(95)": 1029.7299952,
            "avg": 1017.0577667268312,
            "min": 1003.945356
        },
        "http_req_connecting": {
            "p(95)": 0,
            "avg": 0.018208603027754417,
            "min": 0,
            "med": 0,
            "max": 2.346623,
            "p(90)": 0
        },
        "http_req_waiting": {
            "avg": 16.205836975946177,
            "min": 3.731031,
            "med": 7.592916,
            "max": 313.327594,
            "p(90)": 18.790690800000004,
            "p(95)": 28.55171200000001
        },
        "iterations": {
            "rate": 97.45155662216175,
            "count": 5945
        },
        "http_req_receiving": {
            "p(90)": 0.1349526,
            "p(95)": 0.17173020000000003,
            "avg": 0.09195393406223731,
            "min": 0.014731,
            "med": 0.068805,
            "max": 4.995658
        },
        "checks": {
            "passes": 11890,
            "fails": 0,
            "value": 1
        },
        "data_sent": {
            "count": 623569,
            "rate": 10221.660170113504
        },
        "http_req_blocked": {
            "med": 0.005092,
            "max": 2.975672,
            "p(90)": 0.009015200000000003,
            "p(95)": 0.010827400000000003,
            "avg": 0.02649106947014305,
            "min": 0.001141
        },
        "http_reqs": {
            "rate": 97.45155662216175,
            "count": 5945,
            "thresholds": {
                "count>1000": false
            }
        },
        "vus": {
            "value": 5,
            "min": 5,
            "max": 100
        },
        "data_received": {
            "count": 52859012,
            "rate": 866474.8529704841
        },
        "http_req_failed": {
            "passes": 0,
            "fails": 5945,
            "thresholds": {
                "rate<0.01": false
            },
            "value": 0
        }
    }
}