{
    "metrics": {
        "checks": {
            "passes": 11954,
            "fails": 0,
            "value": 1
        },
        "iteration_duration": {
            "avg": 1014.212005895769,
            "min": 1003.845498,
            "med": 1006.988116,
            "max": 1316.485273,
            "p(90)": 1016.1629756,
            "p(95)": 1023.6614387999999
        },
        "http_req_duration{expected_response:true}": {
            "avg": 13.496905702861012,
            "min": 3.592501,
            "med": 6.258352,
            "max": 314.336733,
            "p(90)": 15.40212740000001,
            "p(95)": 22.906206999999988
        },
        "vus_max": {
            "value": 100,
            "min": 100,
            "max": 100
        },
        "http_req_failed": {
            "passes": 0,
            "fails": 5977,
            "thresholds": {
                "rate<0.01": false
            },
            "value": 0
        },
        "data_received": {
            "count": 52998361,
            "rate": 868818.9285873786
        },
        "vus": {
            "value": 5,
            "min": 5,
            "max": 100
        },
        "http_req_duration": {
            "avg": 13.496905702861012,
            "min": 3.592501,
            "med": 6.258352,
            "max": 314.336733,
            "p(90)": 15.40212740000001,
            "p(95)": 22.906206999999988,
            "thresholds": {
                "p(95)<300": false
            }
        },
        "http_reqs": {
            "count": 5977,
            "rate": 97.98285528427496,
            "thresholds": {
                "count>1000": false
            }
        },
        "http_req_receiving": {
            "max": 9.929769,
            "p(90)": 0.10874920000000002,
            "p(95)": 0.13752019999999998,
            "avg": 0.0811231115944454,
            "min": 0.012237,
            "med": 0.05787
        },
        "iterations": {
            "count": 5977,
            "rate": 97.98285528427496
        },
        "http_req_sending": {
            "med": 0.011897,
            "max": 1.600155,
            "p(90)": 0.023480400000000002,
            "p(95)": 0.027731399999999993,
            "avg": 0.017626199263844764,
            "min": 0.002581
        },
        "http_req_waiting": {
            "med": 6.189872,
            "max": 314.195001,
            "p(90)": 15.235873800000002,
            "p(95)": 22.660322799999992,
            "avg": 13.3981563920027,
            "min": 3.535817
        },
        "data_sent": {
            "count": 626880,
            "rate": 10276.642516413967
        },
        "http_req_blocked": {
            "med": 0.004317,
            "max": 2.359693,
            "p(90)": 0.008101200000000001,
            "p(95)": 0.0095254,
            "avg": 0.01938658106073285,
            "min": 0.001056
        },
        "http_req_connecting": {
            "avg": 0.013491036473147056,
            "min": 0,
            "med": 0,
            "max": 2.321076,
            "p(90)": 0,
            "p(95)": 0
        },
        "http_req_tls_handshaking": {
            "avg": 0,
            "min": 0,
            "med": 0,
            "max": 0,
            "p(90)": 0,
            "p(95)": 0
        }
    },
    "root_group": {
        "groups": {},
        "checks": {
                "статус 200": {
                    "fails": 0,
                    "name": "статус 200",
                    "path": "::статус 200",
                    "id": "63fd587a2004924fac2f18b343720cda",
                    "passes": 5977
                },
                "ответ не пустой": {
                    "name": "ответ не пустой",
                    "path": "::ответ не пустой",
                    "id": "1c568cf298ad7d73e64d124a4ad0618f",
                    "passes": 5977,
                    "fails": 0
                }
            },
        "name": "",
        "path": "",
        "id": "d41d8cd98f00b204e9800998ecf8427e"
    }
}