{
    "root_group": {
        "checks": {
            "статус 200": {
                "passes": 5931,
                "fails": 0,
                "name": "статус 200",
                "path": "::статус 200",
                "id": "63fd587a2004924fac2f18b343720cda"
            },
            "ответ не пустой": {
                "fails": 0,
                "name": "ответ не пустой",
                "path": "::ответ не пустой",
                "id": "1c568cf298ad7d73e64d124a4ad0618f",
                "passes": 5931
            }
        },
        "name": "",
        "path": "",
        "id": "d41d8cd98f00b204e9800998ecf8427e",
        "groups": {}
    },
    "metrics": {
        "iteration_duration": {
            "p(90)": 1019.404396,
            "p(95)": 1031.6960095,
            "avg": 1018.2159156235045,
            "min": 1003.645417,
            "med": 1007.264146,
            "max": 1401.473872
        },
        "iterations": {
            "count": 5931,
            "rate": 97.23094749049751
        },
        "http_req_blocked": {
            "med": 0.004405,
            "max": 4.017477,
            "p(90)": 0.008357,
            "p(95)": 0.010131999999999999,
            "avg": 0.03354296712190199,
            "min": 0.001066
        },
        "vus": {
            "max": 100,
            "value": 5,
            "min": 5
        },
        "vus_max": {
            "min": 100,
            "max": 100,
            "value": 100
        },
        "http_req_receiving": {
            "max": 7.697544,
            "p(90)": 0.117343,
            "p(95)": 0.151876,
            "avg": 0.0871234614736131,
            "min": 0.012907,
            "med": 0.059407
        },
        "checks": {
            "fails": 0,
            "passes": 11862,
            "value": 1
        },
        "http_req_connecting": {
            "min": 0,
            "med": 0,
            "max": 3.952567,
            "p(90)": 0,
            "p(95)": 0,
            "avg": 0.025862635306019205
        },
        "http_req_waiting": {
            "min": 3.350798,
            "med": 6.491832,
            "max": 397.133254,
            "p(90)": 18.397533,
            "p(95)": 30.6103755,
            "avg": 17.365486133535715
        },
        "http_req_duration{expected_response:true}": {
            "avg": 17.47472136165912,
            "min": 3.411843,
            "med": 6.565304,
            "max": 397.798644,
            "p(90)": 18.522633,
            "p(95)": 30.841454
        },
        "http_req_tls_handshaking": {
            "avg": 0,
            "min": 0,
            "med": 0,
            "max": 0,
            "p(90)": 0,
            "p(95)": 0
        },
        "data_sent": {
            "count": 622122,
            "rate": 10198.87228370988
        },
        "http_reqs": {
            "count": 5931,
            "rate": 97.23094749049751,
            "thresholds": {
                "count>1000": false
            }
        },
        "http_req_sending": {
            "avg": 0.022111766649806172,
            "min": 0.002796,
            "med": 0.012041,
            "max": 1.183076,
            "p(90)": 0.024297,
            "p(95)": 0.030179
        },
        "http_req_duration": {
            "p(95)": 30.841454,
            "avg": 17.47472136165912,
            "min": 3.411843,
            "med": 6.565304,
            "max": 397.798644,
            "p(90)": 18.522633,
            "thresholds": {
                "p(95)<300": false
            }
        },
        "http_req_failed": {
            "passes": 0,
            "fails": 5931,
            "thresholds": {
                "rate<0.01": false
            },
            "value": 0
        },
        "data_received": {
            "count": 52660163,
            "rate": 863294.1398573664
        }
    }
}