{
    "metrics": {
        "http_req_connecting": {
            "avg": 0.08787746722222223,
            "min": 0,
            "med": 0,
            "max": 9.513761,
            "p(90)": 0,
            "p(95)": 0
        },
        "http_req_waiting": {
            "p(90)": 169.11897410000003,
            "p(95)": 188.63896575,
            "avg": 121.52232499222252,
            "min": 19.974866,
            "med": 116.687959,
            "max": 694.186463
        },
        "http_req_receiving": {
            "p(95)": 0.15914465000000003,
            "avg": 0.08978755074074067,
            "min": 0.022977,
            "med": 0.07713,
            "max": 2.954073,
            "p(90)": 0.12021960000000002
        },
        "iteration_duration": {
            "avg": 1122.66041596463,
            "min": 1021.3771,
            "med": 1117.5179705,
            "max": 1706.71624,
            "p(90)": 1170.3071149,
            "p(95)": 1189.75560285
        },
        "iterations": {
            "count": 5400,
            "rate": 88.58404599666548
        },
        "http_req_duration{expected_response:true}": {
            "max": 694.506251,
            "p(90)": 169.313508,
            "p(95)": 188.76440645000002,
            "avg": 121.66402270555577,
            "min": 20.063209,
            "med": 116.7842245
        },
        "http_req_sending": {
            "avg": 0.05191016259259274,
            "min": 0.006763,
            "med": 0.016767499999999998,
            "max": 9.662329,
            "p(90)": 0.05156960000000001,
            "p(95)": 0.07135260000000003
        },
        "checks": {
            "passes": 10800,
            "fails": 0,
            "value": 1
        },
        "http_req_tls_handshaking": {
            "p(95)": 0,
            "avg": 0,
            "min": 0,
            "med": 0,
            "max": 0,
            "p(90)": 0
        },
        "http_reqs": {
            "count": 5400,
            "rate": 88.58404599666548,
            "thresholds": {
                "count>1000": false
            }
        },
        "http_req_duration": {
            "avg": 121.66402270555577,
            "min": 20.063209,
            "med": 116.7842245,
            "max": 694.506251,
            "p(90)": 169.313508,
            "p(95)": 188.76440645000002,
            "thresholds": {
                "p(95)<300": false
            }
        },
        "data_received": {
            "count": 4651663,
            "rate": 76307.98688018277
        },
        "data_sent": {
            "count": 465720,
            "rate": 7639.881833623528
        },
        "http_req_failed": {
            "passes": 0,
            "fails": 5400,
            "thresholds": {
                "rate<0.01": false
            },
            "value": 0
        },
        "vus_max": {
            "value": 100,
            "min": 100,
            "max": 100
        },
        "vus": {
            "max": 100,
            "value": 100,
            "min": 100
        },
        "http_req_blocked": {
            "min": 0.002497,
            "med": 0.005842,
            "max": 13.535641,
            "p(90)": 0.015431000000000004,
            "p(95)": 0.021226250000000016,
            "avg": 0.10867333092592597
        }
    },
    "root_group": {
        "checks": {
            "статус 200": {
                "passes": 5400,
                "fails": 0,
                "name": "статус 200",
                "path": "::статус 200",
                "id": "63fd587a2004924fac2f18b343720cda"
            },
            "ответ содержит orderId": {
                "name": "ответ содержит orderId",
                "path": "::ответ содержит orderId",
                "id": "9b0caa480d77dd97e7e57f2f6d3f304a",
                "passes": 5400,
                "fails": 0
            }
        },
        "name": "",
        "path": "",
        "id": "d41d8cd98f00b204e9800998ecf8427e",
        "groups": {}
    }
}