{
    "root_group": {
        "name": "",
        "path": "",
        "id": "d41d8cd98f00b204e9800998ecf8427e",
        "groups": {},
        "checks": {
                "статус 200": {
                    "path": "::статус 200",
                    "id": "63fd587a2004924fac2f18b343720cda",
                    "passes": 5401,
                    "fails": 0,
                    "name": "статус 200"
                },
                "ответ содержит orderId": {
                    "id": "9b0caa480d77dd97e7e57f2f6d3f304a",
                    "passes": 5401,
                    "fails": 0,
                    "name": "ответ содержит orderId",
                    "path": "::ответ содержит orderId"
                }
            }
    },
    "metrics": {
        "checks": {
            "fails": 0,
            "passes": 10802,
            "value": 1
        },
        "http_req_duration{expected_response:true}": {
            "avg": 123.27984407331955,
            "min": 21.349291,
            "med": 115.643185,
            "max": 751.527658,
            "p(90)": 176.240611,
            "p(95)": 198.980247
        },
        "vus_max": {
            "value": 100,
            "min": 100,
            "max": 100
        },
        "http_req_receiving": {
            "max": 1.873303,
            "p(90)": 0.12802,
            "p(95)": 0.169121,
            "avg": 0.09326640307350477,
            "min": 0.020119,
            "med": 0.080795
        },
        "vus": {
            "value": 15,
            "min": 15,
            "max": 100
        },
        "http_req_blocked": {
            "p(90)": 0.01512,
            "p(95)": 0.023218,
            "avg": 0.07153427106091476,
            "min": 0.002159,
            "med": 0.006135,
            "max": 6.312177
        },
        "data_sent": {
            "count": 465773,
            "rate": 7628.173432710213
        },
        "data_received": {
            "count": 4658882,
            "rate": 76300.60114805242
        },
        "http_reqs": {
            "count": 5401,
            "rate": 88.45460065325354,
            "thresholds": {
                "count>1000": false
            }
        },
        "http_req_connecting": {
            "avg": 0.05424961136826512,
            "min": 0,
            "med": 0,
            "max": 6.251563,
            "p(90)": 0,
            "p(95)": 0
        },
        "http_req_duration": {
            "avg": 123.27984407331955,
            "min": 21.349291,
            "med": 115.643185,
            "max": 751.527658,
            "p(90)": 176.240611,
            "p(95)": 198.980247,
            "thresholds": {
                "p(95)<300": false
            }
        },
        "http_req_failed": {
            "passes": 0,
            "fails": 5401,
            "thresholds": {
                "rate<0.01": false
            },
            "value": 0
        },
        "http_req_waiting": {
            "p(95)": 198.834526,
            "avg": 123.14208696278509,
            "min": 21.27839,
            "med": 115.521989,
            "max": 749.843831,
            "p(90)": 176.133455
        },
        "http_req_tls_handshaking": {
            "avg": 0,
            "min": 0,
            "med": 0,
            "max": 0,
            "p(90)": 0,
            "p(95)": 0
        },
        "iterations": {
            "count": 5401,
            "rate": 88.45460065325354
        },
        "iteration_duration": {
            "med": 1116.630038,
            "max": 1753.138004,
            "p(90)": 1177.213281,
            "p(95)": 1199.859967,
            "avg": 1124.2558987741131,
            "min": 1021.879545
        },
        "http_req_sending": {
            "min": 0.006478,
            "med": 0.017875,
            "max": 5.455263,
            "p(90)": 0.052663,
            "p(95)": 0.07371,
            "avg": 0.04449070746158118
        }
    }
}