{
    "root_group": {
        "id": "d41d8cd98f00b204e9800998ecf8427e",
        "groups": {},
        "checks": {
                "статус 200": {
                    "name": "статус 200",
                    "path": "::статус 200",
                    "id": "63fd587a2004924fac2f18b343720cda",
                    "passes": 5800,
                    "fails": 0
                },
                "ответ не пустой": {
                    "id": "1c568cf298ad7d73e64d124a4ad0618f",
                    "passes": 5800,
                    "fails": 0,
                    "name": "ответ не пустой",
                    "path": "::ответ не пустой"
                }
            },
        "name": "",
        "path": ""
    },
    "metrics": {
        "vus": {
            "max": 100,
            "value": 100,
            "min": 100
        },
        "data_sent": {
            "count": 608361,
            "rate": 9999.521778703129
        },
        "http_reqs": {
            "count": 5800,
            "rate": 95.33357055511144,
            "thresholds": {
                "count>1000": false
            }
        },
        "data_received": {
            "count": 37169780,
            "rate": 610953.0765772362
        },
        "iteration_duration": {
            "p(95)": 1104.815595,
            "avg": 1045.9510055477558,
            "min": 1011.065703,
            "med": 1034.0063745000002,
            "max": 1424.622483,
            "p(90)": 1083.1372167999998
        },
        "http_req_waiting": {
            "avg": 44.8442538065517,
            "min": 10.402612,
            "med": 32.832584999999995,
            "max": 422.644991,
            "p(90)": 81.93838740000001,
            "p(95)": 104.08144480000001
        },
        "http_req_duration{expected_response:true}": {
            "p(90)": 82.08684670000001,
            "p(95)": 104.21407535000002,
            "avg": 44.98930467051721,
            "min": 10.487192,
            "med": 32.9499025,
            "max": 422.886177
        },
        "http_req_duration": {
            "min": 10.487192,
            "med": 32.9499025,
            "max": 422.886177,
            "p(90)": 82.08684670000001,
            "p(95)": 104.21407535000002,
            "avg": 44.98930467051721,
            "thresholds": {
                "p(95)<300": false
            }
        },
        "checks": {
            "passes": 11600,
            "fails": 0,
            "value": 1
        },
        "vus_max": {
            "min": 100,
            "max": 100,
            "value": 100
        },
        "http_req_blocked": {
            "med": 0.005650499999999999,
            "max": 7.370606,
            "p(90)": 0.012759200000000007,
            "p(95)": 0.018536550000000006,
            "avg": 0.024045270862068917,
            "min": 0.002146
        },
        "http_req_receiving": {
            "p(95)": 0.3072858000000001,
            "avg": 0.11562123724137917,
            "min": 0.021762,
            "med": 0.07576250000000001,
            "max": 2.760618,
            "p(90)": 0.2073674000000002
        },
        "iterations": {
            "count": 5800,
            "rate": 95.33357055511144
        },
        "http_req_connecting": {
            "max": 5.612985,
            "p(90)": 0,
            "p(95)": 0,
            "avg": 0.009606189482758619,
            "min": 0,
            "med": 0
        },
        "http_req_sending": {
            "avg": 0.02942962672413807,
            "min": 0.005633,
            "med": 0.0163665,
            "max": 3.93057,
            "p(90)": 0.043614900000000054,
            "p(95)": 0.06349280000000002
        },
        "http_req_failed": {
            "passes": 0,
            "fails": 5800,
            "thresholds": {
                "rate<0.01": false
            },
            "value": 0
        },
        "http_req_tls_handshaking": {
            "med": 0,
            "max": 0,
            "p(90)": 0,
            "p(95)": 0,
            "avg": 0,
            "min": 0
        }
    }
}