{
    "root_group": {
        "checks": {
            "статус 200": {
                "name": "статус 200",
                "path": "::статус 200",
                "id": "63fd587a2004924fac2f18b343720cda",
                "passes": 5733,
                "fails": 0
            },
            "ответ не пустой": {
                "passes": 5733,
                "fails": 0,
                "name": "ответ не пустой",
                "path": "::ответ не пустой",
                "id": "1c568cf298ad7d73e64d124a4ad0618f"
            }
        },
        "name": "",
        "path": "",
        "id": "d41d8cd98f00b204e9800998ecf8427e",
        "groups": {}
    },
    "metrics": {
        "checks": {
            "passes": 11466,
            "fails": 0,
            "value": 1
        },
        "data_received": {
            "count": 36694523,
            "rate": 600797.9703933605
        },
        "http_reqs": {
            "rate": 93.86618172595227,
            "count": 5733,
            "thresholds": {
                "count>1000": false
            }
        },
        "http_req_blocked": {
            "med": 0.005753,
            "max": 4.45171,
            "p(90)": 0.0159346,
            "p(95)": 0.020309199999999996,
            "avg": 0.022340519972091456,
            "min": 0.001585
        },
        "vus_max": {
            "value": 100,
            "min": 100,
            "max": 100
        },
        "http_req_sending": {
            "max": 6.778318,
            "p(90)": 0.0520506,
            "p(95)": 0.07419179999999988,
            "avg": 0.03452114739229021,
            "min": 0.004367,
            "med": 0.016952
        },
        "http_req_connecting": {
            "p(95)": 0,
            "avg": 0.004454163439734868,
            "min": 0,
            "med": 0,
            "max": 0.901599,
            "p(90)": 0
        },
        "http_req_receiving": {
            "avg": 0.13817216466073579,
            "min": 0.02142,
            "med": 0.077919,
            "max": 20.271579,
            "p(90)": 0.2274976,
            "p(95)": 0.32958859999999973
        },
        "data_sent": {
            "count": 601322,
            "rate": 9845.421267715521
        },
        "iteration_duration": {
            "p(95)": 1121.6909294,
            "avg": 1053.0189533455437,
            "min": 1010.585403,
            "med": 1040.527135,
            "max": 1413.807461,
            "p(90)": 1098.2906434000001
        },
        "http_req_waiting": {
            "avg": 51.760212807605164,
            "min": 10.226062,
            "med": 39.254104,
            "max": 411.605731,
            "p(90)": 96.3281216,
            "p(95)": 120.01129519999998
        },
        "iterations": {
            "count": 5733,
            "rate": 93.86618172595227
        },
        "http_req_duration": {
            "avg": 51.93290611965809,
            "min": 10.314021,
            "med": 39.403176,
            "max": 411.729106,
            "p(90)": 96.68341460000005,
            "p(95)": 120.0690572,
            "thresholds": {
                "p(95)<300": false
            }
        },
        "vus": {
            "value": 16,
            "min": 16,
            "max": 100
        },
        "http_req_failed": {
            "fails": 5733,
            "passes": 0,
            "thresholds": {
                "rate<0.01": false
            },
            "value": 0
        },
        "http_req_duration{expected_response:true}": {
            "avg": 51.93290611965809,
            "min": 10.314021,
            "med": 39.403176,
            "max": 411.729106,
            "p(90)": 96.68341460000005,
            "p(95)": 120.0690572
        },
        "http_req_tls_handshaking": {
            "avg": 0,
            "min": 0,
            "med": 0,
            "max": 0,
            "p(90)": 0,
            "p(95)": 0
        }
    }
}