{
    "metrics": {
        "http_req_tls_handshaking": {
            "avg": 0,
            "min": 0,
            "med": 0,
            "max": 0,
            "p(90)": 0,
            "p(95)": 0
        },
        "http_req_failed": {
            "passes": 1,
            "fails": 5635,
            "thresholds": {
                "rate<0.01": false
            },
            "value": 0.000177430801987225
        },
        "http_reqs": {
            "count": 5636,
            "rate": 92.27704973171741,
            "thresholds": {
                "count>1000": false
            }
        },
        "http_req_duration": {
            "avg": 70.2732091726402,
            "min": 9.186484,
            "med": 61.7503205,
            "max": 531.531694,
            "p(90)": 117.3335755,
            "p(95)": 136.21071475,
            "thresholds": {
                "p(95)<300": false
            }
        },
        "http_req_duration{expected_response:true}": {
            "p(90)": 117.31004520000002,
            "p(95)": 136.1133555,
            "avg": 70.25646038757763,
            "min": 9.186484,
            "med": 61.74716,
            "max": 531.531694
        },
        "data_sent": {
            "count": 591124,
            "rate": 9678.349670974401
        },
        "http_req_waiting": {
            "p(90)": 117.09229450000001,
            "p(95)": 136.03177150000002,
            "avg": 70.06056283747319,
            "min": 9.076874,
            "med": 61.554391,
            "max": 531.446088
        },
        "checks": {
            "passes": 11270,
            "fails": 2,
            "value": 0.9998225691980128
        },
        "vus_max": {
            "value": 100,
            "min": 100,
            "max": 100
        },
        "http_req_connecting": {
            "p(90)": 0,
            "p(95)": 0,
            "avg": 0.01751979311568489,
            "min": 0,
            "med": 0,
            "max": 46.646522
        },
        "data_received": {
            "count": 36062247,
            "rate": 590439.6309184665
        },
        "iteration_duration": {
            "max": 1534.428569,
            "p(90)": 1119.3765684999998,
            "p(95)": 1139.18384775,
            "avg": 1071.9376499254802,
            "min": 1010.021418,
            "med": 1062.9882155
        },
        "http_req_sending": {
            "avg": 0.06367517618878646,
            "min": 0.006226,
            "med": 0.020963000000000002,
            "max": 59.907102,
            "p(90)": 0.0633885,
            "p(95)": 0.1119925
        },
        "http_req_receiving": {
            "avg": 0.14897115897799904,
            "min": 0.021387,
            "med": 0.078183,
            "max": 34.082807,
            "p(90)": 0.238939,
            "p(95)": 0.344117
        },
        "vus": {
            "max": 100,
            "value": 14,
            "min": 14
        },
        "http_req_blocked": {
            "avg": 0.04046219801277506,
            "min": 0.002206,
            "med": 0.007017,
            "max": 46.694424,
            "p(90)": 0.018526,
            "p(95)": 0.02351325
        },
        "iterations": {
            "count": 5636,
            "rate": 92.27704973171741
        }
    },
    "root_group": {
        "name": "",
        "path": "",
        "id": "d41d8cd98f00b204e9800998ecf8427e",
        "groups": {},
        "checks": {
                "статус 200": {
                    "name": "статус 200",
                    "path": "::статус 200",
                    "id": "63fd587a2004924fac2f18b343720cda",
                    "passes": 5635,
                    "fails": 1
                },
                "ответ не пустой": {
                    "name": "ответ не пустой",
                    "path": "::ответ не пустой",
                    "id": "1c568cf298ad7d73e64d124a4ad0618f",
                    "passes": 5635,
                    "fails": 1
                }
            }
    }
}