{
    "metrics": {
        "vus_max": {
            "max": 100,
            "value": 100,
            "min": 100
        },
        "http_req_duration{expected_response:true}": {
            "min": 9.631863,
            "med": 47.9134635,
            "max": 371.317753,
            "p(90)": 131.722056,
            "p(95)": 165.84916425,
            "avg": 64.24226290643679
        },
        "http_req_failed": {
            "passes": 0,
            "fails": 5686,
            "thresholds": {
                "rate<0.01": false
            },
            "value": 0
        },
        "checks": {
            "passes": 11372,
            "fails": 0,
            "value": 1
        },
        "vus": {
            "value": 18,
            "min": 18,
            "max": 100
        },
        "http_req_receiving": {
            "min": 0.021523,
            "med": 0.0755525,
            "max": 6.353595,
            "p(90)": 0.209797,
            "p(95)": 0.31534999999999996,
            "avg": 0.12097837108688049
        },
        "iteration_duration": {
            "p(95)": 1167.850772,
            "avg": 1065.617354137353,
            "min": 1009.971324,
            "med": 1048.9634274999999,
            "max": 1384.770878,
            "p(90)": 1133.419418
        },
        "http_req_connecting": {
            "med": 0,
            "max": 90.911929,
            "p(90)": 0,
            "p(95)": 0,
            "avg": 0.15948202567710168,
            "min": 0
        },
        "http_req_tls_handshaking": {
            "avg": 0,
            "min": 0,
            "med": 0,
            "max": 0,
            "p(90)": 0,
            "p(95)": 0
        },
        "iterations": {
            "count": 5686,
            "rate": 93.18839665410016
        },
        "data_sent": {
            "count": 596390,
            "rate": 9774.292627600913
        },
        "http_reqs": {
            "count": 5686,
            "rate": 93.18839665410016,
            "thresholds": {
                "count>1000": false
            }
        },
        "http_req_blocked": {
            "avg": 0.20948425536405177,
            "min": 0.001842,
            "med": 0.005987,
            "max": 100.453906,
            "p(90)": 0.016987500000000003,
            "p(95)": 0.021367
        },
        "http_req_sending": {
            "min": 0.006115,
            "med": 0.0175435,
            "max": 19.092065,
            "p(90)": 0.055650500000000006,
            "p(95)": 0.0944065,
            "avg": 0.12161098170946136
        },
        "data_received": {
            "count": 36426301,
            "rate": 596994.1235015204
        },
        "http_req_waiting": {
            "avg": 63.99967355364066,
            "min": 9.546158,
            "med": 47.7715395,
            "max": 362.873571,
            "p(90)": 131.1370725,
            "p(95)": 165.66411425
        },
        "http_req_duration": {
            "avg": 64.24226290643679,
            "min": 9.631863,
            "med": 47.9134635,
            "max": 371.317753,
            "p(90)": 131.722056,
            "p(95)": 165.84916425,
            "thresholds": {
                "p(95)<300": false
            }
        }
    },
    "root_group": {
        "id": "d41d8cd98f00b204e9800998ecf8427e",
        "groups": {},
        "checks": {
                "статус 200": {
                    "name": "статус 200",
                    "path": "::статус 200",
                    "id": "63fd587a2004924fac2f18b343720cda",
                    "passes": 5686,
                    "fails": 0
                },
                "ответ не пустой": {
                    "passes": 5686,
                    "fails": 0,
                    "name": "ответ не пустой",
                    "path": "::ответ не пустой",
                    "id": "1c568cf298ad7d73e64d124a4ad0618f"
                }
            },
        "name": "",
        "path": ""
    }
}